Id,OtherPercent,EquityPercent,FixedIncomePercent,MutualFundsPercent,MunicipalsPercent,CommoditiesPercent,ManagedMoneyPercent,InsurancePercent,AnnuityPercent,FinancialPlanningAndConsultingPercent,OtherServicesPercent
1,0.0,0.0,0.0,29.0,0.0,4.0,57.0,0.0,10.0,0.0,0.0
2,0.0,50.0,20.0,20.0,5.0,0.0,5.0,0.0,0.0,0.0,0.0
4,0.0,20.0,20.0,50.0,8.0,0.0,0.0,0.0,0.0,2.0,0.0
5,0.0,20.0,20.0,50.0,8.0,0.0,0.0,0.0,0.0,2.0,0.0
6,0.0,15.0,0.0,25.0,5.0,0.0,20.0,10.0,0.0,25.0,0.0
7,0.0,5.0,8.0,53.0,0.0,0.0,22.0,2.0,9.0,1.0,0.0
8,0.0,0.0,0.0,50.0,0.0,0.0,0.0,5.0,0.0,5.0,40.0
9,0.0,0.0,0.0,10.0,0.0,0.0,0.0,0.0,0.0,50.0,40.0
12,0.0,0.0,0.0,0.0,0.0,0.0,80.0,0.0,0.0,20.0,0.0
13,0.0,0.0,0.0,0.0,0.0,0.0,80.0,0.0,0.0,20.0,0.0
14,0.0,0.0,0.0,0.0,0.0,0.0,80.0,0.0,0.0,20.0,0.0
15,0.0,34.0,3.0,34.0,3.0,0.0,0.0,3.0,3.0,0.0,20.0
16,0.0,15.0,0.0,30.0,0.0,5.0,33.0,5.0,0.0,10.0,2.0
17,0.0,0.0,0.0,0.0,0.0,0.0,100.0,0.0,0.0,0.0,0.0
18,0.0,10.0,2.0,14.0,5.0,1.0,60.0,3.0,0.0,5.0,0.0
19,0.0,10.0,2.0,14.0,5.0,1.0,60.0,3.0,0.0,5.0,0.0
20,0.0,0.0,0.0,0.0,0.0,0.0,95.0,0.0,3.0,2.0,0.0
21,0.0,0.0,0.0,0.0,0.0,0.0,95.0,0.0,3.0,2.0,0.0
22,0.0,77.0,0.0,9.0,0.0,0.0,0.0,14.0,0.0,0.0,0.0
23,0.0,77.0,0.0,9.0,0.0,0.0,0.0,14.0,0.0,0.0,0.0
24,0.0,40.0,6.0,9.0,0.0,0.0,20.0,10.0,15.0,0.0,0.0
25,0.0,0.45,6.51,14.83,0.18,0.0,47.95,0.05,18.39,0.0,0.21
26,0.0,1.55,6.3,16.94,0.11,0.0,58.5,0.1,16.3,0.0,0.2
27,0.0,1.32,7.24,8.59,0.07,0.32,65.95,0.07,16.44,0.0,0.0
28,0.0,17.57,3.38,0.53,0.0,0.0,42.81,27.45,7.57,0.0,0.69
29,0.0,11.53,1.51,1.26,0.0,0.0,72.01,1.1,11.47,0.0,1.11
30,0.0,11.82,1.84,1.25,0.0,0.0,79.2,1.37,3.51,0.0,1.01
31,0.0,2.45,0.14,25.07,1.84,0.0,10.56,0.13,59.68,0.0,0.13
32,0.0,2.0,2.0,1.0,1.0,0.0,94.0,0.0,0.0,0.0,0.0
33,0.0,10.0,5.0,25.0,0.0,0.0,50.0,0.0,5.0,0.0,0.0
34,0.0,65.0,0.0,15.0,0.0,0.0,0.0,0.0,0.0,20.0,0.0
36,0.0,0.05,2.35,65.77,0.0,0.0,3.12,0.0,22.33,0.0,6.38
37,0.0,15.0,15.0,50.0,0.0,0.0,10.0,0.0,10.0,0.0,0.0
38,0.0,7.0,6.0,7.0,0.0,0.0,80.0,0.0,0.0,0.0,0.0
39,0.0,77.0,0.0,9.0,0.0,0.0,0.0,14.0,0.0,0.0,0.0
40,0.0,0.0,0.0,75.0,10.0,0.0,10.0,0.0,0.0,0.0,5.0
41,0.0,0.0,0.0,75.0,10.0,0.0,10.0,0.0,0.0,0.0,5.0
42,0.0,4.0,5.0,73.0,4.0,0.0,0.0,0.0,14.0,0.0,0.0
43,0.0,0.0,0.0,0.0,0.0,0.0,100.0,0.0,0.0,0.0,0.0
45,0.0,0.0,0.0,0.0,0.0,0.0,100.0,0.0,0.0,0.0,0.0
46,0.0,0.0,0.0,0.0,0.0,0.0,100.0,0.0,0.0,0.0,0.0
47,0.0,0.0,0.0,15.0,0.0,5.0,15.0,14.0,50.0,1.0,0.0
48,0.0,0.0,0.0,14.0,0.0,0.0,40.0,1.0,25.0,20.0,0.0
49,0.0,0.0,0.0,80.0,0.0,0.0,9.0,0.0,11.0,0.0,0.0
50,0.0,1.5,1.5,20.0,0.0,0.0,75.0,2.0,0.0,0.0,0.0
51,0.0,1.5,1.5,20.0,0.0,0.0,75.0,0.0,2.0,0.0,0.0
52,0.0,1.5,1.5,20.0,0.0,0.0,75.0,0.0,2.0,0.0,0.0
53,0.0,0.0,0.0,0.0,0.0,0.0,94.0,0.0,1.0,5.0,0.0
54,0.0,0.03,0.02,6.35,0.0,23.23,25.42,0.97,43.2,0.0,0.78
55,0.0,0.0,0.0,56.0,0.0,0.0,0.0,0.0,0.0,44.0,0.0
56,0.0,0.0,0.0,5.0,0.0,0.0,0.0,45.0,45.0,0.0,5.0
58,0.0,45.0,12.0,25.0,15.0,3.0,0.0,0.0,0.0,0.0,0.0
59,0.0,70.0,20.0,5.0,5.0,0.0,0.0,0.0,0.0,0.0,0.0
60,0.0,0.0,0.0,0.0,0.0,0.0,90.0,0.0,6.0,4.0,0.0
61,0.0,0.0,0.0,0.0,0.0,0.0,90.0,0.0,6.0,4.0,0.0
62,0.0,0.0,0.0,0.0,0.0,0.0,55.0,34.0,8.0,0.0,3.0
63,0.0,65.0,30.0,0.0,5.0,0.0,0.0,0.0,0.0,0.0,0.0
64,0.0,0.0,0.0,70.0,0.0,30.0,0.0,0.0,0.0,0.0,0.0
65,0.0,3.0,0.0,10.0,2.0,5.0,20.0,0.0,60.0,0.0,0.0
66,0.0,10.0,10.0,10.0,10.0,10.0,10.0,10.0,10.0,10.0,10.0
67,0.0,0.0,0.0,95.0,0.0,0.0,0.0,0.0,0.0,5.0,0.0
68,0.0,40.0,0.0,15.0,0.0,5.0,5.0,10.0,25.0,0.0,0.0
69,0.0,33.0,15.0,15.0,5.0,0.0,32.0,0.0,0.0,0.0,0.0
70,0.0,15.0,10.0,5.0,5.0,0.0,65.0,0.0,0.0,0.0,0.0
71,0.0,40.0,0.0,40.0,0.0,0.0,0.0,0.0,0.0,20.0,0.0
72,0.0,0.5,1.5,7.5,0.75,0.0,73.0,0.5,16.25,0.0,0.0
73,0.0,1.0,1.2,9.5,0.75,0.0,72.0,0.5,15.0,0.0,0.0
74,0.0,7.0,0.0,15.0,0.0,0.0,70.0,1.0,7.0,0.0,0.0
75,0.0,0.0,0.0,50.0,0.0,0.0,50.0,0.0,0.0,0.0,0.0
76,0.0,0.0,0.0,27.5,0.0,0.0,3.0,3.94,22.85,0.0,42.71
77,0.0,0.0,0.0,6.0,0.0,0.0,23.0,47.0,24.0,0.0,0.0
78,0.0,0.0,0.0,49.0,0.0,0.0,50.0,0.0,0.0,1.0,0.0
79,0.0,0.0,0.0,27.5,0.0,0.0,3.0,3.94,22.85,0.0,42.71
80,0.0,0.0,0.0,12.03,0.0,32.76,31.8,15.3,6.11,2.0,0.0
81,0.0,0.0,28.8,0.0,0.0,0.0,61.2,10.0,0.0,0.0,0.0
82,0.0,0.0,0.0,0.0,0.0,0.0,100.0,0.0,0.0,0.0,0.0
83,0.0,17.27,11.7,13.7,6.03,0.0,40.3,0.0,7.0,4.0,0.0
84,0.0,16.27,15.7,11.7,6.03,0.0,46.3,0.0,4.0,0.0,0.0
85,0.0,10.67,24.3,8.7,6.03,0.0,46.3,0.0,4.0,0.0,0.0
86,0.0,0.0,0.0,15.1,0.0,0.0,82.6,0.3,2.0,0.0,0.0
87,0.0,25.0,30.0,25.0,0.0,0.0,15.0,0.0,0.0,0.0,5.0
88,0.0,0.0,0.0,0.0,0.0,0.0,98.0,0.0,0.0,2.0,0.0
89,0.0,0.0,0.0,0.0,0.0,0.0,98.0,0.0,0.0,2.0,0.0
90,0.0,28.0,10.0,10.0,5.0,0.0,45.0,0.0,2.0,0.0,0.0
91,0.0,30.0,5.0,10.0,5.0,0.0,40.0,5.0,5.0,0.0,0.0
92,0.0,0.04,1.07,11.76,0.32,0.0,75.05,0.0,11.76,0.0,0.0
93,0.0,0.0,25.0,75.0,0.0,0.0,0.0,0.0,0.0,0.0,0.0
94,0.0,0.0,5.0,11.0,0.0,4.0,67.0,1.0,0.0,6.0,6.0
95,0.0,0.0,0.0,0.0,0.0,0.0,90.0,8.0,0.0,2.0,0.0
96,0.0,35.0,25.0,21.0,10.0,2.0,0.0,0.0,7.0,0.0,0.0
97,0.0,0.0,0.0,0.0,0.0,0.0,97.0,0.0,0.0,1.0,2.0
98,0.0,0.0,0.0,0.0,0.0,0.0,97.0,0.0,0.0,1.0,2.0
99,0.0,2.0,15.0,40.0,0.0,4.0,0.0,0.0,0.0,10.0,29.0
100,0.0,0.0,0.0,95.0,0.0,0.0,0.0,0.0,0.0,5.0,0.0
101,0.0,0.0,25.0,60.0,0.0,0.0,5.0,0.0,0.0,7.0,3.0
102,0.0,2.0,15.0,40.0,0.0,4.0,0.0,0.0,0.0,10.0,29.0
103,0.0,5.39,0.0,90.69,0.0,0.0,0.0,2.9,0.0,1.02,0.0
104,0.0,5.39,0.0,90.02,0.0,0.0,0.0,2.9,0.0,1.69,0.0
105,0.0,13.0,0.0,85.0,0.0,0.0,0.0,0.0,0.0,1.0,1.0
106,0.0,15.0,20.0,15.0,18.0,32.0,0.0,0.0,0.0,0.0,0.0
107,0.0,22.0,0.0,57.0,0.0,8.0,13.0,0.0,0.0,0.0,0.0
108,0.0,0.0,30.0,30.0,20.0,0.0,0.0,0.0,20.0,0.0,0.0
110,0.0,0.0,0.0,67.0,0.0,0.0,0.0,0.0,0.0,33.0,0.0
111,0.0,0.0,0.0,67.0,0.0,0.0,0.0,0.0,0.0,0.0,0.0
112,0.0,0.0,0.0,98.0,0.0,0.0,0.0,0.0,0.0,2.0,0.0
113,0.0,0.0,0.0,70.0,0.0,0.0,20.0,0.0,0.0,10.0,0.0
115,0.0,0.0,5.0,70.0,5.0,0.0,0.0,0.0,0.0,20.0,0.0
116,0.0,0.0,5.0,70.0,5.0,0.0,0.0,0.0,0.0,20.0,0.0
117,0.0,0.0,10.0,45.0,0.0,20.0,25.0,0.0,0.0,0.0,0.0
119,0.0,0.0,0.0,5.0,0.0,0.0,15.0,65.0,15.0,0.0,0.0
120,0.0,0.0,0.0,1.77,0.0,0.0,96.82,0.1,1.31,0.0,0.0
122,0.0,19.0,0.0,0.0,0.0,0.0,0.0,74.0,7.0,0.0,0.0
123,0.0,6.6,0.0,0.0,0.0,0.0,46.9,44.5,0.0,0.0,1.9
124,0.0,3.0,5.0,25.0,2.0,0.0,51.0,1.0,12.0,0.0,1.0
125,0.0,5.0,5.0,35.0,5.0,0.0,43.0,2.0,5.0,0.0,0.0
126,0.0,5.0,5.0,35.0,5.0,0.0,43.0,2.0,5.0,0.0,0.0
127,0.0,25.0,25.0,50.0,0.0,0.0,0.0,0.0,0.0,0.0,0.0
128,0.0,0.0,5.0,0.0,10.0,0.0,0.0,0.0,0.0,85.0,0.0
129,0.0,10.0,9.0,5.0,1.0,1.0,68.0,3.0,3.0,0.0,0.0
130,0.0,10.0,5.0,10.0,0.0,5.0,60.0,5.0,5.0,0.0,0.0
131,0.0,0.0,2.0,5.0,0.0,0.0,70.0,0.0,18.0,0.0,5.0
132,0.0,0.0,0.0,2.0,0.0,0.0,93.0,0.0,5.0,0.0,0.0
133,0.0,0.0,0.0,6.0,0.0,0.0,82.0,0.0,12.0,0.0,0.0
134,0.0,0.0,0.0,2.0,0.0,1.0,71.0,1.0,25.0,0.0,0.0
136,0.0,5.0,0.0,45.0,0.0,0.0,30.0,0.0,20.0,0.0,0.0
137,0.0,5.0,0.0,40.0,0.0,0.0,40.0,0.0,15.0,0.0,0.0
138,0.0,5.0,0.0,40.0,0.0,0.0,40.0,0.0,15.0,0.0,0.0
139,0.0,15.0,2.0,80.0,0.0,0.0,2.0,0.0,0.0,1.0,0.0
140,0.0,3.0,1.0,24.0,0.0,0.0,56.0,1.0,8.5,0.0,0.0
141,0.0,3.0,1.0,24.0,0.0,0.0,56.0,1.0,8.5,0.0,0.0
142,0.0,2.87,1.98,6.77,0.0,0.0,74.28,1.16,3.07,0.0,9.87
143,0.0,0.0,0.0,95.0,0.0,5.0,0.0,0.0,0.0,0.0,0.0
144,0.0,0.0,0.0,100.0,0.0,0.0,0.0,0.0,0.0,0.0,0.0
145,0.0,10.0,0.0,5.0,5.0,0.0,50.0,0.0,0.0,0.0,0.0
146,0.0,5.0,0.0,12.0,0.0,0.0,5.0,7.0,65.0,0.0,0.0
147,0.0,5.0,0.0,70.0,0.0,0.0,25.0,0.0,0.0,0.0,0.0
148,0.0,2.0,0.0,72.0,0.0,0.0,22.0,0.0,2.0,0.0,0.0
149,0.0,5.0,0.0,70.0,0.0,0.0,25.0,0.0,0.0,0.0,0.0
150,0.0,0.0,0.0,0.0,0.0,0.0,75.0,0.0,0.0,25.0,0.0
151,0.0,40.0,10.0,20.0,0.0,0.0,0.0,0.0,0.0,25.0,5.0
152,0.0,0.0,0.0,8.0,0.0,0.0,37.0,5.0,50.0,0.0,0.0
153,0.0,0.0,0.0,7.0,0.0,0.0,0.0,4.0,13.0,67.0,9.0
154,0.0,0.3,0.0,11.0,0.0,4.0,65.7,0.0,18.5,0.5,0.0
155,0.0,0.0,0.0,0.0,0.0,0.0,100.0,0.0,0.0,0.0,0.0
156,0.0,3.0,25.0,11.0,2.0,0.0,37.0,0.0,21.0,0.0,1.0
157,0.0,3.0,25.0,11.0,2.0,0.0,37.0,0.0,21.0,0.0,1.0
158,0.0,0.0,0.0,0.0,0.0,0.0,0.0,0.0,0.0,100.0,0.0
159,0.0,10.0,20.0,30.0,2.0,20.0,10.0,3.0,5.0,0.0,0.0
160,0.0,2.0,5.0,22.0,3.0,10.0,30.0,5.0,20.0,3.0,0.0
161,0.0,4.0,0.0,55.0,5.0,5.0,0.0,3.0,25.0,3.0,0.0
162,0.0,5.0,1.0,5.0,0.0,0.0,80.0,1.0,8.0,0.0,0.0
163,0.0,23.0,22.0,15.0,35.0,0.0,0.0,3.0,2.0,0.0,0.0
164,0.0,23.0,22.0,15.0,35.0,0.0,0.0,3.0,2.0,0.0,0.0
165,0.0,56.0,6.0,17.0,6.0,0.0,0.0,0.0,0.0,3.0,12.0
166,0.0,56.0,6.0,17.0,6.0,0.0,0.0,0.0,0.0,3.0,12.0
167,0.0,4.5,0.5,6.0,1.5,0.0,31.0,29.0,27.5,0.0,0.0
168,0.0,4.5,0.5,6.0,1.5,0.0,31.0,29.0,27.5,0.0,0.0
169,0.0,3.0,3.0,63.0,0.0,0.0,24.0,0.0,7.0,0.0,0.0
170,0.0,3.0,7.0,12.0,0.0,0.0,0.0,0.0,5.0,0.0,0.0
171,0.0,3.0,7.0,60.0,0.0,0.0,25.0,0.0,5.0,0.0,0.0
172,0.0,0.0,0.0,100.0,0.0,0.0,0.0,0.0,0.0,0.0,0.0
173,0.0,0.0,0.0,70.0,0.0,20.0,0.0,0.0,0.0,10.0,0.0
174,0.0,2.0,5.0,4.0,1.0,0.0,80.0,1.0,0.0,2.0,0.0
175,0.0,0.0,0.0,50.0,0.0,0.0,50.0,0.0,0.0,0.0,0.0
176,0.0,2.0,0.0,9.0,0.0,0.0,69.0,0.0,20.0,0.0,0.0
177,0.0,2.0,0.0,9.0,0.0,0.0,69.0,0.0,20.0,0.0,0.0
178,0.0,2.0,0.0,9.0,0.0,0.0,69.0,0.0,20.0,0.0,0.0
179,0.0,0.0,0.0,99.5,0.0,0.0,0.0,0.0,0.5,0.0,0.0
180,0.0,0.0,0.0,99.5,0.0,0.0,0.0,0.0,0.5,0.0,0.0
181,0.0,62.83,23.66,0.0,0.0,0.0,0.0,0.0,0.0,0.0,13.51
182,0.0,2.0,5.0,50.0,3.0,0.0,20.0,10.0,10.0,0.0,0.0
183,0.0,14.66,4.66,20.76,4.59,0.0,32.0,3.25,19.5,0.0,0.58
184,0.0,14.66,4.66,20.76,4.59,0.0,32.0,3.25,19.5,0.0,0.58
186,0.0,10.0,10.0,80.0,0.0,0.0,0.0,0.0,0.0,0.0,0.0
187,0.0,27.0,0.7,4.2,0.0,0.0,63.0,0.0,4.1,0.0,1.0
188,0.0,27.0,1.0,4.5,0.0,0.0,63.0,0.0,4.5,0.0,0.0
189,0.0,0.0,0.0,8.25,0.0,0.0,68.92,13.14,4.2,2.89,2.6
190,0.0,5.0,0.0,7.0,1.0,0.0,80.0,3.0,4.0,0.0,0.0
191,0.0,0.08,0.0,0.9,0.0,0.0,88.32,1.5,6.8,0.0,2.4
192,0.0,1.0,0.0,1.0,0.0,0.0,98.0,0.0,0.0,0.0,0.0
193,0.0,1.0,0.0,2.0,0.0,0.0,93.0,0.0,4.0,0.0,0.0
194,0.0,1.0,0.0,2.0,0.0,0.0,95.0,0.0,2.0,0.0,0.0
195,0.0,0.0,0.0,0.0,0.0,0.0,98.73,0.0,0.15,0.0,1.12
197,0.0,1.0,1.0,28.0,0.0,0.0,41.0,0.0,29.0,0.0,0.0
199,0.0,0.44,0.03,1.24,0.63,0.0,87.43,0.05,6.96,0.0,3.22
200,0.0,10.0,0.0,90.0,0.0,0.0,0.0,0.0,0.0,0.0,0.0
201,0.0,0.0,0.0,0.0,0.0,0.0,93.0,1.0,0.0,6.0,0.0
202,0.0,73.0,27.0,0.0,0.0,0.0,0.0,0.0,0.0,0.0,0.0
203,0.0,11.0,1.0,25.0,0.0,0.0,36.0,0.0,23.0,0.0,4.0
205,0.0,3.0,0.0,10.0,0.0,0.0,85.0,2.0,0.0,0.0,0.0
206,0.0,10.0,1.0,14.0,1.0,0.0,67.0,1.0,5.0,0.0,1.0
207,0.0,10.0,2.0,20.0,2.0,1.0,54.0,1.0,5.0,0.0,0.0
208,0.0,10.0,2.0,20.0,2.0,1.0,54.0,1.0,5.0,0.0,0.0
209,0.0,2.0,0.0,16.0,0.0,0.0,56.0,0.0,26.0,0.0,0.0
210,0.0,2.0,0.0,16.0,0.0,0.0,56.0,0.0,26.0,0.0,0.0
211,0.0,2.0,0.0,15.0,0.0,0.0,60.0,0.0,23.0,0.0,0.0
212,0.0,2.0,0.0,15.0,0.0,0.0,60.0,0.0,23.0,0.0,0.0
213,0.0,10.0,10.0,0.0,0.0,0.0,60.0,5.0,15.0,0.0,0.0
214,0.0,10.0,10.0,0.0,0.0,0.0,60.0,5.0,15.0,0.0,0.0
215,0.0,10.0,10.0,0.0,0.0,0.0,60.0,5.0,15.0,0.0,0.0
218,0.0,0.0,0.0,18.0,0.0,0.0,78.0,0.0,3.0,0.0,1.0
219,0.0,0.0,0.0,15.0,0.0,0.0,75.0,0.0,10.0,0.0,0.0
220,0.0,0.0,0.0,0.0,0.0,0.0,95.0,5.0,0.0,0.0,0.0
221,0.0,0.0,0.0,14.0,0.0,0.0,82.0,0.0,2.0,1.0,0.0
223,0.0,0.0,0.0,5.0,0.0,0.0,85.0,5.0,5.0,0.0,0.0
224,0.0,70.0,0.0,0.0,10.0,0.0,0.0,5.0,0.0,0.0,10.0
225,0.0,0.0,5.0,20.0,2.0,1.0,49.0,20.0,2.0,0.0,0.0
226,0.0,0.0,0.0,80.0,3.0,0.0,0.0,2.0,0.0,10.0,5.0
227,0.0,0.0,0.0,5.0,5.0,0.0,60.0,0.0,0.0,25.0,0.0
228,0.0,50.0,0.0,0.0,0.0,0.0,50.0,0.0,0.0,0.0,0.0
229,0.0,65.0,20.0,0.0,15.0,0.0,0.0,0.0,0.0,0.0,0.0
230,0.0,0.0,0.0,0.0,0.0,0.0,80.0,0.0,0.0,20.0,0.0
231,0.0,0.8,0.0,82.0,0.0,0.05,8.6,5.6,2.75,0.0,0.2
232,0.0,4.0,1.0,8.0,0.0,0.0,75.0,2.0,10.0,0.0,0.0
233,0.0,4.0,1.0,8.0,0.0,0.0,75.0,2.0,10.0,0.0,0.0
234,0.0,0.0,0.0,100.0,0.0,0.0,0.0,0.0,0.0,0.0,0.0
235,0.0,0.0,0.0,75.0,5.0,0.0,0.0,0.0,0.0,10.0,0.0
236,0.0,5.0,10.0,70.0,5.0,5.0,0.0,0.0,0.0,5.0,0.0
237,0.0,5.0,10.0,65.0,5.0,5.0,0.0,0.0,0.0,10.0,0.0
238,0.0,20.0,0.0,0.0,0.0,0.0,80.0,0.0,0.0,0.0,0.0
239,0.0,2.0,8.0,73.0,5.0,2.0,0.0,4.0,4.0,2.0,0.0
240,0.0,0.0,0.0,0.0,0.0,0.0,100.0,0.0,0.0,0.0,0.0
241,0.0,10.0,0.0,0.0,0.0,0.0,90.0,0.0,0.0,0.0,0.0
242,0.0,1.0,3.0,21.0,2.0,0.0,59.0,0.0,14.0,0.0,0.0
243,0.0,0.0,0.0,10.0,0.0,0.0,86.0,2.0,2.0,0.0,0.0
244,0.0,0.0,0.0,0.0,0.0,0.0,60.0,0.0,0.0,15.0,25.0
245,0.0,0.0,0.0,0.0,0.0,0.0,60.0,0.0,0.0,15.0,25.0
246,0.0,0.0,0.0,0.0,0.0,0.0,65.0,0.0,0.0,19.0,16.0
247,0.0,0.0,0.0,0.0,0.0,0.0,60.0,0.0,0.0,15.0,25.0
248,0.0,0.0,0.0,0.0,0.0,0.0,65.0,0.0,0.0,19.0,16.0
251,0.0,63.0,16.0,21.0,0.0,0.0,0.0,0.0,0.0,0.0,0.0
252,0.0,60.0,0.0,40.0,0.0,0.0,0.0,0.0,0.0,0.0,0.0
253,0.0,63.0,16.0,21.0,0.0,0.0,0.0,0.0,0.0,0.0,0.0
255,0.0,0.0,0.0,0.0,0.0,0.0,100.0,0.0,0.0,0.0,0.0
256,0.0,26.55,34.28,30.5,0.0,0.0,0.0,0.0,0.0,2.0,6.67
257,0.0,0.0,0.0,90.0,0.0,0.5,5.0,3.5,1.0,0.0,0.0
258,0.0,0.0,18.0,50.0,28.0,0.0,0.0,0.0,0.0,1.0,3.0
259,0.0,52.0,1.0,32.0,4.0,0.0,7.0,1.0,3.0,0.0,0.0
260,0.0,42.0,1.0,32.0,4.0,0.0,17.0,1.0,3.0,0.0,0.0
261,0.0,42.0,1.0,32.0,4.0,0.0,17.0,1.0,3.0,0.0,0.0
262,0.0,0.0,0.0,0.0,0.0,0.0,89.0,0.0,0.0,11.0,0.0
263,0.0,0.0,0.0,18.79,0.0,0.0,21.41,1.78,33.0,25.02,0.0
264,0.0,2.0,1.0,5.0,0.0,0.0,87.0,0.0,1.0,0.0,4.0
265,0.0,0.0,0.0,1.0,0.0,0.0,75.0,4.0,20.0,0.0,0.0
266,0.0,0.0,0.0,1.0,0.0,0.0,75.0,4.0,20.0,0.0,0.0
267,0.0,5.0,2.0,2.0,2.0,3.0,70.0,0.0,16.0,0.0,0.0
268,0.0,5.0,5.0,35.0,2.0,2.0,30.0,3.0,15.0,3.0,0.0
269,0.0,0.0,0.0,7.0,0.0,0.0,67.0,0.0,17.0,9.0,0.0
270,0.0,65.0,13.0,15.0,0.0,0.0,0.0,5.0,0.0,2.0,0.0
271,0.0,0.0,0.0,4.0,0.0,0.0,70.0,20.0,6.0,0.0,0.0
272,0.0,0.0,0.0,1.0,0.0,0.0,27.0,1.0,0.0,0.0,71.0
273,0.0,0.0,20.0,80.0,0.0,0.0,0.0,0.0,0.0,0.0,0.0
274,0.0,0.0,20.0,80.0,0.0,0.0,0.0,0.0,0.0,0.0,0.0
276,0.0,0.0,0.0,5.0,0.0,0.0,70.0,5.0,10.0,0.0,10.0
277,0.0,0.0,0.0,5.0,0.0,0.0,70.0,5.0,20.0,0.0,0.0
278,0.0,0.0,0.0,5.0,0.0,5.0,62.0,8.0,15.0,5.0,0.0
279,0.0,10.0,5.0,10.0,1.0,2.0,35.0,6.0,4.0,1.0,26.0
280,0.0,5.0,5.0,6.0,10.0,4.0,59.0,1.0,10.0,0.0,0.0
281,0.0,0.0,0.0,23.0,0.0,0.0,75.0,1.0,1.0,0.0,0.0
282,0.0,0.0,0.0,23.0,0.0,0.0,75.0,1.0,1.0,0.0,0.0
284,0.0,5.0,1.0,76.0,5.0,0.0,10.0,1.0,2.0,0.0,0.0
285,0.0,1.0,5.0,11.0,0.0,0.0,69.0,1.0,8.0,0.0,0.0
286,0.0,1.0,5.0,11.0,0.0,0.0,69.0,1.0,8.0,0.0,0.0
287,0.0,0.0,0.0,73.0,0.0,5.0,0.0,2.0,15.0,0.0,0.0
288,0.0,0.0,0.0,9.0,0.0,0.0,64.0,3.0,23.0,1.0,0.0
289,0.0,0.0,0.0,7.0,0.0,3.0,70.0,0.0,20.0,0.0,0.0
290,0.0,0.0,2.0,2.0,0.0,0.0,68.0,0.0,28.0,0.0,0.0
291,0.0,1.0,0.0,4.0,0.0,0.0,62.0,3.0,27.0,2.0,0.0
292,0.0,0.0,0.0,22.0,0.0,0.0,56.0,1.0,18.0,0.0,3.0
293,0.0,1.0,2.0,12.0,2.0,0.0,75.0,1.0,7.0,0.0,0.0
295,0.0,0.0,0.0,0.0,0.0,0.0,100.0,0.0,0.0,0.0,0.0
296,0.0,3.0,0.0,5.0,0.0,0.0,67.0,0.0,25.0,0.0,0.0
297,0.0,2.0,0.0,30.0,0.0,0.0,47.0,3.0,16.0,0.0,0.0
299,0.0,0.0,0.0,20.0,0.0,0.0,40.0,0.0,40.0,0.0,0.0
300,0.0,0.0,30.0,70.0,0.0,0.0,0.0,0.0,0.0,0.0,0.0
301,0.0,0.0,30.0,70.0,0.0,0.0,0.0,0.0,0.0,0.0,0.0
302,0.0,0.0,0.0,86.0,0.0,0.0,0.0,8.0,4.0,0.0,0.0
303,0.0,2.84,0.0,4.83,0.0,1.51,84.84,0.88,4.0,1.1,0.0
304,0.0,0.0,0.0,0.0,0.0,12.0,60.0,5.0,15.0,0.0,8.0
305,0.0,3.0,0.0,28.0,0.0,2.0,2.0,6.0,59.0,0.0,0.0
306,0.0,5.0,0.0,76.0,0.0,3.0,0.0,1.0,12.0,3.0,0.0
307,0.0,5.0,30.0,46.0,0.0,2.0,0.0,2.0,12.0,3.0,0.0
308,0.0,0.0,32.0,7.0,0.0,1.0,45.0,2.0,10.0,3.0,0.0
309,0.0,0.0,0.0,36.0,0.0,0.0,60.0,0.0,3.0,0.0,1.0
310,0.0,0.0,0.0,25.0,0.0,0.0,50.0,0.0,25.0,0.0,0.0
312,0.0,0.0,0.0,10.0,0.0,10.0,25.0,25.0,10.0,0.0,0.0
313,0.0,1.0,0.0,18.0,0.0,0.0,40.0,5.0,35.0,1.0,0.0
314,0.0,1.0,0.0,1.0,0.0,0.0,89.0,0.0,8.0,0.0,0.0
315,0.0,1.0,0.0,1.0,0.0,0.0,89.0,0.0,8.0,0.0,0.0
316,0.0,5.0,0.0,0.0,5.0,0.0,60.0,15.0,15.0,0.0,0.0
317,0.0,0.0,0.0,1.0,0.0,0.0,91.0,0.0,8.0,0.0,0.0
318,0.0,0.0,0.0,2.0,0.0,0.0,62.0,2.0,34.0,0.0,0.0
319,0.0,0.0,0.0,7.0,0.0,0.0,66.0,1.0,25.0,0.0,1.0
320,0.0,0.0,25.0,45.0,0.0,5.0,10.0,5.0,0.0,10.0,0.0
321,0.0,0.0,0.0,96.0,0.0,0.0,0.0,0.0,0.0,2.0,2.0
322,0.0,0.0,0.0,0.0,0.0,0.0,96.0,0.0,0.0,2.0,2.0
323,0.0,0.0,0.0,96.0,0.0,0.0,0.0,0.0,0.0,2.0,2.0
324,0.0,10.0,15.0,20.0,5.0,5.0,25.0,5.0,5.0,10.0,0.0
325,0.0,3.0,0.31,26.15,0.0,0.0,56.17,0.0,14.37,0.0,0.0
326,0.0,7.8,4.7,36.4,0.0,0.2,34.6,0.0,16.3,0.0,0.0
327,0.0,0.0,0.0,12.0,0.0,0.0,0.0,10.0,37.0,2.0,39.0
328,0.0,35.0,0.0,10.0,0.0,0.0,0.0,5.0,0.0,50.0,0.0
330,0.0,0.0,0.0,50.0,0.0,0.0,50.0,0.0,0.0,0.0,0.0
331,0.0,0.0,0.0,0.0,0.0,0.0,20.0,40.0,0.0,0.0,40.0
332,0.0,0.0,0.0,0.0,0.0,0.0,20.0,40.0,0.0,0.0,40.0
333,0.0,0.0,0.0,1.0,0.0,0.0,95.0,0.0,3.0,0.0,1.0
334,0.0,0.0,0.0,0.0,0.0,0.0,95.0,3.0,0.0,0.0,2.0
335,0.0,0.0,0.0,39.0,0.0,0.0,1.0,0.0,60.0,0.0,0.0
336,0.0,0.0,0.0,50.0,0.0,0.0,20.0,10.0,20.0,0.0,0.0
337,0.0,3.0,4.0,0.0,0.0,0.0,77.0,0.0,7.0,0.0,9.0
338,0.0,1.5,0.0,31.0,0.0,0.0,20.0,0.0,46.5,0.0,1.0
339,0.0,10.0,10.0,10.0,5.0,0.0,40.0,10.0,7.5,7.5,0.0
340,0.0,5.0,5.0,10.0,5.0,10.0,20.0,0.0,30.0,5.0,10.0
341,0.0,0.0,5.0,20.0,0.0,15.0,15.0,15.0,10.0,20.0,0.0
342,0.0,0.0,1.0,5.0,0.0,0.0,93.0,1.0,0.0,0.0,0.0
343,0.0,0.0,1.0,5.0,0.0,0.0,93.0,1.0,0.0,0.0,0.0
344,0.0,0.0,1.0,5.0,0.0,0.0,93.0,1.0,0.0,0.0,0.0
345,0.0,17.4,12.8,0.0,0.0,14.5,0.0,0.0,0.0,50.0,5.3
346,0.0,17.4,12.8,0.0,0.0,14.5,0.0,0.0,0.0,50.0,5.3
347,0.0,20.0,20.0,0.0,0.0,0.0,50.0,0.0,10.0,0.0,0.0
349,0.0,20.0,20.0,0.0,0.0,0.0,30.0,0.0,10.0,0.0,20.0
351,0.0,0.0,0.0,10.0,0.0,0.0,70.0,2.0,17.0,1.0,0.0
353,0.0,0.0,0.0,0.0,0.0,0.0,85.0,1.0,1.0,0.0,0.0
354,0.0,0.0,0.0,0.0,0.0,0.0,100.0,0.0,0.0,0.0,0.0
355,0.0,0.0,0.0,29.1,0.0,0.0,26.3,9.8,0.0,0.0,34.8
356,0.0,20.0,0.0,10.0,0.0,0.0,40.0,10.0,10.0,10.0,0.0
357,0.0,0.0,0.0,4.0,0.0,0.0,52.0,0.0,35.0,0.0,9.0
358,0.0,12.0,1.0,34.0,5.0,0.0,33.0,5.0,10.0,0.0,0.0
359,0.0,0.0,0.0,3.0,0.0,0.0,75.0,0.0,18.0,4.0,0.0
360,0.0,0.0,0.0,3.0,0.0,0.0,75.0,0.0,18.0,4.0,0.0
361,0.0,8.0,2.0,84.0,0.0,0.0,0.0,0.0,0.0,0.0,6.0
362,0.0,8.0,2.0,84.0,0.0,0.0,0.0,0.0,0.0,0.0,6.0
363,0.0,14.0,0.0,0.0,5.0,0.0,60.0,1.0,0.0,20.0,0.0
364,0.0,1.0,5.0,51.0,8.0,0.0,27.0,0.0,8.0,0.0,0.0
365,0.0,1.0,9.0,45.0,11.0,0.0,28.0,0.0,6.0,0.0,0.0
366,0.0,3.0,3.0,3.0,2.0,0.0,85.0,2.0,2.0,0.0,0.0
367,0.0,0.0,1.0,5.0,1.0,0.0,80.0,6.0,5.0,2.0,0.0
368,0.0,0.0,0.0,0.0,0.0,0.0,50.0,0.0,0.0,0.0,0.0
369,0.0,2.28,4.68,6.5,0.0,9.0,64.0,0.04,13.47,0.0,0.0
374,0.0,2.28,4.68,6.5,0.0,9.0,64.0,0.04,13.47,0.0,0.0
375,0.0,6.87,1.4,6.26,0.0,7.53,65.41,0.03,12.5,0.0,0.0
377,0.0,0.0,0.0,5.0,0.0,0.0,79.0,0.0,12.0,0.0,4.0
379,0.0,1.0,0.0,1.2,0.0,0.0,52.6,0.0,45.2,0.0,0.0
380,0.0,3.41,0.0,2.1,0.0,0.0,49.21,0.0,45.02,0.0,0.0
381,0.0,5.0,10.0,15.0,10.0,15.0,20.0,0.0,15.0,10.0,0.0
382,0.0,5.0,10.0,15.0,10.0,15.0,20.0,0.0,15.0,10.0,0.0
383,0.0,46.0,0.0,0.0,0.0,0.0,54.0,0.0,0.0,0.0,0.0
384,0.0,0.0,0.0,0.0,0.0,0.0,100.0,0.0,0.0,0.0,0.0
385,0.0,0.0,0.0,0.0,0.0,0.0,100.0,0.0,0.0,0.0,0.0
387,0.0,0.0,0.0,45.0,0.0,5.0,25.0,0.0,25.0,0.0,0.0
388,0.0,0.5,0.0,7.2,0.25,3.15,83.0,0.9,5.0,0.0,0.0
389,0.0,0.5,0.0,7.2,0.25,3.15,83.0,0.9,5.0,0.0,0.0
390,0.0,0.5,0.0,5.66,0.2,2.35,81.46,2.94,6.89,0.0,0.0
391,0.0,20.0,0.0,20.0,0.0,10.0,50.0,0.0,0.0,0.0,0.0
392,0.0,0.0,0.0,2.0,0.0,3.0,7.0,7.0,64.0,10.0,7.0
393,0.0,10.0,0.0,10.0,0.0,0.0,55.0,0.0,15.0,10.0,0.0
394,0.0,10.0,10.0,10.0,0.0,5.0,50.0,5.0,10.0,0.0,0.0
395,0.0,10.0,8.0,24.0,8.0,0.0,40.0,0.0,10.0,0.0,0.0
396,0.0,0.0,0.0,0.0,0.0,0.0,85.0,5.0,5.0,5.0,0.0
397,0.0,0.0,0.0,0.0,0.0,0.0,99.0,0.0,1.0,0.0,0.0
398,0.0,0.0,0.0,0.0,0.0,0.0,85.0,5.0,5.0,5.0,0.0
399,0.0,3.0,0.0,18.0,1.0,0.0,58.0,10.0,10.0,0.0,0.0
400,0.0,3.0,0.0,3.0,0.0,0.0,77.0,5.0,12.0,0.0,0.0
401,0.0,3.0,0.0,3.0,0.0,0.0,77.0,5.0,12.0,0.0,0.0
402,0.0,3.0,0.0,3.0,0.0,0.0,77.0,5.0,12.0,0.0,0.0
403,0.0,14.0,3.6,16.0,0.0,0.0,60.9,0.5,2.0,0.0,3.0
404,0.0,14.0,3.6,16.0,0.0,0.0,60.9,0.5,2.0,0.0,3.0
405,0.0,0.0,0.0,60.0,0.0,0.0,0.0,10.0,30.0,0.0,0.0
406,0.0,10.0,0.0,18.0,0.0,10.0,57.0,5.0,0.0,0.0,0.0
407,0.0,2.0,0.0,15.0,0.0,12.0,51.0,5.0,15.0,0.0,0.0
408,0.0,0.0,0.0,60.0,0.0,0.0,0.0,10.0,30.0,0.0,0.0
409,0.0,0.0,0.0,0.0,0.0,2.0,65.0,25.0,8.0,0.0,0.0
410,0.0,0.0,0.0,0.0,0.0,8.0,65.0,22.0,5.0,0.0,0.0
411,0.0,0.0,0.0,0.0,0.0,0.0,70.0,20.0,5.0,5.0,0.0
412,0.0,2.75,1.5,6.7,0.25,0.0,85.49,1.0,2.0,0.01,0.3
413,0.0,13.0,2.0,3.0,1.0,0.0,70.0,2.0,8.0,0.0,1.0
414,0.0,6.0,4.0,3.0,1.0,0.0,70.0,2.0,8.0,0.0,1.0
415,0.0,0.18,0.0,40.0,0.0,0.0,20.0,10.0,29.08,0.74,0.0
416,0.0,21.0,8.0,32.0,0.0,0.0,0.0,0.0,38.0,0.0,0.0
417,0.0,21.0,8.0,32.0,0.0,0.0,0.0,0.0,38.0,0.0,0.0
418,0.0,22.0,8.0,32.0,0.0,0.0,0.0,0.0,38.0,0.0,0.0
420,0.0,1.05,0.06,0.64,0.0,0.0,49.74,0.07,48.44,0.0,0.0
421,0.0,1.05,0.06,0.64,0.0,0.0,46.43,0.07,51.75,0.0,0.0
422,0.0,0.5,0.0,0.58,0.0,0.0,56.7,0.0,42.22,0.0,0.0
423,0.0,0.5,0.0,0.58,0.0,0.0,56.7,0.0,42.22,0.0,0.0
424,0.0,1.1,0.0,96.8,0.3,0.0,1.5,0.0,0.3,0.0,0.0
425,0.0,25.0,0.0,25.0,5.0,0.0,42.0,0.0,0.0,0.0,3.0
426,0.0,2.2,0.29,9.85,0.0,0.0,48.05,0.2,38.76,0.0,0.65
427,0.0,15.0,0.0,81.0,0.0,0.0,0.0,0.0,0.0,4.0,0.0
428,0.0,14.0,0.0,73.0,0.0,0.0,2.0,1.0,10.0,0.0,0.0
430,0.0,0.0,0.0,1.0,0.0,0.0,83.0,1.0,10.0,0.0,0.0
432,0.0,1.0,1.0,1.0,1.0,0.0,84.0,6.0,6.0,0.0,0.0
433,0.0,20.0,20.0,50.0,8.0,0.0,0.0,0.0,0.0,2.0,0.0
434,0.0,3.0,10.0,13.0,4.0,0.0,65.0,0.0,5.0,0.0,0.0
435,0.0,3.0,10.0,13.0,4.0,0.0,65.0,0.0,5.0,0.0,0.0
436,0.0,2.0,0.0,71.0,0.0,4.0,16.0,3.0,4.0,0.0,0.0
437,0.0,29.0,1.0,3.0,1.0,0.0,56.0,0.0,10.0,0.0,0.0
438,0.0,8.0,6.0,26.0,1.0,0.0,48.0,0.0,7.0,0.0,4.0
439,0.0,1.0,3.0,11.0,0.0,0.0,65.0,0.0,20.0,0.0,0.0
440,0.0,0.0,0.0,0.0,0.0,0.0,100.0,0.0,0.0,0.0,0.0
441,0.0,0.0,0.0,0.0,0.0,0.0,100.0,0.0,0.0,0.0,0.0
442,0.0,7.47,0.47,18.42,2.06,0.0,70.0,0.0,0.9,0.0,0.0
443,0.0,0.0,0.0,7.88,0.0,0.0,30.68,0.0,61.43,0.0,0.0
444,0.0,23.0,0.0,4.49,0.0,0.0,57.11,0.0,15.4,0.0,0.0
445,0.0,0.0,0.0,0.0,0.0,0.0,90.0,5.0,5.0,0.0,0.0
448,0.0,30.0,20.0,50.0,0.0,0.0,0.0,0.0,0.0,0.0,0.0
449,0.0,20.0,0.0,80.0,0.0,0.0,0.0,0.0,0.0,0.0,0.0
450,0.0,5.0,0.0,60.0,0.0,5.0,25.0,0.0,5.0,0.0,0.0
451,0.0,1.0,0.0,2.0,3.0,10.0,70.0,4.0,6.0,4.0,0.0
452,0.0,20.0,0.0,80.0,0.0,0.0,0.0,0.0,0.0,0.0,0.0
453,0.0,0.0,0.0,0.0,0.0,0.0,98.0,0.0,0.0,2.0,0.0
454,0.0,0.0,0.0,0.0,0.0,0.0,98.0,0.0,0.0,2.0,0.0
455,0.0,0.0,0.0,0.0,0.0,0.0,100.0,0.0,0.0,0.0,0.0
456,0.0,0.0,0.0,100.0,0.0,0.0,0.0,0.0,0.0,0.0,0.0
458,0.0,0.0,0.0,0.0,0.0,0.0,90.0,0.0,0.0,10.0,0.0
459,0.0,2.0,3.0,5.0,3.0,2.0,80.0,0.0,0.0,5.0,0.0
460,0.0,1.0,0.0,5.0,0.0,9.0,75.0,0.0,10.0,0.0,0.0
461,0.0,0.0,0.0,0.0,0.0,0.0,90.0,0.0,0.0,10.0,0.0
462,0.0,35.0,10.0,35.0,0.0,0.0,0.0,0.0,20.0,0.0,0.0
463,0.0,0.0,0.0,0.0,0.0,0.0,100.0,0.0,0.0,0.0,0.0
465,0.0,3.0,2.0,83.0,0.0,0.0,0.0,5.0,2.0,5.0,0.0
466,0.0,0.0,0.0,10.0,0.0,0.0,70.0,0.0,20.0,0.0,0.0
467,0.0,0.0,0.0,0.0,0.0,0.0,40.0,10.0,30.0,20.0,0.0
468,0.0,2.0,0.0,95.0,0.0,0.0,0.0,0.0,0.0,1.0,2.0
469,0.0,0.0,0.0,0.0,0.0,0.0,65.0,5.0,0.0,25.0,5.0
470,0.0,0.0,0.0,100.0,0.0,0.0,0.0,0.0,0.0,0.0,0.0
471,0.0,0.0,0.0,5.0,0.0,20.0,70.0,0.0,5.0,0.0,0.0
475,0.0,1.0,0.0,7.0,1.0,1.0,85.0,1.0,4.0,0.0,0.0
476,0.0,1.0,0.0,7.0,1.0,1.0,85.0,1.0,4.0,0.0,0.0
477,0.0,18.0,4.0,1.0,14.0,0.0,45.0,0.0,18.0,0.0,0.0
478,0.0,0.0,0.0,0.0,0.0,0.0,65.0,5.0,30.0,0.0,0.0
479,0.0,0.0,0.0,3.0,0.0,0.0,92.0,0.0,5.0,0.0,0.0
480,0.0,0.0,0.0,3.0,0.0,0.0,67.0,0.0,5.0,0.0,25.0
481,0.0,0.0,0.0,5.0,0.0,0.0,92.0,0.0,3.0,0.0,0.0
482,0.0,2.0,2.0,2.0,2.0,1.0,85.0,2.0,2.0,2.0,0.0
484,0.0,5.0,0.0,79.0,5.0,0.0,0.0,2.0,3.0,2.0,3.0
485,0.0,0.0,0.0,1.0,1.0,0.0,96.0,0.0,2.0,0.0,0.0
486,0.0,10.0,10.0,25.0,10.0,12.0,10.0,0.0,20.0,3.0,0.0
487,0.0,0.0,0.0,0.0,0.0,0.0,90.0,0.0,0.0,10.0,0.0
488,0.0,0.0,0.0,10.0,0.0,10.0,25.0,10.0,45.0,0.0,0.0
489,0.0,5.0,0.0,15.0,0.0,5.0,60.0,5.0,8.0,2.0,0.0
490,0.0,0.0,0.0,0.0,0.0,0.0,98.0,0.0,0.0,0.0,1.0
491,0.0,0.0,0.0,0.0,0.0,0.0,87.0,5.0,2.0,5.0,0.0
492,0.0,0.0,0.0,0.0,0.0,0.0,85.0,5.0,0.0,10.0,0.0
493,0.0,17.0,0.0,10.0,0.0,0.0,46.0,1.0,24.0,2.0,0.0
495,0.0,1.0,1.0,1.0,0.0,0.0,95.0,1.0,1.0,0.0,0.0
496,0.0,20.0,10.0,10.0,10.0,10.0,10.0,10.0,10.0,10.0,0.0
497,0.0,0.0,0.0,7.0,0.0,0.0,70.0,5.0,6.0,9.0,3.0
498,0.0,0.0,3.0,2.0,0.0,0.0,55.0,0.0,40.0,0.0,0.0
499,0.0,0.0,0.0,92.0,0.0,0.0,0.0,7.0,0.0,1.0,0.0
500,0.0,10.0,0.0,30.0,0.0,0.0,40.0,5.0,15.0,0.0,0.0
501,0.0,10.0,15.0,60.0,3.0,4.0,0.0,0.0,0.0,6.0,2.0
502,0.0,60.0,0.0,40.0,0.0,0.0,0.0,0.0,0.0,0.0,0.0
503,0.0,0.0,0.0,0.0,0.0,0.0,100.0,0.0,0.0,0.0,0.0
505,0.0,1.0,0.0,5.0,0.0,0.0,70.0,0.0,24.0,0.0,0.0
506,0.0,1.0,0.0,5.0,0.0,0.0,70.0,0.0,24.0,0.0,0.0
507,0.0,2.0,1.0,5.0,0.0,2.0,70.0,3.0,17.0,0.0,0.0
508,0.0,0.0,0.0,0.0,0.0,0.0,0.0,0.0,0.0,100.0,0.0
509,0.0,0.0,0.0,0.0,0.0,0.0,0.0,0.0,0.0,100.0,0.0
511,0.0,15.0,5.0,70.0,10.0,0.0,0.0,0.0,0.0,0.0,0.0
512,0.0,0.0,0.0,7.0,0.0,0.0,66.0,2.0,25.0,0.0,0.0
514,0.0,0.0,2.0,5.0,0.0,0.0,70.0,11.0,12.0,0.0,0.0
515,0.0,0.0,0.0,4.0,0.0,0.0,88.0,0.0,8.0,0.0,0.0
516,0.0,0.0,0.0,2.0,0.0,0.0,82.0,1.0,0.0,15.0,0.0
518,0.0,5.0,15.0,80.0,0.0,0.0,0.0,0.0,0.0,0.0,0.0
519,0.0,0.0,5.0,85.0,10.0,0.0,0.0,0.0,0.0,0.0,0.0
520,0.0,0.0,0.0,80.0,0.0,0.0,20.0,0.0,0.0,0.0,0.0
521,0.0,0.0,0.0,0.0,0.0,0.0,100.0,0.0,0.0,0.0,0.0
522,0.0,0.0,0.0,0.0,0.0,0.0,100.0,0.0,0.0,0.0,0.0
523,0.0,5.0,0.0,10.0,0.0,0.0,85.0,0.0,0.0,0.0,0.0
524,0.0,15.0,10.0,40.0,10.0,5.0,5.0,5.0,10.0,0.0,0.0
525,0.0,15.0,25.0,44.0,0.0,15.0,0.0,1.0,0.0,0.0,0.0
526,0.0,0.0,0.0,10.0,0.0,15.0,75.0,0.0,0.0,0.0,0.0
527,0.0,0.0,0.0,0.0,0.0,0.0,100.0,0.0,0.0,0.0,0.0
528,0.0,0.0,0.0,0.0,0.0,0.0,100.0,0.0,0.0,0.0,0.0
529,0.0,0.0,0.0,1.0,0.0,0.0,82.0,0.0,6.0,11.0,0.0
530,0.0,0.0,10.0,10.0,10.0,0.0,40.0,10.0,20.0,0.0,0.0
531,0.0,0.0,10.0,10.0,10.0,0.0,40.0,10.0,20.0,0.0,0.0
532,0.0,0.0,0.0,15.0,0.0,0.0,60.0,0.0,25.0,0.0,0.0
534,0.0,1.0,0.0,3.0,0.0,1.0,80.0,0.0,15.0,0.0,0.0
535,0.0,0.0,0.0,20.0,0.0,0.0,80.0,0.0,0.0,0.0,0.0
537,0.0,0.0,0.0,5.0,0.0,0.0,45.0,28.0,2.0,20.0,0.0
538,0.0,0.0,0.0,3.0,0.0,0.0,51.0,3.0,31.0,2.0,10.0
539,0.0,0.0,0.0,0.0,0.0,0.0,100.0,0.0,0.0,0.0,0.0
540,0.0,8.0,0.0,29.0,0.0,0.0,0.0,0.0,63.0,0.0,0.0
541,0.0,3.0,0.0,8.0,0.0,14.0,38.0,0.0,37.0,0.0,0.0
543,0.0,0.0,1.0,2.0,0.0,0.0,72.0,0.0,20.0,5.0,0.0
544,0.0,0.0,0.0,18.0,0.0,0.0,7.0,0.0,75.0,0.0,0.0
545,0.0,10.0,10.0,10.0,10.0,10.0,10.0,10.0,10.0,10.0,10.0
548,0.0,10.46,2.04,24.77,0.0,0.0,51.28,0.36,10.67,0.0,0.0
549,0.0,0.0,0.0,0.0,0.0,0.0,95.0,1.0,0.0,4.0,0.0
550,0.0,10.0,10.0,0.0,0.0,0.0,80.0,0.0,0.0,0.0,0.0
551,0.0,0.0,0.0,32.0,0.0,0.0,45.0,0.0,23.0,0.0,0.0
552,0.0,0.0,0.0,1.0,0.0,0.0,60.0,5.0,20.0,14.0,0.0
553,0.0,0.0,0.0,0.0,0.0,0.0,100.0,0.0,0.0,0.0,0.0
554,0.0,1.0,0.0,2.0,0.0,0.0,80.0,3.0,13.0,1.0,0.0
555,0.0,5.0,0.0,5.0,0.0,5.0,80.0,0.0,5.0,0.0,0.0
556,0.0,7.0,0.0,30.0,2.0,0.0,60.0,1.0,0.0,0.0,0.0
557,0.0,0.0,0.0,95.0,0.0,0.0,0.0,0.0,0.0,5.0,0.0
558,0.0,0.0,0.0,90.0,0.0,0.0,0.0,0.0,0.0,10.0,0.0
559,0.0,0.0,0.0,90.0,0.0,0.0,0.0,0.0,0.0,10.0,0.0
560,0.0,0.0,0.0,80.0,0.0,0.0,0.0,0.0,0.0,20.0,0.0
561,0.0,0.0,0.0,91.0,0.0,0.0,0.0,2.0,3.0,0.0,4.0
562,0.0,0.0,0.0,18.2,0.0,0.0,35.4,3.6,42.8,0.0,0.0
563,0.0,0.0,0.0,18.2,0.0,0.0,35.4,3.6,42.8,0.0,0.0
564,0.0,0.0,6.0,6.0,0.0,0.0,0.0,1.0,87.0,0.0,0.0
565,0.0,10.0,10.0,10.0,0.0,5.0,50.0,5.0,0.0,10.0,0.0
567,0.0,1.74,0.0,1.19,0.0,0.0,32.06,0.05,64.96,0.0,0.0
568,0.0,0.0,0.0,80.0,0.0,0.0,20.0,0.0,0.0,0.0,0.0
570,0.0,0.0,0.0,21.0,0.0,0.0,0.0,0.0,79.0,0.0,0.0
571,0.0,0.0,0.0,0.0,0.0,0.0,95.0,0.0,0.0,5.0,0.0
572,0.0,3.0,0.0,8.0,0.0,14.0,38.0,0.0,37.0,0.0,0.0
574,0.0,3.0,1.0,19.0,1.0,0.0,55.0,0.0,4.0,17.0,0.0
576,0.0,2.3,0.52,1.08,2.5,0.0,89.3,1.48,1.08,0.0,1.74
577,0.0,49.0,0.0,43.0,0.0,0.0,0.0,2.0,1.0,1.0,4.0
578,0.0,0.0,0.0,43.0,0.0,0.0,49.0,2.0,1.0,1.0,4.0
579,0.0,0.0,25.0,45.0,15.0,0.0,10.0,0.0,0.0,0.0,0.0
580,0.0,65.0,35.0,0.0,0.0,0.0,0.0,0.0,0.0,0.0,0.0
581,0.0,45.0,0.0,0.0,0.0,0.0,45.0,0.0,5.0,5.0,0.0
583,0.0,25.0,15.0,30.0,0.0,0.0,30.0,0.0,0.0,0.0,0.0
585,0.0,4.0,3.0,85.0,0.0,0.0,2.0,1.0,5.0,0.0,0.0
588,0.0,4.0,3.0,85.0,0.0,0.0,2.0,1.0,5.0,0.0,0.0
589,0.0,4.0,3.0,85.0,0.0,0.0,2.0,1.0,5.0,0.0,0.0
590,0.0,4.0,3.0,85.0,0.0,0.0,2.0,1.0,5.0,0.0,0.0
591,0.0,4.0,3.0,85.0,0.0,0.0,2.0,1.0,5.0,0.0,0.0
592,0.0,4.0,3.0,85.0,0.0,0.0,2.0,1.0,5.0,0.0,0.0
593,0.0,14.0,20.0,12.0,20.0,1.0,0.0,0.0,0.0,0.0,33.0
594,0.0,14.0,20.0,12.0,20.0,1.0,0.0,0.0,0.0,0.0,33.0
596,0.0,5.0,0.0,15.0,3.0,0.0,75.0,0.0,2.0,0.0,0.0
597,0.0,5.0,0.0,15.0,3.0,0.0,75.0,0.0,2.0,0.0,0.0
598,0.0,2.0,11.0,6.0,0.7,0.0,46.0,0.5,33.8,0.0,0.0
599,0.0,1.04,1.17,3.72,0.26,0.0,85.32,3.72,4.59,0.0,0.0
600,0.0,1.04,1.17,3.72,0.26,0.0,85.32,3.72,4.59,0.0,0.0
601,0.0,3.0,0.0,3.0,0.0,3.0,40.0,51.0,0.0,0.0,0.0
602,0.0,1.0,0.0,13.0,0.0,0.0,34.0,5.0,38.0,1.0,8.0
603,0.0,7.0,0.0,19.0,0.0,0.0,43.0,6.0,25.0,0.0,0.0
604,0.0,0.0,1.0,25.0,0.0,0.0,53.0,6.0,14.0,0.0,0.0
605,0.0,7.0,7.0,0.0,3.0,0.0,66.0,3.0,14.0,0.0,0.0
606,0.0,5.0,1.0,46.0,1.0,0.0,47.0,0.0,0.0,0.0,0.0
607,0.0,0.5,0.5,38.5,0.0,0.0,8.5,0.0,52.0,0.0,0.0
608,0.0,0.0,0.0,65.0,0.0,0.0,30.0,0.0,5.0,0.0,0.0
609,0.0,1.18,0.0,26.33,0.0,3.92,44.37,3.07,13.5,2.5,0.2
610,0.0,1.18,0.0,26.33,0.0,3.92,44.37,3.07,13.5,2.5,0.2
611,0.0,1.18,0.0,26.33,0.0,3.92,44.37,3.07,13.5,2.5,0.2
612,0.0,0.0,0.0,5.0,0.0,0.0,25.0,5.0,60.0,5.0,0.0
613,0.0,0.0,0.0,0.0,0.0,0.0,80.0,10.0,10.0,0.0,0.0
614,0.0,3.0,0.0,10.0,0.0,5.0,27.0,30.0,25.0,0.0,0.0
615,0.0,0.0,0.0,15.0,0.0,0.0,60.0,15.0,6.0,4.0,0.0
616,0.0,0.0,0.0,15.0,0.0,0.0,60.0,15.0,6.0,4.0,0.0
617,0.0,0.0,0.0,0.0,0.0,0.0,0.0,0.0,100.0,0.0,0.0
618,0.0,0.0,0.0,11.0,0.0,0.0,30.0,1.0,58.0,0.0,0.0
619,0.0,1.0,0.0,10.0,0.0,0.0,30.0,2.0,57.0,0.0,0.0
620,0.0,0.0,0.0,0.0,0.0,0.0,100.0,0.0,0.0,0.0,0.0
621,0.0,10.0,0.0,40.0,0.0,0.0,40.0,0.0,10.0,0.0,0.0
622,0.0,10.0,0.0,40.0,0.0,0.0,40.0,0.0,10.0,0.0,0.0
623,0.0,0.0,0.0,8.0,0.0,0.0,83.0,0.0,5.0,0.0,4.0
625,0.0,10.0,0.0,30.0,5.0,0.0,45.0,3.0,2.0,5.0,0.0
626,0.0,2.0,0.0,2.0,0.0,1.0,75.0,8.0,10.0,2.0,0.0
628,0.0,5.0,10.0,30.0,15.0,0.0,25.0,0.0,10.0,0.0,5.0
629,0.0,0.1,0.0,2.5,0.0,0.0,88.0,5.9,3.2,0.1,0.0
630,0.0,0.1,0.0,2.5,0.0,0.0,88.0,5.9,3.2,0.1,0.0
631,0.0,0.0,0.0,30.0,0.0,0.0,0.0,0.0,70.0,0.0,0.0
632,0.0,5.0,4.0,16.0,1.0,1.0,60.0,0.0,13.0,0.0,0.0
633,0.0,0.21,0.0,7.22,0.0,0.0,0.0,13.0,79.57,0.0,0.0
634,0.0,0.21,0.0,7.22,0.0,0.0,0.0,13.0,79.57,0.0,0.0
635,0.0,0.0,0.0,20.0,0.0,0.0,10.0,10.0,60.0,0.0,0.0
636,0.0,1.0,45.0,4.0,1.0,0.0,37.0,0.0,12.0,0.0,0.0
637,0.0,0.0,0.0,30.0,0.0,1.0,34.0,5.0,30.0,0.0,0.0
638,0.0,6.0,0.0,36.0,0.0,4.0,0.0,0.0,54.0,0.0,0.0
639,0.0,6.0,0.0,89.0,0.0,3.0,1.0,0.0,0.0,1.0,0.0
640,0.0,40.0,0.0,45.0,10.0,0.0,0.0,0.0,0.0,0.0,0.0
641,0.0,5.0,0.0,40.0,0.0,10.0,20.0,0.0,25.0,0.0,0.0
642,0.0,0.0,0.0,2.0,0.0,0.0,98.0,0.0,0.0,0.0,0.0
643,0.0,0.0,0.0,85.0,0.0,0.0,0.0,5.0,10.0,0.0,0.0
644,0.0,5.32,1.64,15.81,0.91,0.0,66.05,0.0,9.74,0.0,0.0
646,0.0,5.0,10.0,35.0,5.0,0.0,20.0,10.0,15.0,0.0,0.0
647,0.0,5.0,1.0,10.0,1.0,0.0,73.0,0.0,5.0,2.0,3.0
648,0.0,9.0,14.0,31.0,5.0,0.0,30.0,1.0,10.0,0.0,0.0
649,0.0,25.0,3.0,12.0,0.0,17.0,25.0,5.0,11.0,2.0,0.0
650,0.0,25.0,3.0,12.0,0.0,17.0,25.0,5.0,11.0,2.0,0.0
651,0.0,0.75,0.95,3.5,0.15,0.0,85.15,0.0,9.5,0.0,0.0
652,0.0,0.75,0.95,3.5,0.15,0.0,85.15,0.0,9.5,0.0,0.0
653,0.0,0.0,0.0,17.7,0.0,2.3,72.4,0.0,7.6,0.0,0.0
654,0.0,0.0,0.0,0.0,0.0,0.0,80.0,5.0,10.0,5.0,0.0
655,0.0,1.0,0.0,43.0,0.0,0.0,53.0,0.0,3.0,0.0,0.0
656,0.0,1.0,0.0,43.0,0.0,0.0,53.0,0.0,3.0,0.0,0.0
657,0.0,0.0,0.0,70.0,0.0,0.0,20.0,0.0,10.0,0.0,0.0
658,0.0,0.0,0.0,70.0,0.0,0.0,20.0,0.0,10.0,0.0,0.0
660,0.0,0.0,0.0,30.0,0.0,0.0,0.0,30.0,40.0,0.0,0.0
661,0.0,20.0,2.0,17.0,1.0,0.0,58.0,0.0,2.0,0.0,0.0
662,0.0,19.0,3.0,15.0,1.0,0.0,58.0,1.0,2.0,0.0,0.0
663,0.0,0.0,0.0,16.0,0.0,0.0,55.0,0.0,29.0,0.0,0.0
664,0.0,0.0,0.0,27.0,0.0,0.0,47.0,0.0,26.0,0.0,0.0
665,0.0,0.0,0.0,0.0,0.0,20.0,50.0,20.0,0.0,10.0,0.0
666,0.0,0.0,0.0,5.0,0.0,0.0,55.0,5.0,30.0,5.0,0.0
667,0.0,0.0,0.0,10.0,0.0,0.0,60.0,5.0,0.0,0.0,25.0
668,0.0,15.0,0.0,35.0,0.0,0.0,25.0,0.0,25.0,0.0,0.0
669,0.0,2.0,0.0,15.0,0.0,8.0,40.0,5.0,30.0,0.0,0.0
670,0.0,0.0,0.0,10.0,0.0,0.0,40.0,20.0,30.0,0.0,0.0
671,0.0,0.0,0.0,5.0,0.0,0.0,10.0,10.0,75.0,0.0,0.0
672,0.0,0.0,0.0,3.0,0.0,0.0,95.0,0.0,2.0,0.0,0.0
673,0.0,0.0,0.0,39.0,0.0,0.0,60.0,0.0,1.0,0.0,0.0
674,0.0,0.0,0.0,50.0,0.0,0.0,0.0,0.0,50.0,0.0,0.0
675,0.0,0.0,0.0,8.0,0.0,0.0,59.0,10.0,18.0,5.0,0.0
676,0.0,0.0,0.0,64.0,0.0,0.0,22.0,0.0,14.0,0.0,0.0
677,0.0,14.61,2.75,18.6,0.79,0.0,60.25,0.25,2.75,0.0,0.0
678,0.0,5.0,0.0,50.0,0.0,0.0,10.0,5.0,30.0,0.0,0.0
679,0.0,0.0,0.0,6.0,0.0,1.0,40.0,0.0,53.0,0.0,0.0
680,0.0,0.0,0.0,17.0,0.0,0.0,40.0,17.0,26.0,0.0,0.0
681,0.0,5.0,6.0,10.0,3.0,0.0,50.0,4.0,22.0,0.0,0.0
682,0.0,13.56,0.34,23.28,0.0,0.0,43.14,0.0,0.0,0.0,19.68
683,0.0,1.26,0.66,7.16,0.0,0.0,73.74,0.0,16.01,0.0,1.17
685,0.0,10.0,0.0,90.0,0.0,0.0,0.0,0.0,0.0,0.0,0.0
686,0.0,2.08,1.03,62.84,9.25,0.0,16.42,0.0,8.26,0.0,0.12
687,0.0,0.0,0.0,4.0,0.0,0.0,88.0,0.0,8.0,0.0,0.0
688,0.0,10.0,0.0,4.0,2.0,2.0,73.0,0.0,4.0,5.0,0.0
689,0.0,0.0,0.0,33.0,0.0,0.0,53.0,0.0,14.0,0.0,0.0
691,0.0,2.0,0.0,65.0,0.0,0.0,5.0,2.0,26.0,0.0,0.0
692,0.0,5.0,0.0,15.0,0.0,0.0,20.0,10.0,50.0,0.0,0.0
696,0.0,6.0,0.0,31.0,2.0,0.0,11.0,0.0,15.0,15.0,20.0
697,0.0,0.0,0.0,2.0,0.0,0.0,80.0,0.0,10.0,8.0,0.0
698,0.0,0.0,0.0,0.0,0.0,0.0,100.0,0.0,0.0,0.0,0.0
700,0.0,0.0,0.0,10.0,0.0,0.0,80.0,3.0,7.0,0.0,0.0
701,0.0,0.0,0.0,7.0,0.0,2.0,87.0,0.0,4.0,0.0,0.0
702,0.0,0.0,0.0,100.0,0.0,0.0,0.0,0.0,0.0,0.0,0.0
703,0.0,0.0,0.0,12.0,0.0,4.0,63.0,4.0,17.0,0.0,0.0
704,0.0,0.0,0.0,5.0,0.0,2.0,72.0,2.0,19.0,0.0,0.0
705,0.0,4.77,2.62,23.13,1.69,0.0,62.76,0.11,4.73,0.0,0.0
706,0.0,15.0,0.0,7.0,0.0,0.0,78.0,0.0,0.0,0.0,0.0
707,0.0,0.0,0.0,12.0,0.0,2.0,70.0,0.0,12.0,4.0,0.0
708,0.0,3.0,0.0,3.0,0.0,2.0,75.0,1.0,16.0,0.0,0.0
710,0.0,10.0,10.0,10.0,0.0,0.0,30.0,0.0,15.0,25.0,0.0
711,0.0,9.49,0.21,65.28,1.76,0.0,11.05,0.25,11.61,0.0,0.35
712,0.0,5.0,0.0,53.0,0.0,0.0,26.0,0.0,15.0,0.0,0.0
713,0.0,0.05,0.0,5.0,0.0,0.0,64.0,1.0,29.95,0.0,0.0
714,0.0,0.0,0.0,9.0,0.0,0.0,61.0,1.0,28.0,1.0,0.0
715,0.0,19.0,1.0,10.0,0.0,0.0,63.0,1.0,6.0,0.0,0.0
716,0.0,0.0,0.0,1.0,0.0,0.0,26.0,0.0,73.0,0.0,0.0
717,0.0,0.0,0.0,1.0,0.0,0.0,26.0,0.0,73.0,0.0,0.0
718,0.0,11.0,4.0,63.0,1.0,0.0,15.0,0.0,6.0,0.0,0.0
719,0.0,0.0,0.0,12.0,0.0,0.0,78.0,2.0,5.0,3.0,0.0
720,0.0,0.0,0.0,0.0,0.0,0.0,92.0,0.0,0.0,1.0,7.0
721,0.0,0.0,0.0,0.0,0.0,0.0,92.0,0.0,0.0,1.0,7.0
722,0.0,9.0,0.0,15.0,0.0,0.0,54.0,2.0,20.0,0.0,0.0
723,0.0,1.0,19.0,30.0,1.0,1.0,37.0,3.0,8.0,0.0,0.0
724,0.0,5.32,0.14,33.1,4.93,0.0,43.7,0.44,11.4,0.0,0.97
725,0.0,0.5,0.0,9.0,0.0,0.0,74.5,0.0,16.0,0.0,0.0
726,0.0,0.0,0.0,0.0,0.0,0.0,100.0,0.0,0.0,0.0,0.0
727,0.0,0.0,0.0,0.0,0.0,0.0,100.0,0.0,0.0,0.0,0.0
728,0.0,2.0,0.0,2.0,0.0,0.0,74.0,8.0,14.0,0.0,0.0
729,0.0,2.0,0.0,2.0,0.0,0.0,74.0,8.0,14.0,0.0,0.0
730,0.0,30.0,10.0,40.0,15.0,0.0,0.0,2.0,3.0,0.0,0.0
731,0.0,1.28,20.02,18.3,0.45,0.0,19.0,0.02,40.93,0.0,0.0
732,0.0,1.28,20.02,18.3,0.45,0.0,19.0,0.02,40.93,0.0,0.0
734,0.0,0.0,0.0,79.0,5.0,10.0,4.0,1.0,0.0,0.0,0.0
735,0.0,0.0,0.0,79.0,5.0,10.0,4.0,1.0,0.0,0.0,0.0
736,0.0,0.0,0.0,0.0,0.0,0.0,100.0,0.0,0.0,0.0,0.0
737,0.0,0.0,0.0,0.0,0.0,0.0,100.0,0.0,0.0,0.0,0.0
738,0.0,0.14,0.0,98.9,0.0,0.0,0.0,0.82,0.14,0.0,0.0
739,0.0,0.14,0.0,98.9,0.0,0.0,0.0,0.82,0.14,0.0,0.0
740,0.0,12.0,0.0,0.0,0.0,0.0,63.33,1.79,22.0,0.0,0.0
742,0.0,14.5,1.85,26.53,3.26,0.0,35.0,0.0,18.86,0.0,0.0
743,0.0,0.28,0.39,6.85,0.0,0.0,45.49,1.34,45.55,0.0,0.0
744,0.0,0.0,0.0,0.0,0.0,0.0,99.0,0.0,1.0,0.0,0.0
745,0.0,0.0,0.0,0.0,0.0,0.0,99.0,0.0,1.0,0.0,0.0
746,0.0,5.0,0.0,0.0,0.0,0.0,90.0,0.0,5.0,0.0,0.0
747,0.0,5.0,0.0,0.0,0.0,0.0,90.0,0.0,5.0,0.0,0.0
748,0.0,4.0,5.0,8.0,1.0,0.0,80.0,2.0,0.0,0.0,0.0
749,0.0,4.0,5.0,8.0,1.0,0.0,80.0,2.0,0.0,0.0,0.0
752,0.0,18.0,0.0,0.0,0.0,0.0,82.0,0.0,0.0,0.0,0.0
753,0.0,0.0,0.0,16.0,0.0,0.0,84.0,0.0,0.0,0.0,0.0
754,0.0,0.0,0.0,16.0,0.0,0.0,84.0,0.0,0.0,0.0,0.0
755,0.0,2.0,0.0,2.0,0.0,0.0,95.0,0.0,1.0,0.0,0.0
756,0.0,0.0,0.0,0.0,0.0,0.0,90.0,5.0,5.0,0.0,0.0
757,0.0,0.0,0.0,0.0,0.0,0.0,60.0,20.0,20.0,0.0,0.0
758,0.0,11.0,6.0,17.0,2.0,0.0,50.0,0.0,12.0,0.0,2.0
759,0.0,11.0,6.0,17.0,2.0,0.0,50.0,0.0,12.0,0.0,2.0
760,0.0,1.36,0.12,2.44,5.6,0.0,88.47,0.0,1.48,0.0,0.0
761,0.0,1.0,0.0,0.5,0.0,0.0,71.5,3.0,15.0,1.0,8.0
762,0.0,6.87,0.1,4.35,0.0,0.0,73.07,0.07,8.95,6.42,0.17
763,0.0,0.0,0.0,9.0,0.0,0.0,63.0,15.0,13.0,0.0,0.0
764,0.0,5.0,1.33,6.0,0.27,0.0,83.0,0.0,3.5,0.0,0.0
765,0.0,0.0,0.0,1.0,0.0,4.0,95.0,0.0,0.0,0.0,0.0
766,0.0,2.0,2.0,2.0,2.0,0.0,37.0,2.0,53.0,0.0,0.0
767,0.0,0.0,5.0,2.0,0.0,0.0,75.0,10.0,3.0,5.0,0.0
768,0.0,5.0,0.0,15.0,0.0,0.0,70.0,10.0,0.0,0.0,0.0
769,0.0,18.0,0.0,0.0,0.0,0.0,82.0,0.0,0.0,0.0,0.0
770,0.0,3.0,0.0,85.0,0.0,0.0,0.0,2.0,10.0,0.0,0.0
771,0.0,2.0,3.0,10.0,0.0,0.0,59.0,0.0,8.0,0.0,0.0
773,0.0,0.0,0.0,2.0,0.0,0.0,90.0,0.0,8.0,0.0,0.0
775,0.0,0.0,0.0,0.0,0.0,0.0,100.0,0.0,0.0,0.0,0.0
776,0.0,0.0,0.0,100.0,0.0,0.0,0.0,0.0,0.0,0.0,0.0
777,0.0,0.0,0.0,1.0,0.0,10.0,82.0,1.0,2.0,4.0,0.0
778,0.0,0.0,0.0,0.0,0.0,0.0,90.0,3.0,0.0,1.0,6.0
779,0.0,0.0,4.0,12.0,0.0,0.0,80.0,1.0,3.0,0.0,0.0
780,0.0,2.0,0.0,80.0,0.0,0.0,0.0,0.0,18.0,0.0,0.0
781,0.0,0.0,0.0,15.0,0.0,0.0,0.0,35.0,50.0,0.0,0.0
