Id,TotalNetRevenue,ProjectedAnnualGrowthRate,RecurringRevenuePercent,TotalOutstandingAssets,TotalOutstandingLiabilities,RevenueBreakdownId,OperatingExpensesId,OtherIncomeAndExpensesId,OperatingExpenseAdjustmentsId
1,2350000.0,5.0,87.0,0.0,0.0,1,1,1,1
2,1320000.0,30.0,100.0,0.0,0.0,2,2,2,2
4,662674.0,15.0,90.0,0.0,0.0,4,4,4,4
5,662674.0,5.0,90.0,0.0,0.0,5,5,5,5
6,1443750.0,8.0,100.0,0.0,0.0,6,6,6,6
7,550000.0,3.0,70.0,10000.0,0.0,7,7,7,7
8,2100000.0,20.0,100.0,0.0,0.0,8,8,8,8
9,2600000.0,60.0,100.0,0.0,0.0,9,9,9,9
12,2356000.0,10.0,95.0,50000.0,0.0,12,12,12,12
13,2236000.0,10.0,95.0,50000.0,0.0,13,13,13,13
14,2356000.0,10.0,95.0,50000.0,0.0,14,14,14,14
15,2545000.0,2.0,32.0,683000.0,0.0,15,15,15,15
16,5950000.0,10.0,85.0,0.0,0.0,16,16,16,16
17,1606000.0,10.0,100.0,125000.0,0.0,17,17,17,17
18,1606000.0,10.0,85.0,0.0,0.0,18,18,18,18
19,1606000.0,10.0,85.0,0.0,0.0,19,19,19,19
20,5761033.0,5.0,95.0,0.0,0.0,20,20,20,20
21,5761033.0,10.0,95.0,0.0,0.0,21,21,21,21
22,257793.0,2.0,48.0,0.0,0.0,22,22,22,22
23,650000.0,2.0,75.0,0.0,0.0,23,23,23,23
24,650000.0,8.0,75.0,0.0,0.0,24,24,24,24
25,4200000.0,10.0,70.0,146367.0,170000.0,25,25,25,25
26,3452000.0,7.0,80.0,86423.0,179436.0,26,26,26,26
27,3554907.0,12.0,80.0,43631.49,113659.62,27,27,27,27
28,640272.0,10.0,70.0,0.0,0.0,28,28,28,28
29,713544.0,5.0,90.0,350000.0,0.0,29,29,29,29
30,624683.0,5.0,90.0,350000.0,0.0,30,30,30,30
31,816935.33,10.0,41.4,680002.92,0.0,31,31,31,31
32,1000714.0,1.0,90.0,0.0,0.0,32,32,32,32
33,534215.0,10.0,90.0,0.0,0.0,33,33,33,33
34,2200000.0,10.0,90.0,0.0,0.0,34,34,34,34
36,168000.0,5.0,70.0,0.0,0.0,36,36,36,36
37,1700000.0,30.0,1700000.0,0.0,0.0,37,37,37,37
38,1800000.0,6.5,75.0,0.0,0.0,38,38,38,38
39,257000.0,2.0,48.0,0.0,0.0,39,39,39,39
40,4600000.0,10.0,100.0,100000.0,0.0,40,40,40,40
41,4450000.0,10.0,100.0,85000.0,0.0,41,41,41,41
42,250000.0,8.0,50.0,0.0,0.0,42,42,42,42
43,200000.0,15.0,95.0,0.0,0.0,43,43,43,43
45,555000.0,5.0,95.0,0.0,0.0,45,45,45,45
46,550000.0,5.0,95.0,0.0,0.0,46,46,46,46
47,9000000.0,15.0,40.0,1150000.0,100000.0,47,47,47,47
48,750000.0,10.0,66.0,0.0,0.0,48,48,48,48
49,120000.0,3.0,95.0,0.0,0.0,49,49,49,49
50,1250000.0,5.0,95.0,0.0,0.0,50,50,50,50
51,2750000.0,5.0,95.0,0.0,0.0,51,51,51,51
52,3100000.0,5.0,95.0,0.0,0.0,52,52,52,52
53,1362881.0,-5.0,90.0,434079.0,129797.0,53,53,53,53
54,2504000.0,15.0,56.0,1851664.0,1606154.0,54,54,54,54
55,580961.0,15.0,100.0,0.0,0.0,55,55,55,55
56,120000.0,-10.0,70.0,0.0,0.0,56,56,56,56
57,80000.0,0.0,100.0,0.0,0.0,57,57,57,57
58,8900000.0,15.0,100.0,0.0,0.0,58,58,58,58
59,1200000.0,20.0,90.0,0.0,0.0,59,59,59,59
60,1270000.0,5.0,90.0,0.0,0.0,60,60,60,60
61,1385000.0,5.0,90.0,0.0,0.0,61,61,61,61
62,2152000.0,8.0,67.0,0.0,0.0,62,62,62,62
63,195000.0,15.0,90.0,0.0,0.0,63,63,63,63
64,4599000.0,10.0,83.0,0.0,0.0,64,64,64,64
65,498000.0,5.0,70.0,0.0,0.0,65,65,65,65
66,500000.0,5.0,100.0,0.0,0.0,66,66,66,66
67,233100.0,10.0,100.0,323000.0,225000.0,67,67,67,67
68,200000.0,10.0,20.0,25000.0,0.0,68,68,68,68
69,450000.0,10.0,42.0,0.0,0.0,69,69,69,69
70,425000.0,10.0,65.0,0.0,0.0,70,70,70,70
71,353000.0,10.0,95.0,20000.0,0.0,71,71,71,71
72,609100.0,5.0,93.0,0.0,0.0,72,72,72,72
73,593619.0,5.0,93.0,55303.56,6853.63,73,73,73,73
74,405150.0,10.0,70.0,0.0,85000.0,74,74,74,74
75,2609611.0,15.0,100.0,0.0,0.0,75,75,75,75
76,4892483.0,10.0,26.0,0.0,0.0,76,76,76,76
77,1650000.0,12.0,55.0,0.0,0.0,77,77,77,77
78,2716613.0,10.0,100.0,0.0,0.0,78,78,78,78
79,4892483.0,10.0,26.0,0.0,0.0,79,79,79,79
80,246631.0,15.0,49.93,0.0,0.0,80,80,80,80
81,617497.0,5.0,71.2,0.0,0.0,81,81,81,81
82,2467343.54,10.0,100.0,0.0,0.0,82,82,82,82
83,947500.0,5.0,100.0,35473.7,35473.7,83,83,83,83
84,927500.0,5.0,100.0,55000.0,55000.0,84,84,84,84
85,927500.0,5.0,100.0,55000.0,55000.0,85,85,85,85
86,1992626.0,2.5,82.6,583519.0,73234.0,86,86,86,86
87,15500000.0,35.0,100.0,1503985.0,752501.0,87,87,87,87
88,2516018.0,6.0,98.0,0.0,0.0,88,88,88,88
89,2516018.0,6.0,98.0,255347.0,595.0,89,89,89,89
90,1030000.0,10.0,60.0,29000.0,0.0,90,90,90,90
91,1045000.0,10.0,50.0,60000.0,0.0,91,91,91,91
92,466935.0,14.8,98.0,50000.0,0.0,92,92,92,92
93,1634575.0,10.0,100.0,0.0,0.0,93,93,93,93
94,14000000.0,20.0,90.0,0.0,0.0,94,94,94,94
95,482000.0,20.0,90.0,0.0,0.0,95,95,95,95
96,1400000.0,5.0,90.0,0.0,0.0,96,96,96,96
97,2470232.0,13.0,97.0,150000.0,0.0,97,97,97,97
98,2470232.0,13.0,97.0,180000.0,0.0,98,98,98,98
99,11003000.0,15.0,100.0,2421000.0,550000.0,99,99,99,99
100,17300000.0,8.0,95.0,50000.0,0.0,100,100,100,100
101,17400000.0,12.0,98.0,2400000.0,140000.0,101,101,101,101
102,11003000.0,15.0,100.0,2421000.0,550000.0,102,102,102,102
103,3063958.0,10.0,93.0,0.0,0.0,103,103,103,103
104,3063958.0,10.0,93.0,0.0,0.0,104,104,104,104
105,1336240.0,20.0,100.0,0.0,0.0,105,105,105,105
106,4920000.0,15.0,100.0,0.0,0.0,106,106,106,106
107,4424267.0,10.0,100.0,0.0,0.0,107,107,107,107
108,946206.0,17.0,99.0,0.0,0.0,108,108,108,108
110,1500000.0,3.0,100.0,228000.0,4000.0,110,110,110,110
111,425000.0,4.0,100.0,50000.0,5000.0,111,111,111,111
112,630000.0,10.0,98.0,50000.0,5000.0,112,112,112,112
113,444000.0,3.0,95.0,0.0,0.0,113,113,113,113
115,2350000.0,12.0,100.0,159754.0,102220.0,115,115,115,115
116,2350000.0,12.0,100.0,159754.0,102220.0,116,116,116,116
117,431939.0,10.0,98.0,0.0,184686.0,117,117,117,117
119,90000.0,10.0,20.0,0.0,0.0,119,119,119,119
120,2500000.0,7.0,96.82,0.0,0.0,120,120,120,120
122,208730.0,0.0,8.0,0.0,0.0,122,122,122,122
123,2160801.0,30.0,70.0,0.0,0.0,123,123,123,123
124,550000.0,15.0,94.0,0.0,0.0,124,124,124,124
125,450000.0,10.0,90.0,0.0,0.0,125,125,125,125
126,500000.0,10.0,90.0,0.0,0.0,126,126,126,126
127,2000000.0,12.0,100.0,0.0,0.0,127,127,127,127
128,4042000.0,15.0,95.0,0.0,35000.0,128,128,128,128
129,1700000.0,5.0,75.0,1393616.0,1017963.0,129,129,129,129
130,1950000.0,6.0,70.0,3000000.0,1600000.0,130,130,130,130
131,1726498.27,6.0,87.0,0.0,0.0,131,131,131,131
132,1862131.52,10.0,97.0,0.0,0.0,132,132,132,132
133,722073.6,6.0,91.0,0.0,0.0,133,133,133,133
134,593737.43,4.0,77.0,0.0,0.0,134,134,134,134
135,5888648.0,0.0,0.0,0.0,0.0,135,135,135,135
136,4600000.0,5.0,95.0,1500000.0,700000.0,136,136,136,136
137,4200000.0,10.0,98.0,0.0,0.0,137,137,137,137
138,3900000.0,10.0,98.0,0.0,0.0,138,138,138,138
139,1505463.0,5.0,100.0,0.0,0.0,139,139,139,139
140,650000.0,15.0,75.0,0.0,0.0,140,140,140,140
141,750000.0,15.0,75.0,0.0,0.0,141,141,141,141
142,725000.0,15.0,90.0,0.0,0.0,142,142,142,142
143,840000.0,1.0,95.0,0.0,0.0,143,143,143,143
144,3400000.0,15.0,100.0,0.0,0.0,144,144,144,144
145,10000.0,5.0,100.0,0.0,0.0,145,145,145,145
146,172316.0,5.0,10.0,0.0,207000.0,146,146,146,146
147,2000000.0,2.0,75.0,0.0,0.0,147,147,147,147
148,1903418.0,3.0,85.0,0.0,0.0,148,148,148,148
149,2500000.0,5.0,85.0,0.0,0.0,149,149,149,149
150,463000.0,10.0,100.0,30000.0,30000.0,150,150,150,150
151,625000.0,25.0,100.0,0.0,0.0,151,151,151,151
152,724550.96,15.0,85.0,0.0,0.0,152,152,152,152
153,2186335.89,10.0,88.0,0.0,0.0,153,153,153,153
154,2186335.89,10.0,88.0,0.0,0.0,154,154,154,154
155,1500000.0,5.0,50.0,0.0,0.0,155,155,155,155
156,1500000.0,5.0,50.0,200000.0,0.0,156,156,156,156
157,1300000.0,4.4,50.0,200000.0,0.0,157,157,157,157
158,6092125.0,16.0,100.0,0.0,0.0,158,158,158,158
159,3000000.0,15.0,98.0,0.0,0.0,159,159,159,159
160,545000.0,10.0,65.0,125000.0,10000.0,160,160,160,160
161,0.0,10.0,60.0,0.0,0.0,161,161,161,161
162,571324.0,10.0,80.0,0.0,0.0,162,162,162,162
163,1250000.0,5.0,90.0,0.0,0.0,163,163,163,163
164,1250000.0,5.0,90.0,0.0,0.0,164,164,164,164
165,1321375.0,10.0,100.0,0.0,0.0,165,165,165,165
166,1321375.0,10.0,100.0,0.0,0.0,166,166,166,166
167,508350.0,7.0,85.0,25000.0,0.0,167,167,167,167
168,508350.0,7.0,90.0,25000.0,0.0,168,168,168,168
169,795000.0,10.0,75.0,20000.0,0.0,169,169,169,169
170,1000000.0,7.0,80.0,25000.0,0.0,170,170,170,170
171,1150000.0,7.0,80.0,25000.0,0.0,171,171,171,171
172,650000.0,10.0,90.0,0.0,0.0,172,172,172,172
173,1670000.0,5.0,100.0,0.0,0.0,173,173,173,173
174,2231471.0,9.0,96.0,0.0,0.0,174,174,174,174
175,1000000.0,0.0,50.0,0.0,0.0,175,175,175,175
176,806292.0,10.0,96.0,0.0,0.0,176,176,176,176
177,806292.0,10.0,96.0,0.0,0.0,177,177,177,177
178,806292.0,10.0,96.0,0.0,0.0,178,178,178,178
179,1494879.0,8.0,99.0,0.0,0.0,179,179,179,179
180,1550356.0,8.0,99.0,0.0,0.0,180,180,180,180
181,4930858.0,40.0,95.0,0.0,0.0,181,181,181,181
182,1560000.0,10.0,65.0,46957.0,4800.0,182,182,182,182
183,1096230.0,6.0,60.0,0.0,15000.0,183,183,183,183
184,1096230.0,6.0,60.0,0.0,0.0,184,184,184,184
186,529000.0,4.0,100.0,0.0,0.0,186,186,186,186
187,522500.0,12.0,65.0,0.0,0.0,187,187,187,187
188,522500.0,12.0,65.0,0.0,0.0,188,188,188,188
190,660000.0,8.0,85.0,30000.0,35000.0,190,190,190,190
191,376171.0,10.0,99.0,45000.0,183700.0,191,191,191,191
192,457945.0,5.0,98.0,10000.0,171504.0,192,192,192,192
193,457945.0,5.0,98.0,30000.0,171504.0,193,193,193,193
194,631019.0,1.0,95.0,172201.0,0.0,194,194,194,194
195,3096880.0,15.0,90.0,1460000.0,837000.0,195,195,195,195
197,785000.0,12.0,53.0,0.0,0.0,197,197,197,197
199,1862088.0,1.16,78.0,0.0,0.0,199,199,199,199
200,360000.0,3.0,100.0,0.0,0.0,200,200,200,200
201,1354426.0,5.0,100.0,0.0,0.0,201,201,201,201
202,1319738.0,5.0,100.0,0.0,0.0,202,202,202,202
203,445000.0,10.0,60.0,0.0,0.0,203,203,203,203
205,1616974.0,8.0,90.0,0.0,0.0,205,205,205,205
206,730000.0,15.0,70.0,0.0,0.0,206,206,206,206
207,803000.0,7.0,75.0,0.0,0.0,207,207,207,207
208,803000.0,7.0,75.0,0.0,0.0,208,208,208,208
209,1255422.0,5.0,1191860.0,0.0,0.0,209,209,209,209
210,1300000.0,5.0,1191860.0,0.0,0.0,210,210,210,210
211,1325000.0,5.0,90.0,0.0,0.0,211,211,211,211
212,1325000.0,5.0,95.0,0.0,0.0,212,212,212,212
213,1500000.0,8.0,70.0,0.0,0.0,213,213,213,213
214,1150000.0,7.0,70.0,0.0,250000.0,214,214,214,214
215,1150000.0,7.0,70.0,0.0,250000.0,215,215,215,215
216,1000000.0,5.0,0.0,0.0,0.0,216,216,216,216
217,1790730.64,10.0,99.0,0.0,0.0,217,217,217,217
218,732379.07,12.0,95.0,0.0,0.0,218,218,218,218
219,527365.69,5.0,90.0,0.0,0.0,219,219,219,219
220,429981.15,5.0,95.0,0.0,0.0,220,220,220,220
221,448623.21,10.0,86.0,0.0,0.0,221,221,221,221
222,7600000.0,10.0,90.0,0.0,0.0,222,222,222,222
223,715000.0,8.0,85.0,0.0,0.0,223,223,223,223
224,1632521.0,3.0,100.0,1043992.0,0.0,224,224,224,224
225,1156000.0,10.0,65.0,52714.0,15124.0,225,225,225,225
226,7800000.0,5.0,95.0,0.0,0.0,226,226,226,226
227,2897927.0,10.0,100.0,0.0,0.0,227,227,227,227
228,1500000.0,15.0,100.0,0.0,0.0,228,228,228,228
229,650000.0,5.0,100.0,0.0,48000.0,229,229,229,229
230,1500000.0,5.0,100.0,300000.0,50000.0,230,230,230,230
231,1031036.0,8.0,80.0,0.0,0.0,231,231,231,231
232,2560000.0,5.0,90.0,0.0,0.0,232,232,232,232
233,2020000.0,5.0,90.0,0.0,0.0,233,233,233,233
234,3657000.0,6.0,90.0,50000.0,0.0,234,234,234,234
235,3657641.0,5.0,90.0,50000.0,0.0,235,235,235,235
236,3323000.0,6.0,97.0,153000.0,76000.0,236,236,236,236
237,3650000.0,4.0,95.0,153000.0,76000.0,237,237,237,237
238,2300000.0,6.0,100.0,340000.0,150000.0,238,238,238,238
239,3050000.0,8.0,90.0,23000.0,0.0,239,239,239,239
240,572080.0,8.0,100.0,0.0,0.0,240,240,240,240
242,204759.0,13.0,65.0,0.0,0.0,242,242,242,242
243,1895835.0,10.0,95.0,1.0,0.0,243,243,243,243
244,10341755.74,5.0,90.0,1800000.0,0.0,244,244,244,244
246,14096065.0,5.0,95.0,4974869.0,1140978.0,246,246,246,246
247,11831786.0,5.0,90.0,5213217.0,1855764.0,247,247,247,247
248,15096065.0,5.0,95.0,4974869.0,1140978.0,248,248,248,248
251,1400000.0,10.0,100.0,0.0,0.0,251,251,251,251
252,831867.0,5.0,100.0,0.0,0.0,252,252,252,252
253,1400000.0,10.0,100.0,0.0,0.0,253,253,253,253
254,6787835.0,15.0,100.0,0.0,0.0,254,254,254,254
255,6787835.0,8.0,100.0,0.0,0.0,255,255,255,255
256,4249798.0,16.0,75.0,0.0,0.0,256,256,256,256
257,0.0,15.0,95.0,0.0,0.0,257,257,257,257
258,2470231.0,12.0,98.0,0.0,0.0,258,258,258,258
259,355800.0,8.0,30.0,78358.0,0.0,259,259,259,259
260,400000.0,8.0,30.0,78358.0,0.0,260,260,260,260
261,400000.0,8.0,30.0,78358.0,0.0,261,261,261,261
262,311000.0,5.0,95.0,0.0,0.0,262,262,262,262
263,259209.48,10.0,50.0,0.0,0.0,263,263,263,263
264,5722146.0,10.0,97.0,0.0,0.0,264,264,264,264
265,630000.0,8.0,95.0,0.0,0.0,265,265,265,265
266,600000.0,8.0,95.0,0.0,0.0,266,266,266,266
267,445000.0,15.0,80.0,0.0,0.0,267,267,267,267
268,1955000.0,10.0,70.0,25000.0,0.0,268,268,268,268
269,605000.0,3.0,90.0,0.0,0.0,269,269,269,269
270,725000.0,10.0,95.0,0.0,0.0,270,270,270,270
271,696156.0,8.0,75.0,50000.0,9800.0,271,271,271,271
272,1628319.0,10.0,99.0,189000.0,550000.0,272,272,272,272
273,1216719.0,10.0,100.0,35000.0,0.0,273,273,273,273
274,1600000.0,10.0,100.0,35000.0,0.0,274,274,274,274
276,813000.0,15.0,75.0,0.0,0.0,276,276,276,276
277,859800.0,15.0,90.0,0.0,0.0,277,277,277,277
278,1400000.0,20.0,0.0,0.0,0.0,278,278,278,278
279,582000.0,10.0,70.0,50000.0,0.0,279,279,279,279
280,1700000.0,9.0,73.0,0.0,0.0,280,280,280,280
281,2100000.0,5.0,98.0,0.0,0.0,281,281,281,281
282,2100000.0,5.0,98.0,0.0,0.0,282,282,282,282
284,850000.0,5.0,90.0,50000.0,0.0,284,284,284,284
285,2413327.0,5.0,85.0,0.0,0.0,285,285,285,285
286,2413327.0,5.0,85.0,0.0,0.0,286,286,286,286
287,500000.0,6.0,80.0,0.0,0.0,287,287,287,287
288,2464380.0,15.0,90.0,0.0,0.0,288,288,288,288
289,815000.0,5.0,100.0,300000.0,250000.0,289,289,289,289
290,1273692.0,7.0,99.0,0.0,0.0,290,290,290,290
291,716113.0,10.0,85.0,1025000.0,3161.0,291,291,291,291
292,647919.0,7.0,82.0,183167.0,69225.0,292,292,292,292
293,2634499.0,5.0,85.0,0.0,0.0,293,293,293,293
295,190000.0,5.0,100.0,0.0,0.0,295,295,295,295
296,684624.0,10.0,65.0,0.0,0.0,296,296,296,296
297,1334386.0,5.0,85.0,0.0,0.0,297,297,297,297
299,1200000.0,0.0,100.0,0.0,0.0,299,299,299,299
300,8944191.0,5.0,100.0,1968951.0,1968951.0,300,300,300,300
301,7739720.0,5.0,100.0,1910424.0,615897.0,301,301,301,301
302,1405000.0,3.0,85.0,0.0,0.0,302,302,302,302
303,399528.0,7.0,90.0,0.0,0.0,303,303,303,303
304,1024000.0,10.0,75.0,50000.0,400000.0,304,304,304,304
305,548000.0,5.0,50.0,0.0,0.0,305,305,305,305
306,736000.0,10.0,90.0,0.0,0.0,306,306,306,306
307,770000.0,10.0,90.0,0.0,0.0,307,307,307,307
308,850000.0,10.0,90.0,0.0,0.0,308,308,308,308
309,880000.0,0.0,75.0,0.0,0.0,309,309,309,309
310,800000.0,9.0,100.0,0.0,0.0,310,310,310,310
312,2000000.0,10.0,75.0,0.0,0.0,312,312,312,312
313,565000.0,5.0,90.0,50000.0,0.0,313,313,313,313
314,1184635.0,7.0,89.0,143374.0,80055.0,314,314,314,314
315,1184635.0,7.0,89.0,143374.0,80055.0,315,315,315,315
316,1050000.0,5.0,60.0,0.0,0.0,316,316,316,316
317,729000.0,10.0,99.0,0.0,0.0,317,317,317,317
318,602577.0,10.0,90.0,0.0,0.0,318,318,318,318
319,1141996.0,10.0,85.0,95602.0,0.0,319,319,319,319
320,12000000.0,15.0,95.0,0.0,0.0,320,320,320,320
321,1948000.0,5.0,95.0,800000.0,120000.0,321,321,321,321
322,2300000.0,5.0,98.0,800000.0,120000.0,322,322,322,322
323,2300000.0,5.0,95.0,800000.0,120000.0,323,323,323,323
324,1300000.0,10.0,75.0,25000.0,75000.0,324,324,324,324
325,65000.0,5.0,40.0,0.0,0.0,325,325,325,325
326,182000.0,10.0,82.0,0.0,0.0,326,326,326,326
327,650520.0,15.0,75.0,5000.0,0.0,327,327,327,327
328,2000000.0,12.0,25.0,0.0,0.0,328,328,328,328
330,1400000.0,20.0,100.0,5000.0,0.0,330,330,330,330
331,1000000.0,30.0,50.0,0.0,0.0,331,331,331,331
332,1300000.0,30.0,60.0,0.0,0.0,332,332,332,332
333,1915510.0,15.0,95.0,130000.0,0.0,333,333,333,333
334,1915510.0,15.0,95.0,150000.0,0.0,334,334,334,334
335,989000.0,5.0,45.0,50000.0,0.0,335,335,335,335
336,300000.0,350000.0,200000.0,0.0,0.0,336,336,336,336
337,1394000.0,0.0,90.0,300000.0,0.0,337,337,337,337
338,364719.0,2.0,89.0,0.0,0.0,338,338,338,338
339,3200000.0,12.0,75.0,0.0,0.0,339,339,339,339
340,900000.0,6.0,20.0,0.0,0.0,340,340,340,340
341,525000.0,5.0,80.0,0.0,0.0,341,341,341,341
342,697922.0,15.0,98.0,250000.0,0.0,342,342,342,342
343,830486.0,15.0,98.0,250000.0,0.0,343,343,343,343
344,1025000.0,10.0,98.0,150000.0,0.0,344,344,344,344
345,6100000.0,10.0,100.0,0.0,0.0,345,345,345,345
346,6128596.0,10.0,100.0,0.0,0.0,346,346,346,346
347,2800000.0,3.0,50.0,0.0,0.0,347,347,347,347
349,2800000.0,3.0,80.0,500000.0,0.0,349,349,349,349
351,842216.0,8.0,85.0,0.0,0.0,351,351,351,351
353,388768.0,8.0,90.0,0.0,0.0,353,353,353,353
354,0.0,12.0,100.0,0.0,0.0,354,354,354,354
355,3444120.0,12.0,100.0,0.0,0.0,355,355,355,355
356,3000000.0,10.0,75.0,0.0,0.0,356,356,356,356
357,697577.0,5.0,90.0,0.0,0.0,357,357,357,357
358,268464.0,4.0,60.0,0.0,0.0,358,358,358,358
359,1750000.0,20.0,83.0,0.0,0.0,359,359,359,359
360,1694233.0,20.0,83.0,450000.0,0.0,360,360,360,360
361,7666567.0,10.0,99.0,0.0,0.0,361,361,361,361
362,7666567.0,10.0,99.0,0.0,0.0,362,362,362,362
363,11000000.0,7.0,80.0,0.0,0.0,363,363,363,363
364,2030000.0,8.0,75.0,0.0,0.0,364,364,364,364
365,2150000.0,8.0,80.0,0.0,0.0,365,365,365,365
366,2916925.0,10.0,85.0,0.0,0.0,366,366,366,366
367,600000.0,5.0,85.0,0.0,30000.0,367,367,367,367
368,450000.0,5.0,37.5,0.0,0.0,368,368,368,368
369,618803.0,5.0,75.0,7525.0,1677.0,369,369,369,369
370,595218.0,0.0,0.0,8810.0,2319.0,370,370,370,370
371,522495.0,0.0,0.0,8580.0,1678.0,371,371,371,371
372,449218.0,0.0,0.0,8758.0,5321.0,372,372,372,372
373,412854.0,0.0,0.0,8641.0,910.0,373,373,373,373
374,679642.0,5.0,75.0,20402.0,8551.0,374,374,374,374
375,665328.0,5.0,88.0,7525.0,1677.0,375,375,375,375
377,620000.0,10.0,90.0,50000.0,0.0,377,377,377,377
379,1550977.0,8.0,97.0,0.0,0.0,379,379,379,379
380,1743513.0,7.5,97.0,0.0,0.0,380,380,380,380
381,650000.0,6.0,15.0,25000.0,0.0,381,381,381,381
382,650000.0,7.0,90.0,25000.0,0.0,382,382,382,382
383,54.0,54.0,54.0,45.0,54.0,383,383,383,383
384,647765.0,5.0,99.0,0.0,0.0,384,384,384,384
385,600000.0,5.0,95.0,0.0,0.0,385,385,385,385
387,102000.0,8.0,50.0,0.0,0.0,387,387,387,387
388,855000.0,5.0,95.0,0.0,0.0,388,388,388,388
389,855000.0,5.0,95.0,0.0,0.0,389,389,389,389
390,958000.0,5.0,95.0,0.0,0.0,390,390,390,390
391,475000.0,15.0,85.0,0.0,0.0,391,391,391,391
392,4536169.0,4.23,57.0,884684.0,36065.0,392,392,392,392
393,505000.0,13.0,90.0,0.0,0.0,393,393,393,393
394,845000.0,7.5,75.0,0.0,0.0,394,394,394,394
395,950000.0,9.0,60.0,0.0,0.0,395,395,395,395
396,273000.0,15.0,95.0,0.0,0.0,396,396,396,396
397,1300000.0,10.0,99.0,0.0,0.0,397,397,397,397
398,273000.0,15.0,95.0,0.0,0.0,398,398,398,398
399,1550000.0,15.0,80.0,0.0,0.0,399,399,399,399
400,295495.0,7.0,80.0,0.0,0.0,400,400,400,400
401,323065.0,10.0,80.0,0.0,0.0,401,401,401,401
402,323065.0,10.0,80.0,0.0,0.0,402,402,402,402
403,660418.0,10.0,79.5,60000.0,0.0,403,403,403,403
404,722068.0,10.0,79.5,60000.0,0.0,404,404,404,404
405,492000.0,10.0,45.0,0.0,340000.0,405,405,405,405
406,978474.0,16.7,93.0,13341.0,13341.0,406,406,406,406
407,870993.0,7.0,90.0,15870.0,0.0,407,407,407,407
408,290000.0,10.0,45.0,0.0,0.0,408,408,408,408
409,513000.0,10.0,65.0,0.0,0.0,409,409,409,409
410,570000.0,10.0,75.0,0.0,0.0,410,410,410,410
411,650000.0,10.0,75.0,0.0,0.0,411,411,411,411
412,1578978.0,8.0,82.0,50000.0,0.0,412,412,412,412
413,2000000.0,10.0,70.0,391000.0,39000.0,413,413,413,413
414,1604432.0,10.0,75.0,234000.0,23000.0,414,414,414,414
415,2000000.0,6.0,62.5,0.0,0.0,415,415,415,415
416,40000.0,5.0,28.4,0.0,0.0,416,416,416,416
417,110000.0,5.0,11.0,0.0,0.0,417,417,417,417
418,130000.0,0.0,0.0,0.0,0.0,418,418,418,418
420,1100000.0,15.0,91.46,0.0,0.0,420,420,420,420
421,1070477.0,15.0,84.53,0.0,0.0,421,421,421,421
422,1546489.0,10.0,77.12,0.0,0.0,422,422,422,422
423,1196334.0,20.0,77.12,0.0,0.0,423,423,423,423
424,1122575.79,12.5,100.0,0.0,0.0,424,424,424,424
425,425000.0,5.0,42.0,0.0,0.0,425,425,425,425
426,633039.0,20.0,75.0,25000.0,0.0,426,426,426,426
427,2898921.0,10.0,100.0,0.0,0.0,427,427,427,427
428,1032107.0,5.6,98.0,0.0,0.0,428,428,428,428
430,1167710.0,5.63,98.0,0.0,0.0,430,430,430,430
432,1330924.0,13.0,96.0,200000.0,0.0,432,432,432,432
433,665000.0,5.0,90.0,0.0,0.0,433,433,433,433
434,1081875.0,5.0,80.0,0.0,0.0,434,434,434,434
435,1319994.0,5.0,80.0,0.0,0.0,435,435,435,435
436,195684.0,5.0,78.0,0.0,0.0,436,436,436,436
437,900000.0,5.0,65.0,0.0,0.0,437,437,437,437
438,273322.0,3.0,78.0,0.0,0.0,438,438,438,438
439,2000000.0,10.0,86.0,0.0,0.0,439,439,439,439
440,5795000.0,3.0,100.0,210000.0,210000.0,440,440,440,440
441,298386.0,3.0,80.0,78089.0,30000.0,441,441,441,441
442,4291266.0,5.5,87.0,0.0,0.0,442,442,442,442
443,47067.86,20.0,50.0,0.0,0.0,443,443,443,443
444,240000.0,25.0,60.0,0.0,0.0,444,444,444,444
445,380056.0,10.0,90.0,106000.0,167000.0,445,445,445,445
447,13761000.0,10.0,95.0,0.0,0.0,447,447,447,447
448,2000000.0,5.0,75.0,0.0,0.0,448,448,448,448
449,91297.0,5.0,100.0,2106.0,0.0,449,449,449,449
450,926000.0,5.0,92.0,50000.0,0.0,450,450,450,450
451,452000.0,12.0,85.0,40000.0,25000.0,451,451,451,451
452,300000.0,5.0,100.0,10000.0,75000.0,452,452,452,452
453,5802650.0,7.5,100.0,150000.0,0.0,453,453,453,453
454,5802650.0,10.0,100.0,150000.0,0.0,454,454,454,454
455,571500.0,10.0,100.0,31733.0,5027.0,455,455,455,455
456,425000.0,15.0,100.0,750000.0,60000.0,456,456,456,456
458,1000000.0,5.0,90.0,100000.0,0.0,458,458,458,458
459,1693000.0,10.0,90.0,0.0,0.0,459,459,459,459
460,858000.0,6.0,75.0,0.0,0.0,460,460,460,460
461,300000.0,10.0,100.0,325000.0,210000.0,461,461,461,461
462,80000.0,10.0,0.0,0.0,0.0,462,462,462,462
463,1300000.0,10.0,100.0,0.0,0.0,463,463,463,463
465,880000.0,12.0,91.0,80914.0,60068.0,465,465,465,465
466,1850000.0,1.0,93.0,0.0,0.0,466,466,466,466
467,750000.0,15.0,98.0,0.0,0.0,467,467,467,467
468,2657572.0,8.0,100.0,0.0,6967673.0,468,468,468,468
469,300000.0,20.0,100.0,0.0,0.0,469,469,469,469
470,320000.0,12.0,100.0,20000.0,0.0,470,470,470,470
471,380000.0,5.0,95.0,0.0,0.0,471,471,471,471
474,1500000.0,5.0,95.0,0.0,0.0,474,474,474,474
475,1038728.0,15.0,96.0,0.0,0.0,475,475,475,475
476,1038728.0,20.0,96.0,0.0,0.0,476,476,476,476
477,600000.0,10.0,50.0,0.0,0.0,477,477,477,477
478,2500000.0,15.0,95.0,0.0,0.0,478,478,478,478
479,1150000.0,25.0,100.0,0.0,0.0,479,479,479,479
480,1000000.0,30.0,100.0,0.0,0.0,480,480,480,480
481,1043014.0,7.0,95.0,0.0,0.0,481,481,481,481
482,1350000.0,25.0,90.0,150000.0,800000.0,482,482,482,482
483,4200000.0,6.0,81.0,0.0,0.0,483,483,483,483
484,2763222.0,17.0,95.0,50000.0,0.0,484,484,484,484
485,3422934.0,7.0,95.0,150000.0,0.0,485,485,485,485
486,670.0,20.0,80.0,0.0,0.0,486,486,486,486
487,1910000.0,5.0,100.0,50000.0,0.0,487,487,487,487
488,1000000.0,10.0,50.0,0.0,150000.0,488,488,488,488
489,775000.0,15.0,85.0,0.0,0.0,489,489,489,489
490,685000.0,10.0,100.0,0.0,0.0,490,490,490,490
491,506000.0,5.0,95.0,0.0,0.0,491,491,491,491
492,4200000.0,6.0,96.0,0.0,0.0,492,492,492,492
493,200000.0,10.0,80.0,0.0,0.0,493,493,493,493
495,1080000.0,10.0,98.0,0.0,0.0,495,495,495,495
496,1700000.0,10.0,65.0,0.0,0.0,496,496,496,496
497,357000.0,-5.0,88.0,0.0,0.0,497,497,497,497
498,320000.0,10.0,75.0,0.0,0.0,498,498,498,498
499,1030455.0,15.0,96.0,153000.0,204500.0,499,499,499,499
500,225000.0,10.0,50.0,0.0,0.0,500,500,500,500
501,265000.0,25.0,94.0,30000.0,0.0,501,501,501,501
502,2300000.0,5.0,100.0,250000.0,0.0,502,502,502,502
503,600000.0,5.0,100.0,10000.0,0.0,503,503,503,503
505,401763.0,5.0,90.0,0.0,228740.0,505,505,505,505
506,495000.0,5.0,90.0,0.0,222908.0,506,506,506,506
507,300000.0,10.0,70.0,0.0,0.0,507,507,507,507
508,1270697.0,20.0,99.0,0.0,0.0,508,508,508,508
509,1270697.0,20.0,99.0,0.0,90000.0,509,509,509,509
511,3500000.0,6.0,100.0,0.0,0.0,511,511,511,511
512,2527105.6,7.0,90.0,0.0,0.0,512,512,512,512
513,10000.0,0.0,0.0,0.0,0.0,513,513,513,513
514,4000000.0,10.0,97.0,0.0,0.0,514,514,514,514
515,943546.38,5.0,97.0,0.0,0.0,515,515,515,515
516,80000.0,30.0,75.0,0.0,0.0,516,516,516,516
518,716538.0,21.0,100.0,49533.0,39043.0,518,518,518,518
519,401000.0,5.0,100.0,0.0,0.0,519,519,519,519
520,3600000.0,12.0,100.0,0.0,0.0,520,520,520,520
521,280000.0,10.0,100.0,0.0,0.0,521,521,521,521
522,280000.0,10.0,100.0,10000.0,0.0,522,522,522,522
523,175000.0,0.0,15.0,0.0,0.0,523,523,523,523
524,360000.0,10.0,100.0,0.0,0.0,524,524,524,524
525,1665380.0,5.0,98.0,0.0,0.0,525,525,525,525
526,850000.0,0.0,85.0,0.0,0.0,526,526,526,526
527,332034.0,20.0,100.0,0.0,0.0,527,527,527,527
528,400000.0,15.0,100.0,0.0,0.0,528,528,528,528
529,1900000.0,2.0,100.0,0.0,0.0,529,529,529,529
530,575000.0,15.0,75.0,225000.0,225000.0,530,530,530,530
531,614000.0,15.0,75.0,225000.0,225000.0,531,531,531,531
532,256764.0,4.0,100.0,0.0,0.0,532,532,532,532
534,1300000.0,10.0,85.0,0.0,0.0,534,534,534,534
535,700000.0,5.0,100.0,0.0,0.0,535,535,535,535
537,1200000.0,5.0,50.0,0.0,0.0,537,537,537,537
538,655971.0,5.0,83.0,0.0,0.0,538,538,538,538
539,2200000.0,5.0,100.0,0.0,0.0,539,539,539,539
540,144000.0,0.0,50.0,0.0,0.0,540,540,540,540
541,78794.0,5.0,88.0,0.0,0.0,541,541,541,541
542,3187661.0,0.0,0.0,0.0,0.0,542,542,542,542
543,1359558.0,17.0,100.0,197022.35,62118.59,543,543,543,543
544,125000.0,0.0,95.0,0.0,0.0,544,544,544,544
545,100.0,50.0,70.0,0.0,0.0,545,545,545,545
548,425000.0,27.0,71.0,0.0,125000.0,548,548,548,548
549,2650000.0,10.0,90.0,0.0,0.0,549,549,549,549
550,1000000.0,10.0,80.0,0.0,0.0,550,550,550,550
551,130000.0,3.0,98.0,0.0,0.0,551,551,551,551
552,250000.0,15.0,14.0,0.0,0.0,552,552,552,552
553,300000.0,4.0,100.0,0.0,0.0,553,553,553,553
554,1794953.0,10.0,80.0,921717.0,946512.0,554,554,554,554
555,1995500.0,10.0,100.0,679940.0,50798.0,555,555,555,555
556,946000.0,6.0,90.0,0.0,0.0,556,556,556,556
557,11500000.0,8.0,97.0,0.0,0.0,557,557,557,557
558,7166658.0,8.0,97.0,0.0,580000.0,558,558,558,558
559,3810000.0,8.0,98.0,0.0,0.0,559,559,559,559
560,4875000.0,8.0,97.0,0.0,112000.0,560,560,560,560
561,988000.0,10.0,100.0,50000.0,0.0,561,561,561,561
562,776093.0,5.0,94.0,241199.0,22639.0,562,562,562,562
563,806799.0,2.5,87.72,241199.0,22639.0,563,563,563,563
564,297760.0,5.0,80.0,5000.0,0.0,564,564,564,564
565,700000.0,10.0,90.0,0.0,0.0,565,565,565,565
567,537919.0,10.0,94.59,0.0,0.0,567,567,567,567
568,1300000.0,15.0,100.0,0.0,0.0,568,568,568,568
570,76000.0,0.0,21.0,0.0,0.0,570,570,570,570
571,1700000.0,5.0,100.0,0.0,0.0,571,571,571,571
572,78000.0,5.0,88.0,0.0,0.0,572,572,572,572
574,6000000.0,7.0,87.0,139000.0,0.0,574,574,574,574
576,1132914.0,10.0,90.0,15000.0,0.0,576,576,576,576
577,7100000.0,7.0,95.0,133000.0,4360000.0,577,577,577,577
578,7100000.0,7.0,95.0,133000.0,4360000.0,578,578,578,578
579,2219623.0,8.0,100.0,0.0,0.0,579,579,579,579
580,1800000.0,15.0,100.0,0.0,0.0,580,580,580,580
581,425000.0,5.0,90.0,0.0,0.0,581,581,581,581
582,735785.0,5.0,90.0,1301287.0,1445394.0,582,582,582,582
583,2279185.36,5.0,90.0,1185582.0,1331491.93,583,583,583,583
585,839750.0,5.0,76.0,0.0,0.0,585,585,585,585
588,830000.0,5.0,76.0,0.0,0.0,588,588,588,588
589,1130421.0,5.0,76.0,0.0,0.0,589,589,589,589
590,976500.0,5.0,76.0,0.0,0.0,590,590,590,590
591,1025325.0,5.0,76.0,0.0,0.0,591,591,591,591
592,1076591.0,5.0,76.0,0.0,0.0,592,592,592,592
593,1092097.15,5.0,0.0,2898745.76,3748338.69,593,593,593,593
594,1544935.01,5.0,0.0,3128781.43,4427025.88,594,594,594,594
595,109972.28,0.0,0.0,2561921.95,2829679.41,595,595,595,595
596,4070492.0,8.0,75.5,0.0,0.0,596,596,596,596
597,4070492.0,8.0,75.5,0.0,0.0,597,597,597,597
598,638000.0,10.0,46.0,72000.0,0.0,598,598,598,598
599,1603000.0,6.0,99.0,500000.0,0.0,599,599,599,599
600,1603000.0,6.0,99.0,500000.0,0.0,600,600,600,600
601,0.0,20.0,40.0,0.0,0.0,601,601,601,601
602,200000.0,0.0,52.0,0.0,0.0,602,602,602,602
603,413887.0,1.0,73.0,0.0,0.0,603,603,603,603
604,120000.0,5.0,52.0,0.0,0.0,604,604,604,604
605,1750000.0,5.0,75.0,0.0,0.0,605,605,605,605
606,900000.0,6.0,85.0,0.0,0.0,606,606,606,606
607,252500.0,5.0,81.0,0.0,0.0,607,607,607,607
608,450000.0,10.0,90.0,0.0,0.0,608,608,608,608
609,456812.98,8.0,87.6,0.0,26000.0,609,609,609,609
610,456812.98,8.0,87.6,0.0,26000.0,610,610,610,610
611,456812.98,8.0,87.6,0.0,26000.0,611,611,611,611
612,450000.0,10.0,80.0,46800.0,250000.0,612,612,612,612
613,778974.0,20.0,80.0,0.0,0.0,613,613,613,613
614,800000.0,5.0,40.0,0.0,0.0,614,614,614,614
615,637000.0,10.0,80.0,25000.0,0.0,615,615,615,615
616,637000.0,10.0,80.0,25000.0,0.0,616,616,616,616
617,21000.0,1.0,25.0,0.0,0.0,617,617,617,617
618,210000.0,5.0,100.0,0.0,0.0,618,618,618,618
619,350000.0,7.0,100.0,0.0,0.0,619,619,619,619
620,1000000.0,10.0,98.0,0.0,0.0,620,620,620,620
621,948000.0,8.0,90.0,0.0,0.0,621,621,621,621
622,1050000.0,12.0,90.0,0.0,0.0,622,622,622,622
623,88875.38,10.0,90.0,0.0,0.0,623,623,623,623
625,250000.0,25.0,80.0,0.0,0.0,625,625,625,625
626,1034160.0,10.0,70.0,25000.0,0.0,626,626,626,626
628,600000.0,15.0,75.0,0.0,0.0,628,628,628,628
629,416802.0,7.5,88.0,10000.0,0.0,629,629,629,629
630,438242.0,11.5,88.0,10000.0,0.0,630,630,630,630
631,103000.0,5.0,0.0,0.0,0.0,631,631,631,631
632,1150000.0,5.0,90.0,0.0,0.0,632,632,632,632
633,367773.41,5.0,90.0,25000.0,0.0,633,633,633,633
634,367773.41,5.0,90.0,25000.0,0.0,634,634,634,634
635,195000.0,5.0,90.0,0.0,0.0,635,635,635,635
636,750000.0,10.0,95.0,15000.0,660000.0,636,636,636,636
637,380000.0,10.0,80.0,0.0,0.0,637,637,637,637
638,165000.0,2.0,40.0,20000.0,0.0,638,638,638,638
639,1201009.0,11.0,99.0,0.0,0.0,639,639,639,639
640,2700000.0,7.0,100.0,0.0,0.0,640,640,640,640
641,927670.0,5.0,30.0,0.0,50000.0,641,641,641,641
642,1900000.0,12.0,98.0,0.0,0.0,642,642,642,642
643,115000.0,5.0,30.0,0.0,0.0,643,643,643,643
644,1191190.0,4.0,78.0,0.0,0.0,644,644,644,644
646,1100000.0,10.0,50.0,0.0,0.0,646,646,646,646
647,950000.0,10.0,75.0,677000.0,297000.0,647,647,647,647
648,1500000.0,3.0,75.0,0.0,0.0,648,648,648,648
649,544341.0,20.0,60.0,0.0,0.0,649,649,649,649
650,544341.0,20.0,60.0,0.0,0.0,650,650,650,650
651,1200000.0,10.0,80.0,0.0,0.0,651,651,651,651
652,1200000.0,10.0,80.0,0.0,0.0,652,652,652,652
653,450000.0,10.0,98.0,10000.0,0.0,653,653,653,653
654,140000.0,10.0,90.0,0.0,0.0,654,654,654,654
655,700000.0,15.0,82.0,0.0,0.0,655,655,655,655
656,700000.0,15.0,82.0,0.0,0.0,656,656,656,656
657,250000.0,6.0,100.0,0.0,0.0,657,657,657,657
658,250000.0,6.0,100.0,0.0,0.0,658,658,658,658
660,350000.0,5.0,150000.0,40000.0,0.0,660,660,660,660
661,392118.0,7.0,69.0,35000.0,0.0,661,661,661,661
662,360111.0,7.0,69.0,0.0,0.0,662,662,662,662
663,450000.0,8.0,100.0,0.0,0.0,663,663,663,663
664,435200.0,8.0,58.0,0.0,0.0,664,664,664,664
665,190219.0,25.0,75.0,0.0,0.0,665,665,665,665
666,1200000.0,10.0,90.0,100000.0,0.0,666,666,666,666
667,393000.0,8.0,0.0,0.0,0.0,667,667,667,667
668,689000.0,5.0,75.0,2000.0,0.0,668,668,668,668
669,511000.0,15.0,40.0,0.0,0.0,669,669,669,669
670,500000.0,10.0,90.0,0.0,0.0,670,670,670,670
671,680000.0,7.0,40.0,0.0,0.0,671,671,671,671
672,1200000.0,15.0,92.0,0.0,0.0,672,672,672,672
673,250000.0,10.0,60.0,0.0,0.0,673,673,673,673
674,95000.0,5.0,50.0,0.0,0.0,674,674,674,674
675,443000.0,8.0,80.0,0.0,0.0,675,675,675,675
676,543000.0,6.0,50.0,0.0,0.0,676,676,676,676
677,618519.0,8.0,28.0,0.0,0.0,677,677,677,677
678,180000.0,15.0,85.0,10000.0,0.0,678,678,678,678
679,162243.0,20.0,80.0,0.0,0.0,679,679,679,679
680,312732.0,3.0,80.0,0.0,0.0,680,680,680,680
681,552000.0,15.0,75.0,50000.0,0.0,681,681,681,681
682,994441.0,3.0,57.0,0.0,0.0,682,682,682,682
683,5688302.0,5.0,93.0,0.0,0.0,683,683,683,683
684,575008.0,7.0,95.0,28744.0,0.0,684,684,684,684
685,575008.0,4.68,95.0,31730.42,0.0,685,685,685,685
686,664855.0,3.0,88.0,700000.0,86833.45,686,686,686,686
687,1058552.36,5.0,97.0,0.0,0.0,687,687,687,687
688,1058552.36,10.0,97.0,0.0,0.0,688,688,688,688
689,678000.0,15.0,98.0,0.0,0.0,689,689,689,689
691,350000.0,10.0,60.0,0.0,0.0,691,691,691,691
692,12146.79,0.0,90.0,0.0,0.0,692,692,692,692
696,880000.0,17.0,90.0,0.0,0.0,696,696,696,696
697,2000000.0,10.0,95.0,0.0,0.0,697,697,697,697
698,425000.0,6.0,100.0,0.0,0.0,698,698,698,698
699,950000.0,0.0,0.0,0.0,0.0,699,699,699,699
700,1200000.0,7.5,95.0,100000.0,0.0,700,700,700,700
701,1003000.0,6.0,85.0,0.0,0.0,701,701,701,701
702,251370.0,5.0,95.0,0.0,0.0,702,702,702,702
703,430000.0,15.0,75.0,10000.0,0.0,703,703,703,703
704,435000.0,15.0,75.0,10000.0,0.0,704,704,704,704
705,1203970.0,6.0,90.0,0.0,0.0,705,705,705,705
706,501235.0,1.0,95.0,0.0,0.0,706,706,706,706
707,956716.0,4.0,94.0,150000.0,0.0,707,707,707,707
708,220000.0,5.0,95.0,0.0,0.0,708,708,708,708
710,300000.0,10.0,75.0,0.0,0.0,710,710,710,710
711,509266.4,4.0,51.0,227045.5,227045.5,711,711,711,711
712,400000.0,5.0,95.0,0.0,0.0,712,712,712,712
713,141317.0,5.0,65.0,0.0,0.0,713,713,713,713
714,952000.0,10.0,90.0,0.0,0.0,714,714,714,714
715,1636428.0,8.0,95.0,0.0,0.0,715,715,715,715
716,494055.47,5.0,98.3,20000.0,0.0,716,716,716,716
717,537600.0,5.0,98.3,20000.0,0.0,717,717,717,717
718,-4058.0,7.0,78.0,213778.0,464379.72,718,718,718,718
719,245000.0,10.0,85.0,0.0,0.0,719,719,719,719
720,2455308.0,0.0,65.0,0.0,0.0,720,720,720,720
721,2455801.0,25.0,100.0,362340.0,65760.0,721,721,721,721
722,550340.0,4.0,70.0,22000.0,0.0,722,722,722,722
723,1311245.0,10.0,60.0,0.0,0.0,723,723,723,723
724,270808.0,10.0,70.0,350000.0,185000.0,724,724,724,724
725,472074.0,5.0,80.0,0.0,0.0,725,725,725,725
726,157268.0,5.0,100.0,0.0,0.0,726,726,726,726
727,120697.0,0.0,100.0,0.0,0.0,727,727,727,727
728,711371.0,6.0,95.0,0.0,0.0,728,728,728,728
729,1148000.0,6.0,95.0,0.0,0.0,729,729,729,729
730,272000.0,0.33,40.0,0.0,0.0,730,730,730,730
731,352006.3,8.0,70.0,33578.09,443.85,731,731,731,731
732,392704.0,8.0,70.0,33578.09,443.85,732,732,732,732
734,1763398.0,10.0,100.0,0.0,0.0,734,734,734,734
735,1763398.0,0.0,100.0,0.0,0.0,735,735,735,735
736,1636226.0,10.0,90.0,0.0,0.0,736,736,736,736
737,1636226.0,10.0,90.0,0.0,0.0,737,737,737,737
738,191307.0,10.0,91.45,0.0,0.0,738,738,738,738
739,234547.0,10.0,91.45,0.0,0.0,739,739,739,739
740,706778.89,13.8,70.0,10000.0,0.0,740,740,740,740
742,725000.0,5.0,50.0,0.0,0.0,742,742,742,742
743,1394478.0,5.0,80.0,0.0,0.0,743,743,743,743
744,350952.0,6.0,99.0,50500.0,0.0,744,744,744,744
745,391615.0,6.0,99.0,50500.0,0.0,745,745,745,745
746,600000.0,25.0,95.0,10000.0,0.0,746,746,746,746
747,612000.0,12.0,95.0,9000.0,0.0,747,747,747,747
748,1045476.0,5.0,90.0,0.0,0.0,748,748,748,748
749,1045476.0,7.0,90.0,0.0,0.0,749,749,749,749
752,704454.88,41.29,90.0,0.0,0.0,752,752,752,752
753,174330.0,-1.0,36.0,0.0,0.0,753,753,753,753
754,174330.0,-1.0,36.0,0.0,0.0,754,754,754,754
755,240000.0,0.0,95.0,0.0,0.0,755,755,755,755
756,521983.0,5.0,98.0,0.0,35000.0,756,756,756,756
757,450000.0,15.0,60.0,125000.0,125000.0,757,757,757,757
758,1179000.0,3.0,75.0,0.0,0.0,758,758,758,758
759,1232574.0,5.0,75.0,0.0,0.0,759,759,759,759
760,294394.0,5.0,91.7,0.0,237913.0,760,760,760,760
761,1756000.0,10.0,90.0,0.0,0.0,761,761,761,761
762,292676.0,12.0,92.0,64011.0,105484.0,762,762,762,762
763,326000.0,40.0,94.0,0.0,0.0,763,763,763,763
764,386000.0,5.0,90.0,0.0,0.0,764,764,764,764
765,300000.0,10.0,95.0,0.0,0.0,765,765,765,765
766,3165684.0,7.0,82.0,0.0,0.0,766,766,766,766
767,2509510.0,12.0,75.0,272683.0,195000.0,767,767,767,767
768,96000.0,5.0,95.0,0.0,0.0,768,768,768,768
769,880000.0,6.25,90.0,0.0,0.0,769,769,769,769
770,343703.0,5.0,97.0,0.0,0.0,770,770,770,770
771,293000.0,15.0,76.0,0.0,0.0,771,771,771,771
773,1087000.0,10.0,100.0,595166.0,140650.0,773,773,773,773
775,2476523.0,5.0,100.0,47644.0,0.0,775,775,775,775
776,2866000.0,5.0,100.0,47644.0,0.0,776,776,776,776
777,1299597.0,10.0,90.0,582420.0,220081.0,777,777,777,777
778,1065000.0,10.0,98.0,305000.0,0.0,778,778,778,778
779,725858.35,6.0,96.0,0.0,0.0,779,779,779,779
780,2200000.0,8.0,82.0,0.0,0.0,780,780,780,780
781,400000.0,0.0,50.0,0.0,0.0,781,781,781,781
