Id,Year,CashflowValue,NetBalanceSheet,TotalValue,NetRevenue,OperatingExpenses,IncomeFromOperations,Ebitda,Eboc,TruelyticsScore,DiscountRate,ComparablesId,GrowthRateId,ExpenseRatioId,DiscountFactorId,BusinessStabilityId,MarketStabilityId,ClientStabilityId,ProFormaId
1,2014,7208357.66081,0.0,7208357.66081,2350000.0,557000.0,1793000.0,1830000.0,2360000.0,2.94433333333,30.3,1,1,1,1,1,3,2,1
2,2014,3905339.13344,0.0,3905339.13344,1320000.0,752933.0,567067.0,567067.0,692900.0,2.38883333333,31.9,2,2,2,2,4,6,5,2
4,2014,1549818.48597,0.0,1549818.48597,662674.0,392050.0,270624.0,294924.0,473224.0,2.38866666667,33.2,4,4,4,4,10,12,11,4
5,2015,1376341.9685,0.0,1376341.9685,662674.0,392050.0,270624.0,294924.0,473224.0,2.38866666667,32.5,5,5,5,5,13,15,14,5
6,2016,3986275.06069,0.0,3986275.06069,1443750.0,511050.0,932700.0,957000.0,1207000.0,3.0555,28.9,6,6,6,6,16,18,17,6
7,2015,845831.110194,10000.0,855831.110194,550000.0,240000.0,310000.0,310000.0,310000.0,2.44466666667,33.0,7,7,7,7,19,21,20,7
8,2014,10842760.2659,0.0,10842760.2659,2100000.0,879000.0,1221000.0,1296000.0,2296000.0,3.0,28.8,8,8,8,8,22,24,23,8
9,2015,19403781.6484,0.0,19403781.6484,2600000.0,2254000.0,346000.0,421000.0,1421000.0,3.00016666667,26.8,9,9,9,9,25,27,26,9
11,2014,0.0,0.0,0.0,0.0,0.0,0.0,0.0,0.0,1.66666666667,0.0,11,11,11,11,31,33,32,11
12,2014,4407848.44038,50000.0,4457848.44038,2356000.0,1266888.0,1089112.0,1092088.0,1292088.0,2.4445,31.3,12,12,12,12,34,36,35,12
13,2015,0.0,50000.0,0.0,2236000.0,1266888.0,969112.0,972088.0,1172088.0,1.4445,0.0,13,13,13,13,37,39,38,13
14,2016,4357251.53529,50000.0,4407251.53529,2356000.0,1266888.0,1089112.0,1092088.0,1292088.0,2.5,31.8,14,14,14,14,40,42,41,14
15,2014,498639.511604,683000.0,1181639.5116,2545000.0,2447188.0,97812.0,118312.0,183312.0,2.4445,31.9,15,15,15,15,43,45,44,15
16,2016,11478232.7039,0.0,11478232.7039,5950000.0,2838000.0,3112000.0,3112085.0,3164085.0,3.0555,28.7,16,16,16,16,46,48,47,16
17,2014,1129201.81289,125000.0,1254201.81289,1606000.0,1460089.0,145911.0,150240.0,330240.0,2.77783333333,31.2,17,17,17,17,49,51,50,17
18,2015,2701257.24514,0.0,2701257.24514,1606000.0,985500.0,620500.0,634500.0,784500.0,2.778,30.9,18,18,18,18,52,54,53,18
19,2016,2701257.24514,0.0,2701257.24514,1606000.0,985500.0,620500.0,634500.0,784500.0,2.778,30.9,19,19,19,19,55,57,56,19
20,2014,7324464.56001,0.0,7324464.56001,5761033.0,3784823.0,1976210.0,1989610.0,2279610.0,3.22233333333,28.1,20,20,20,20,58,60,59,20
21,2015,8390712.38207,0.0,8390712.38207,5761033.0,3784823.0,1976210.0,1989610.0,2279610.0,3.22233333333,28.1,21,21,21,21,61,63,62,21
22,2014,430266.124613,0.0,430266.124613,257793.0,93937.0,163856.0,163856.0,167456.0,2.1665,34.6,22,22,22,22,64,66,65,22
23,2015,1139126.86604,0.0,1139126.86604,650000.0,209411.0,440589.0,440589.0,440589.0,2.1665,34.3,23,23,23,23,67,69,68,23
24,2016,1163911.46324,0.0,1163911.46324,650000.0,289518.0,360482.0,360482.0,375482.0,2.27783333333,33.2,24,24,24,24,70,72,71,24
25,2014,18578025.3243,-23633.0,18554392.3243,4200000.0,1332300.0,2867700.0,2914000.0,5232772.0,2.778,29.6,25,25,25,25,73,75,74,25
26,2015,9041124.54991,-93013.0,8948111.54991,3452000.0,1330388.0,2121612.0,2548027.0,2773027.0,2.889,29.8,26,26,26,26,76,78,77,26
27,2016,10479909.6707,-70028.13,10409881.5407,3554907.0,1327871.0,2227036.0,2404319.0,2704319.0,3.222,28.2,27,27,27,27,79,81,80,27
28,2014,1812286.46085,0.0,1812286.46085,640272.0,640272.0,0.0,27446.83,506819.9,2.9445,29.3,28,28,28,28,82,84,83,28
29,2016,1750274.61731,350000.0,2100274.61731,713544.0,406000.0,307544.0,317544.0,557544.0,3.11133333333,29.1,29,29,29,29,85,87,86,29
30,2017,1290811.70643,350000.0,1640811.70643,624683.0,406000.0,218683.0,228683.0,468683.0,3.11133333333,29.1,30,30,30,30,88,90,89,30
31,2014,2228751.55956,680002.92,2908754.47956,816935.33,794444.61,22490.72,63954.9,671580.35,2.3335,32.5,31,31,31,31,91,93,92,31
32,2014,1550116.37057,0.0,1550116.37057,1000714.0,619000.0,381714.0,381714.0,606714.0,2.333,33.6,32,32,32,32,94,96,95,32
33,2014,1344044.62967,0.0,1344044.62967,534215.0,69200.0,465015.0,465015.0,465015.0,2.77783333333,30.6,33,33,33,33,97,99,98,33
34,2014,7884638.40147,0.0,7884638.40147,2200000.0,995000.0,1205000.0,1205000.0,2205000.0,2.88883333333,29.3,34,34,34,34,100,102,101,34
35,2014,0.0,0.0,0.0,0.0,0.0,0.0,0.0,0.0,0.666666666667,0.0,35,35,35,35,103,105,104,35
36,2014,0.0,0.0,0.0,168000.0,219785.0,-51785.0,-41785.0,58215.0,2.22216666667,33.8,36,36,36,36,106,108,107,36
37,2014,0.0,0.0,0.0,1700000.0,1020000.0,680000.0,680000.0,680000.0,0.0,0.0,37,37,37,37,109,111,110,37
38,2014,5857706.14981,0.0,5857706.14981,1800000.0,0.0,1800000.0,1800000.0,1800000.0,3.05533333333,29.3,38,38,38,38,112,114,113,38
39,2014,421239.079624,0.0,421239.079624,257000.0,93937.0,163063.0,163063.0,166663.0,2.0555,35.4,39,39,39,39,115,117,116,39
40,2014,10174458.9187,100000.0,10274458.9187,4600000.0,3390000.0,1210000.0,1275000.0,2825000.0,3.0555,29.0,40,40,40,40,118,120,119,40
41,2015,10178060.4971,85000.0,10263060.4971,4450000.0,3232000.0,1218000.0,1276000.0,2826000.0,3.0555,29.0,41,41,41,41,121,123,122,41
42,2014,505901.104738,0.0,505901.104738,250000.0,81700.0,168300.0,168300.0,168300.0,2.11116666667,34.6,42,42,42,42,124,126,125,42
43,2014,548349.535363,0.0,548349.535363,200000.0,160800.0,39200.0,39200.0,135200.0,2.88883333333,29.6,43,43,43,43,127,129,128,43
44,2013,0.0,0.0,0.0,0.0,0.0,0.0,0.0,0.0,0.666666666667,0.0,44,44,44,44,130,132,131,44
45,2016,728706.06528,0.0,728706.06528,555000.0,299500.0,255500.0,255500.0,255500.0,2.27783333333,33.4,45,45,45,45,133,135,134,45
46,2015,714445.672613,0.0,714445.672613,550000.0,299500.0,250500.0,250500.0,250500.0,2.27783333333,33.4,46,46,46,46,136,138,137,46
47,2014,5645149.65188,1050000.0,6695149.65188,9000000.0,8100000.0,900000.0,935000.0,1385000.0,2.778,29.4,47,47,47,47,139,141,140,47
48,2014,954513.929096,0.0,954513.929096,750000.0,770200.0,-20200.0,279800.0,279800.0,2.5555,31.3,48,48,48,48,142,144,143,48
49,2014,315881.156432,0.0,315881.156432,120000.0,0.0,120000.0,120000.0,120000.0,2.0555,34.7,49,49,49,49,145,147,146,49
50,2014,2364673.05002,0.0,2364673.05002,1250000.0,1136300.0,113700.0,113700.0,763700.0,2.88883333333,29.7,50,50,50,50,148,150,149,50
51,2016,6140196.2423,0.0,6140196.2423,2750000.0,776000.0,1974000.0,1974000.0,1974000.0,2.88883333333,29.5,51,51,51,51,151,153,152,51
52,2017,7084865.74523,0.0,7084865.74523,3100000.0,822300.0,2277700.0,2277700.0,2277700.0,2.88883333333,29.5,52,52,52,52,154,156,155,52
53,2014,395177.301052,304282.0,699459.301052,1362881.0,1542782.0,-179901.0,-23478.0,176522.0,2.5,32.2,53,53,53,53,157,159,158,53
54,2014,5718288.00037,245510.0,5963798.00037,2504000.0,1530363.0,973637.0,1230808.0,1430808.0,2.9445,30.2,54,54,54,54,160,162,161,54
55,2014,676514.39369,0.0,676514.39369,580961.0,426055.0,154906.0,166389.0,166389.0,2.7225,29.5,55,55,55,55,163,165,164,55
56,2014,188569.577396,0.0,188569.577396,120000.0,22000.0,98000.0,98000.0,98000.0,2.16666666667,33.0,56,56,56,56,166,168,167,56
57,2016,0.0,0.0,0.0,80000.0,12000.0,68000.0,68000.0,68000.0,1.33333333333,0.0,57,57,57,57,169,171,170,57
58,2014,37191000.5562,0.0,37191000.5562,8900000.0,0.0,8900000.0,8900000.0,8900000.0,2.99983333333,28.4,58,58,58,58,172,174,173,58
59,2014,7145533.81525,0.0,7145533.81525,1200000.0,330900.0,869100.0,869100.0,1738200.0,2.1665,34.4,59,59,59,59,175,177,176,59
60,2014,5486246.6813,0.0,5486246.6813,1270000.0,426685.0,843315.0,939455.0,1751655.0,3.05533333333,29.2,60,60,60,60,178,180,179,60
61,2015,2048193.04434,0.0,2048193.04434,1385000.0,826685.0,558315.0,654455.0,655455.0,3.05533333333,29.3,61,61,61,61,181,183,182,61
62,2014,7554043.10122,0.0,7554043.10122,2152000.0,862000.0,1290000.0,1340000.0,2360000.0,2.6665,30.6,62,62,62,62,184,186,185,62
63,2014,16330.0367784,0.0,16330.0367784,195000.0,190600.0,4400.0,4400.0,4400.0,2.3335,33.3,63,63,63,63,187,189,188,63
64,2014,9116588.98192,0.0,9116588.98192,4599000.0,3909000.0,690000.0,760000.0,2660000.0,2.833,31.1,64,64,64,64,190,192,191,64
65,2014,931304.927583,0.0,931304.927583,498000.0,261140.0,236860.0,329360.0,329360.0,2.22216666667,33.8,65,65,65,65,193,195,194,65
66,2014,993931.655775,0.0,993931.655775,500000.0,300000.0,200000.0,200000.0,350000.0,2.16666666667,33.6,66,66,66,66,196,198,197,66
67,2014,989591.450241,98000.0,1087591.45024,233100.0,79160.0,153940.0,202755.0,290755.0,2.61133333333,31.4,67,67,67,67,199,201,200,67
68,2014,423455.469623,25000.0,448455.469623,200000.0,68900.0,131100.0,131100.0,131100.0,2.1665,33.7,68,68,68,68,202,204,203,68
69,2014,1081551.89055,0.0,1081551.89055,450000.0,117400.0,332600.0,332600.0,332600.0,2.27783333333,33.4,69,69,69,69,205,207,206,69
70,2015,967934.805183,0.0,967934.805183,425000.0,128008.0,296992.0,296992.0,296992.0,2.27783333333,33.3,70,70,70,70,208,210,209,70
71,2014,628654.741938,20000.0,648654.741938,353000.0,170000.0,183000.0,183000.0,183000.0,2.8335,31.0,71,71,71,71,211,213,212,71
72,2014,1744731.79696,0.0,1744731.79696,609100.0,0.0,609100.0,609100.0,609100.0,2.222,33.2,72,72,72,72,214,216,215,72
73,2016,996732.974796,48449.93,1045182.9048,593619.0,553300.48,40318.52,62005.52,348721.52,2.1665,33.3,73,73,73,73,217,219,218,73
74,2014,918198.965677,-85000.0,833198.965677,405150.0,125249.0,279901.0,281098.0,281098.0,2.389,33.2,74,74,74,74,220,222,221,74
75,2014,4861193.24868,0.0,4861193.24868,2609611.0,1356950.0,1252661.0,836768.0,1186768.0,2.99983333333,29.2,75,75,75,75,223,225,224,75
76,2014,10626540.8026,0.0,10626540.8026,4892483.0,2291907.0,2600576.0,2616062.0,3114995.0,2.4445,31.3,76,76,76,76,226,228,227,76
77,2014,5779604.49595,0.0,5779604.49595,1650000.0,961248.0,688752.0,987594.0,1565636.0,2.7225,30.2,77,77,77,77,229,231,230,77
78,2014,2809688.5506,0.0,2809688.5506,2716613.0,1516963.0,1199650.0,747043.0,797043.0,2.88883333333,29.9,78,78,78,78,232,234,233,78
79,2014,10314142.2808,0.0,10314142.2808,4892483.0,2291907.0,2600576.0,2616062.0,3114995.0,2.22216666667,32.6,79,79,79,79,235,237,236,79
80,2014,787797.546179,0.0,787797.546179,246631.0,0.0,246631.0,246631.0,246631.0,2.11116666667,34.2,80,80,80,80,238,240,239,80
81,2014,1558067.19954,0.0,1558067.19954,617497.0,112000.0,505497.0,505497.0,505497.0,2.889,29.9,81,81,81,81,241,243,242,81
82,2014,2951814.04633,0.0,2951814.04633,2467343.54,2006543.45,460800.09,549515.7,951921.84,2.66633333333,30.7,82,82,82,82,244,246,245,82
83,2014,2892667.63882,0.0,2892667.63882,947500.0,532145.63,415354.37,483184.93,898184.93,3.278,28.0,83,83,83,83,247,249,248,83
84,2015,2497767.91921,0.0,2497767.91921,927500.0,570901.0,356599.0,424429.56,781028.56,3.278,28.3,84,84,84,84,250,252,251,84
85,2016,2533153.58428,0.0,2533153.58428,927500.0,570901.0,356599.0,424429.56,781028.56,3.278,27.7,85,85,85,85,253,255,254,85
86,2014,3407416.54257,510285.0,3917701.54257,1992626.0,1363979.0,628647.0,671771.0,1209339.0,2.77783333333,30.9,86,86,86,86,256,258,257,86
87,2014,0.0,751484.0,0.0,15500000.0,13659668.0,1840332.0,2454359.0,2454359.0,1.22216666667,0.0,87,87,87,87,259,261,260,87
88,2014,8862528.61227,0.0,8862528.61227,2516018.0,760000.0,1756018.0,1786018.0,2786018.0,3.0,29.7,88,88,88,88,262,264,263,88
89,2015,6211399.51577,254752.0,6466151.51577,2516018.0,1345207.0,1170811.0,1257811.0,1952611.0,3.0,29.7,89,89,89,89,265,267,266,89
90,2014,2051696.7824,29000.0,2080696.7824,1030000.0,625060.0,404940.0,410940.0,630940.0,2.333,33.4,90,90,90,90,268,270,269,90
91,2016,2847508.13658,60000.0,2907508.13658,1045000.0,501200.0,543800.0,549700.0,834700.0,2.72233333333,31.3,91,91,91,91,271,273,272,91
92,2014,2653314.75916,50000.0,2703314.75916,466935.0,138500.0,328435.0,388435.0,654435.0,3.05533333333,29.4,92,92,92,92,274,276,275,92
93,2014,2886970.63115,0.0,2886970.63115,1634575.0,1257755.22,376819.78,384659.19,852159.19,2.611,31.6,93,93,93,93,277,279,278,93
94,2014,0.0,0.0,0.0,14000000.0,3183440.0,10816560.0,10896560.0,10896560.0,1.778,0.0,94,94,94,94,280,282,281,94
95,2014,626248.308178,0.0,626248.308178,482000.0,298000.0,184000.0,184000.0,184000.0,2.72216666667,31.4,95,95,95,95,283,285,284,95
96,2014,4135388.64827,0.0,4135388.64827,1400000.0,371500.0,1028500.0,1158500.0,1378500.0,2.667,31.1,96,96,96,96,286,288,287,96
97,2014,4634327.92475,150000.0,4784327.92475,2470232.0,1887815.39,582416.61,679500.84,1207844.5,3.05533333333,29.7,97,97,97,97,289,291,290,97
98,2015,4123865.59034,180000.0,4303865.59034,2470232.0,1874583.0,595649.0,713301.0,1072195.0,3.05533333333,29.6,98,98,98,98,292,294,293,98
99,2014,28299387.458,1871000.0,30170387.458,11003000.0,7294678.0,3708322.0,4102257.0,6402257.0,3.38883333333,26.2,99,99,99,99,295,297,296,99
100,2016,33329505.1958,50000.0,33379505.1958,17300000.0,11590000.0,5710000.0,5770000.0,10420000.0,2.44433333333,31.8,100,100,100,100,298,300,299,100
101,2017,41537195.521,2260000.0,43797195.521,17400000.0,11650000.0,5750000.0,5940000.0,10040000.0,3.55583333333,25.6,101,101,101,101,301,303,302,101
102,2015,28299387.458,1871000.0,30170387.458,11003000.0,7294678.0,3708322.0,4102257.0,6402257.0,3.38883333333,26.2,102,102,102,102,304,306,305,102
103,2014,4138659.84078,0.0,4138659.84078,3063958.0,1901344.0,1162614.0,1190759.0,1190759.0,2.72233333333,30.5,103,103,103,103,307,309,308,103
104,2015,4138659.84078,0.0,4138659.84078,3063958.0,1901344.0,1162614.0,1190759.0,1190759.0,2.72233333333,30.5,104,104,104,104,310,312,311,104
105,2014,2384794.15512,0.0,2384794.15512,1336240.0,937818.0,398422.0,454309.0,506294.0,3.05533333333,28.9,105,105,105,105,313,315,314,105
106,2014,6278849.78888,0.0,6278849.78888,4920000.0,3185000.0,1735000.0,1735000.0,1735000.0,3.0555,28.8,106,106,106,106,316,318,317,106
107,2014,6799029.61396,0.0,6799029.61396,4424267.0,3213286.03,1210980.97,1212071.97,1969974.11,2.72233333333,30.8,107,107,107,107,319,321,320,107
108,2014,1103482.63158,0.0,1103482.63158,946206.0,696468.0,249738.0,249738.0,249738.0,3.1665,28.3,108,108,108,108,322,324,323,108
109,2014,0.0,0.0,0.0,0.0,0.0,0.0,0.0,0.0,1.55566666667,0.0,109,109,109,109,325,327,326,109
110,2014,1743039.29973,224000.0,1967039.29973,1500000.0,1400403.0,99597.0,99597.0,591597.0,2.8335,29.5,110,110,110,110,328,330,329,110
111,2015,1082969.39466,45000.0,1127969.39466,425000.0,283300.0,141700.0,141700.0,366700.0,2.6665,30.6,111,111,111,111,331,333,332,111
112,2016,1752161.51278,45000.0,1797161.51278,630000.0,114000.0,516000.0,516000.0,516000.0,2.61133333333,31.5,112,112,112,112,334,336,335,112
113,2014,535732.935642,0.0,535732.935642,444000.0,444000.0,0.0,10500.0,190500.0,2.611,31.6,113,113,113,113,337,339,338,113
115,2014,4937744.2778,57534.0,4995278.2778,2350000.0,1634000.0,716000.0,716000.0,1328000.0,2.778,29.9,115,115,115,115,343,345,344,115
116,2015,4937744.2778,57534.0,4995278.2778,2350000.0,1634000.0,716000.0,716000.0,1328000.0,2.778,29.9,116,116,116,116,346,348,347,116
117,2014,608197.953796,-184686.0,423511.953796,431939.0,343733.0,88206.0,182432.0,182432.0,2.38883333333,32.3,117,117,117,117,349,351,350,117
118,2014,0.0,0.0,0.0,0.0,0.0,0.0,0.0,0.0,0.666666666667,0.0,118,118,118,118,352,354,353,118
119,2014,0.0,0.0,0.0,90000.0,46500.0,43500.0,48500.0,108500.0,2.22216666667,32.4,119,119,119,119,355,357,356,119
120,2014,7741230.22777,0.0,7741230.22777,2500000.0,175000.0,2325000.0,2325000.0,2325000.0,3.05533333333,28.9,120,120,120,120,358,360,359,120
121,2014,0.0,0.0,0.0,0.0,0.0,0.0,0.0,0.0,0.666666666667,0.0,121,121,121,121,361,363,362,121
122,2014,346907.178708,0.0,346907.178708,208730.0,83492.0,125238.0,132572.0,132572.0,2.49966666667,31.2,122,122,122,122,364,366,365,122
123,2014,6817529.76603,0.0,6817529.76603,2160801.0,1089893.0,1070908.0,1070908.0,1070908.0,3.111,27.4,123,123,123,123,367,369,368,123
124,2014,1813784.37684,0.0,1813784.37684,550000.0,125020.0,424980.0,464980.0,464980.0,2.667,31.2,124,124,124,124,370,372,371,124
125,2016,1370939.47752,0.0,1370939.47752,450000.0,94400.0,355600.0,405600.0,405600.0,2.611,31.7,125,125,125,125,373,375,374,125
126,2017,1603185.63325,0.0,1603185.63325,500000.0,90900.0,409100.0,459100.0,459100.0,2.778,30.3,126,126,126,126,376,378,377,126
127,2014,2830421.81226,0.0,2830421.81226,2000000.0,1200000.0,800000.0,800000.0,800000.0,2.5,32.0,127,127,127,127,379,381,380,127
128,2014,4341071.59669,-35000.0,4306071.59669,4042000.0,3478886.0,563114.0,436234.0,1036234.0,2.72216666667,28.3,128,128,128,128,382,384,383,128
129,2014,3939695.63268,375653.0,4315348.63268,1700000.0,852568.0,847432.0,1045099.0,1336822.0,2.4445,31.9,129,129,129,129,385,387,386,129
130,2016,5136911.50526,1400000.0,6536911.50526,1950000.0,929000.0,1021000.0,1315000.0,1690000.0,2.88883333333,29.8,130,130,130,130,388,390,389,130
131,2014,4534670.03699,0.0,4534670.03699,1726498.27,223464.06,1503034.21,1504995.4,1504995.4,2.4445,32.1,131,131,131,131,391,393,392,131
132,2014,5469583.12067,0.0,5469583.12067,1862131.52,223464.06,1638667.46,1640628.65,1640628.65,2.38883333333,32.3,132,132,132,132,394,396,395,132
133,2014,1481867.72922,0.0,1481867.72922,722073.6,223464.06,498609.54,500570.73,500570.73,2.44433333333,32.9,133,133,133,133,397,399,398,133
134,2014,1054259.84606,0.0,1054259.84606,593737.43,223464.06,370273.37,372234.56,372234.56,2.4445,32.5,134,134,134,134,400,402,401,134
135,2014,0.0,0.0,0.0,5888648.0,893855.18,4994792.82,5002637.82,5002637.82,0.666666666667,0.0,135,135,135,135,403,405,404,135
136,2014,12354870.6227,800000.0,13154870.6227,4600000.0,500000.0,4100000.0,4100000.0,4100000.0,2.72233333333,30.9,136,136,136,136,406,408,407,136
137,2016,10276133.2599,0.0,10276133.2599,4200000.0,1330200.0,2869800.0,2873800.0,2873800.0,2.88883333333,29.3,137,137,137,137,409,411,410,137
138,2017,8800689.2745,0.0,8800689.2745,3900000.0,1330200.0,2569800.0,2573800.0,2573800.0,2.6665,31.2,138,138,138,138,412,414,413,138
139,2014,3483545.2809,0.0,3483545.2809,1505463.0,1102543.0,402920.0,447731.0,1114791.0,3.05533333333,29.3,139,139,139,139,415,417,416,139
140,2014,2988182.4249,0.0,2988182.4249,650000.0,70000.0,580000.0,580000.0,880000.0,2.611,31.5,140,140,140,140,418,420,419,140
141,2015,3327748.60954,0.0,3327748.60954,750000.0,70000.0,680000.0,680000.0,980000.0,2.611,31.5,141,141,141,141,421,423,422,141
142,2017,3649709.39055,0.0,3649709.39055,725000.0,100600.0,624400.0,624400.0,924400.0,2.667,30.7,142,142,142,142,424,426,425,142
143,2014,397581.449917,0.0,397581.449917,840000.0,687618.0,152382.0,152382.0,152382.0,2.44433333333,32.6,143,143,143,143,427,429,428,143
144,2014,11872862.4549,0.0,11872862.4549,3400000.0,0.0,3400000.0,3400000.0,3400000.0,2.72233333333,30.3,144,144,144,144,430,432,431,144
145,2014,0.0,0.0,0.0,10000.0,20000.0,-10000.0,-10000.0,-10000.0,1.11116666667,0.0,145,145,145,145,433,435,434,145
146,2014,147350.650184,-207000.0,-59649.3498158,172316.0,159379.0,12937.0,56016.0,56016.0,2.11116666667,33.6,146,146,146,146,436,438,437,146
147,2014,4351013.8494,0.0,4351013.8494,2000000.0,536100.0,1463900.0,1463900.0,1578900.0,2.72233333333,31.3,147,147,147,147,439,441,440,147
148,2015,4463057.53924,0.0,4463057.53924,1903418.0,455600.0,1447818.0,1447818.0,1562818.0,2.72233333333,30.9,148,148,148,148,442,444,443,148
149,2017,4624414.0828,0.0,4624414.0828,2500000.0,2355000.0,145000.0,145000.0,1590000.0,2.38883333333,32.5,149,149,149,149,445,447,446,149
150,2014,632076.787882,0.0,632076.787882,463000.0,346600.0,116400.0,122400.0,212400.0,2.667,30.5,150,150,150,150,448,450,449,150
151,2017,1289558.39385,0.0,1289558.39385,625000.0,569000.0,56000.0,56000.0,306000.0,3.11116666667,28.7,151,151,151,151,451,453,452,151
152,2014,1632727.58109,0.0,1632727.58109,724550.96,565574.0,158976.96,173537.96,413537.96,2.8335,30.7,152,152,152,152,454,456,455,152
153,2014,3681304.08032,0.0,3681304.08032,2186335.89,1749438.87,436897.02,524178.55,975919.69,3.05566666667,27.1,153,153,153,153,457,459,458,153
154,2015,3415963.71107,0.0,3415963.71107,2186335.89,1749438.87,436897.02,524178.55,975919.69,2.83333333333,30.2,154,154,154,154,460,462,461,154
155,2014,3307302.35331,0.0,3307302.35331,1500000.0,800000.0,700000.0,700000.0,1100000.0,2.72233333333,31.0,155,155,155,155,463,465,464,155
156,2015,3359650.49743,200000.0,3559650.49743,1500000.0,670000.0,830000.0,890000.0,1090000.0,2.778,29.9,156,156,156,156,466,468,467,156
157,2016,3097344.86619,200000.0,3297344.86619,1300000.0,641000.0,659000.0,719000.0,1019000.0,2.9445,29.8,157,157,157,157,469,471,470,157
158,2014,10727741.618,0.0,10727741.618,6092125.0,5155389.0,936736.0,936736.0,2343724.0,3.16666666667,25.9,158,158,158,158,472,474,473,158
159,2014,5068798.05247,0.0,5068798.05247,3000000.0,1909199.0,1090801.0,1322456.0,1390032.0,2.9445,29.6,159,159,159,159,475,477,476,159
160,2014,962510.583219,115000.0,1077510.58322,545000.0,272500.0,272500.0,294000.0,294000.0,2.3335,33.1,160,160,160,160,478,480,479,160
162,2014,730759.672438,0.0,730759.672438,571324.0,346600.0,224724.0,224724.0,224724.0,2.27783333333,33.4,162,162,162,162,484,486,485,162
163,2014,2003677.3797,0.0,2003677.3797,1250000.0,740500.0,509500.0,699500.0,699500.0,2.22216666667,33.2,163,163,163,163,487,489,488,163
164,2015,1854726.38078,0.0,1854726.38078,1250000.0,722500.0,527500.0,647500.0,647500.0,2.22216666667,33.2,164,164,164,164,490,492,491,164
165,2014,1569575.09859,0.0,1569575.09859,1321375.0,883527.0,437848.0,451592.0,451592.0,2.778,30.5,165,165,165,165,493,495,494,165
166,2015,1573264.19111,0.0,1573264.19111,1321375.0,883527.0,437848.0,451592.0,451592.0,2.778,30.4,166,166,166,166,496,498,497,166
167,2014,971638.597608,25000.0,996638.597608,508350.0,506900.0,1450.0,2250.0,304250.0,2.7225,30.7,167,167,167,167,499,501,500,167
168,2015,1022205.43348,25000.0,1047205.43348,508350.0,504900.0,3450.0,4250.0,314250.0,2.94416666667,29.9,168,168,168,168,502,504,503,168
169,2014,3493525.03178,20000.0,3513525.03178,795000.0,255000.0,540000.0,544000.0,1084000.0,2.1665,33.8,169,169,169,169,505,507,506,169
170,2016,2455658.52206,25000.0,2480658.52206,1000000.0,282000.0,718000.0,721000.0,741000.0,2.77766666667,29.1,170,170,170,170,508,510,509,170
171,2017,2722207.59009,25000.0,2747207.59009,1150000.0,303000.0,847000.0,850000.0,870000.0,2.55533333333,31.6,171,171,171,171,511,513,512,171
172,2014,1072448.71529,0.0,1072448.71529,650000.0,585000.0,65000.0,65000.0,335000.0,2.1665,34.1,172,172,172,172,514,516,515,172
173,2016,2008392.90287,0.0,2008392.90287,1670000.0,1303036.0,366964.0,394600.0,651600.0,2.88883333333,29.9,173,173,173,173,517,519,518,173
174,2014,5026670.61066,0.0,5026670.61066,2231471.0,1107180.0,1124291.0,1154441.0,1516527.0,2.72216666667,31.4,174,174,174,174,520,522,521,174
175,2015,0.0,0.0,0.0,1000000.0,605000.0,395000.0,395000.0,595000.0,2.222,34.0,175,175,175,175,523,525,524,175
176,2014,2663677.6716,0.0,2663677.6716,806292.0,0.0,806292.0,806292.0,806292.0,2.27783333333,32.7,176,176,176,176,526,528,527,176
177,2015,2663677.6716,0.0,2663677.6716,806292.0,0.0,806292.0,806292.0,806292.0,2.27783333333,32.7,177,177,177,177,529,531,530,177
178,2016,2675814.66977,0.0,2675814.66977,806292.0,0.0,806292.0,806292.0,806292.0,2.27783333333,32.5,178,178,178,178,532,534,533,178
179,2014,5089567.15807,0.0,5089567.15807,1494879.0,0.0,1494879.0,1494879.0,1494879.0,2.88883333333,29.1,179,179,179,179,535,537,536,179
180,2015,1748053.666,0.0,1748053.666,1550356.0,1245327.0,305029.0,320471.0,515854.0,2.88883333333,29.3,180,180,180,180,538,540,539,180
181,2015,3858104.23403,0.0,3858104.23403,4930858.0,4795823.53,135034.47,580322.47,660488.0,2.667,31.5,181,181,181,181,541,543,542,181
182,2015,4188027.24811,42157.0,4230184.24811,1560000.0,310810.0,1249190.0,1247625.0,1247625.0,2.4445,32.0,182,182,182,182,544,546,545,182
183,2014,3919436.96714,-15000.0,3904436.96714,1096230.0,263600.0,832630.0,959830.0,1359830.0,2.22216666667,33.4,183,183,183,183,547,549,548,183
184,2015,2824163.25828,0.0,2824163.25828,1096230.0,263600.0,832630.0,959830.0,979830.0,2.22216666667,33.4,184,184,184,184,550,552,551,184
185,2014,0.0,0.0,0.0,0.0,0.0,0.0,0.0,0.0,0.666666666667,0.0,185,185,185,185,553,555,554,185
186,2014,0.0,0.0,0.0,529000.0,164425.0,364575.0,366075.0,366075.0,2.5,32.1,186,186,186,186,556,558,557,186
187,2014,1668988.1559,0.0,1668988.1559,522500.0,0.0,522500.0,522500.0,522500.0,2.1665,34.2,187,187,187,187,559,561,560,187
188,2016,1738943.14583,0.0,1738943.14583,522500.0,10250.0,512250.0,512250.0,512250.0,2.27783333333,33.8,188,188,188,188,562,564,563,188
189,2014,0.0,0.0,0.0,0.0,0.0,0.0,0.0,0.0,1.22216666667,0.0,189,189,189,189,565,567,566,189
190,2014,1588612.48019,-5000.0,1583612.48019,660000.0,192300.0,467700.0,467700.0,467700.0,3.05533333333,29.2,190,190,190,190,568,570,569,190
191,2014,781069.818737,-138700.0,642369.818737,376171.0,195635.0,180536.0,195096.0,222096.0,2.88883333333,30.0,191,191,191,191,571,573,572,191
192,2016,1231776.47078,-161504.0,1070272.47078,457945.0,174250.0,283695.0,283695.0,426445.0,2.88883333333,29.9,192,192,192,192,574,576,575,192
193,2017,1265537.52059,-141504.0,1124033.52059,457945.0,186885.0,271060.0,271060.0,426445.0,3.22233333333,28.7,193,193,193,193,577,579,578,193
194,2014,1551849.91354,172201.0,1724050.91354,631019.0,280690.0,350329.0,360128.0,606128.0,2.1665,33.5,194,194,194,194,580,582,581,194
195,2014,5046115.14875,623000.0,5669115.14875,3096880.0,2116683.0,980197.0,1112671.0,1216671.0,3.05533333333,28.7,195,195,195,195,583,585,584,195
196,2014,0.0,0.0,0.0,0.0,0.0,0.0,0.0,0.0,0.666666666667,0.0,196,196,196,196,586,588,587,196
197,2015,1954720.08825,0.0,1954720.08825,785000.0,217000.0,568000.0,568000.0,568000.0,2.3335,33.2,197,197,197,197,589,591,590,197
198,2014,0.0,0.0,0.0,0.0,0.0,0.0,0.0,0.0,1.55566666667,0.0,198,198,198,198,592,594,593,198
199,2015,8338769.49199,0.0,8338769.49199,1862088.0,284172.4,1577915.6,1624618.84,3018647.71,2.94433333333,30.2,199,199,199,199,595,597,596,199
200,2014,930119.209297,0.0,930119.209297,360000.0,117400.0,242600.0,243200.0,348200.0,2.222,34.0,200,200,200,200,598,600,599,200
201,2014,4203356.51578,0.0,4203356.51578,1354426.0,0.0,1354426.0,1354426.0,1354426.0,2.9445,29.6,201,201,201,201,601,603,602,201
202,2015,1494358.13222,0.0,1494358.13222,1319738.0,921577.0,398161.0,398980.0,488980.0,2.88883333333,29.8,202,202,202,202,604,606,605,202
203,2014,1852158.46052,0.0,1852158.46052,445000.0,176218.0,268782.0,294639.0,565744.0,2.38866666667,33.1,203,203,203,203,607,609,608,203
204,2014,0.0,0.0,0.0,0.0,0.0,0.0,0.0,0.0,0.666666666667,0.0,204,204,204,204,610,612,611,204
205,2015,3940529.89329,0.0,3940529.89329,1616974.0,374109.0,1242865.0,1247965.0,1259965.0,2.333,32.8,205,205,205,205,613,615,614,205
206,2014,3809157.26833,0.0,3809157.26833,730000.0,137500.0,592500.0,602500.0,1002500.0,2.44433333333,32.3,206,206,206,206,616,618,617,206
207,2016,3602075.1468,0.0,3602075.1468,803000.0,176800.0,626200.0,626200.0,1151200.0,2.5,31.6,207,207,207,207,619,621,620,207
208,2017,3602075.1468,0.0,3602075.1468,803000.0,176800.0,626200.0,626200.0,1151200.0,2.5,31.6,208,208,208,208,622,624,623,208
209,2014,5566990.19402,0.0,5566990.19402,1255422.0,228000.0,1027422.0,1047422.0,1847422.0,2.72233333333,30.9,209,209,209,209,625,627,626,209
210,2015,5701320.78491,0.0,5701320.78491,1300000.0,228000.0,1072000.0,1092000.0,1892000.0,2.72233333333,30.9,210,210,210,210,628,630,629,210
211,2016,0.0,0.0,0.0,1325000.0,229000.0,1096000.0,1116000.0,1916000.0,0.0,0.0,211,211,211,211,631,633,632,211
212,2017,6096052.92389,0.0,6096052.92389,1325000.0,571000.0,754000.0,774000.0,1924000.0,3.05533333333,28.7,212,212,212,212,634,636,635,212
213,2015,3865315.85254,0.0,3865315.85254,1500000.0,594300.0,905700.0,905700.0,1205700.0,2.667,31.7,213,213,213,213,637,639,638,213
214,2016,2683510.93706,-250000.0,2433510.93706,1150000.0,619300.0,530700.0,555700.0,855700.0,2.667,31.5,214,214,214,214,640,642,641,214
215,2017,2718007.39646,-250000.0,2468007.39646,1150000.0,608300.0,541700.0,566700.0,866700.0,2.667,31.5,215,215,215,215,643,645,644,215
216,2015,0.0,0.0,0.0,1000000.0,24000.0,976000.0,976000.0,976000.0,1.66666666667,0.0,216,216,216,216,646,648,647,216
217,2015,5697830.80394,0.0,5697830.80394,1790730.64,293194.2,1497536.44,1505944.44,1532961.44,3.00016666667,27.7,217,217,217,217,649,651,650,217
218,2015,1698916.61159,0.0,1698916.61159,732379.07,293194.2,439184.87,447592.87,474609.87,2.55533333333,31.5,218,218,218,218,652,654,653,218
219,2015,792765.617618,0.0,792765.617618,527365.69,293194.2,234171.49,242579.49,269596.49,2.55533333333,32.0,219,219,219,219,655,657,656,219
220,2015,494361.641006,0.0,494361.641006,429981.15,293194.2,136786.95,145194.95,172211.95,2.333,33.1,220,220,220,220,658,660,659,220
221,2015,643608.584003,0.0,643608.584003,448623.21,293194.2,155429.01,163837.01,190854.01,2.55533333333,31.8,221,221,221,221,661,663,662,221
222,2015,30529064.3496,0.0,30529064.3496,7600000.0,804.0,7599196.0,7599196.0,7599196.0,3.33316666667,24.6,222,222,222,222,664,666,665,222
223,2015,1512942.03048,0.0,1512942.03048,715000.0,263000.0,452000.0,453000.0,473000.0,2.61133333333,31.8,223,223,223,223,667,669,668,223
224,2015,1561015.24087,1043992.0,2605007.24087,1632521.0,1246112.0,386409.0,289289.0,568453.0,2.44433333333,32.7,224,224,224,224,670,672,671,224
225,2015,2874294.5855,37590.0,2911884.5855,1156000.0,982400.0,173600.0,190600.0,840600.0,2.4445,31.2,225,225,225,225,673,675,674,225
226,2015,19560165.7328,0.0,19560165.7328,7800000.0,4845696.0,2954304.0,3011818.0,5959955.0,3.4445,27.2,226,226,226,226,676,678,677,226
227,2015,7205412.73452,0.0,7205412.73452,2897927.0,1749284.0,1148643.0,1225082.0,1900735.0,3.4445,26.9,227,227,227,227,679,681,680,227
228,2015,0.0,0.0,0.0,1500000.0,0.0,1500000.0,1500000.0,1500000.0,0.333333333333,0.0,228,228,228,228,682,684,683,228
229,2016,1319657.94622,-48000.0,1271657.94622,650000.0,186300.0,463700.0,463700.0,463700.0,2.27783333333,33.5,229,229,229,229,685,687,686,229
230,2015,3114289.57124,250000.0,3364289.57124,1500000.0,685000.0,815000.0,815000.0,1015000.0,2.778,30.1,230,230,230,230,688,690,689,230
231,2015,993011.264063,0.0,993011.264063,1031036.0,660661.0,370375.0,375439.0,391861.0,2.27783333333,33.1,231,231,231,231,691,693,692,231
232,2015,4002174.02999,0.0,4002174.02999,2560000.0,1478400.0,1081600.0,1089600.0,1289600.0,2.88883333333,29.6,232,232,232,232,694,696,695,232
233,2016,3714366.62407,0.0,3714366.62407,2020000.0,828400.0,1191600.0,1199600.0,1199600.0,2.88883333333,29.7,233,233,233,233,697,699,698,233
234,2016,8119228.89809,50000.0,8169228.89809,3657000.0,1769000.0,1888000.0,1991000.0,2641000.0,2.61133333333,31.2,234,234,234,234,700,702,701,234
235,2015,4878635.58581,50000.0,4928635.58581,3657641.0,2867000.0,790641.0,893641.0,1593641.0,2.9445,30.2,235,235,235,235,703,705,704,235
236,2016,4168712.62238,77000.0,4245712.62238,3323000.0,2982000.0,341000.0,343800.0,1343800.0,2.611,30.8,236,236,236,236,706,708,707,236
237,2017,4696479.77939,77000.0,4773479.77939,3650000.0,3270000.0,380000.0,382800.0,1547800.0,2.9445,29.4,237,237,237,237,709,711,710,237
238,2016,2667208.57178,190000.0,2857208.57178,2300000.0,2173000.0,127000.0,184000.0,899000.0,2.44433333333,32.8,238,238,238,238,712,714,713,238
239,2015,2158630.74174,23000.0,2181630.74174,3050000.0,2667396.0,382604.0,432604.0,620604.0,3.111,28.2,239,239,239,239,715,717,716,239
240,2015,898021.664044,0.0,898021.664044,572080.0,282375.0,289705.0,289705.0,289705.0,2.27783333333,33.2,240,240,240,240,718,720,719,240
241,2015,0.0,0.0,0.0,0.0,0.0,0.0,0.0,0.0,1.0555,0.0,241,241,241,241,721,723,722,241
242,2015,644014.16957,0.0,644014.16957,204759.0,0.0,204759.0,204759.0,204759.0,2.27783333333,32.9,242,242,242,242,724,726,725,242
243,2015,4762338.27702,1.0,4762339.27702,1895835.0,695852.0,1199983.0,1228950.0,1322292.0,3.22233333333,29.0,243,243,243,243,727,729,728,243
244,2015,17335666.5726,1800000.0,19135666.5726,10341755.74,6142705.0,4199050.74,4259050.74,5259050.74,3.111,26.9,244,244,244,244,730,732,731,244
246,2017,30253019.8589,3833891.0,34086910.8589,14096065.0,7492618.0,6603447.0,6603447.0,8913447.0,3.4445,25.8,246,246,246,246,736,738,737,246
247,2016,21845524.1655,3357453.0,25202977.1655,11831786.0,6672063.41,5159722.59,5159722.59,6624722.59,3.111,27.0,247,247,247,247,739,741,740,247
248,2018,33647107.4503,3833891.0,37480998.4503,15096065.0,7492618.0,7603447.0,7603447.0,9913447.0,3.4445,25.8,248,248,248,248,742,744,743,248
249,2015,0.0,0.0,0.0,0.0,0.0,0.0,0.0,0.0,0.666666666667,0.0,249,249,249,249,745,747,746,249
250,2016,0.0,0.0,0.0,0.0,0.0,0.0,0.0,0.0,0.666666666667,0.0,250,250,250,250,748,750,749,250
251,2015,2717039.81293,0.0,2717039.81293,1400000.0,823700.0,576300.0,622000.0,802000.0,2.55533333333,31.6,251,251,251,251,751,753,752,251
252,2012,0.0,0.0,0.0,831867.0,0.0,831867.0,831867.0,831867.0,0.0,0.0,252,252,252,252,754,756,755,252
253,2016,2704549.32737,0.0,2704549.32737,1400000.0,823700.0,576300.0,622000.0,802000.0,2.55533333333,31.8,253,253,253,253,757,759,758,253
254,2015,800441.400364,0.0,800441.400364,6787835.0,6675365.0,112470.0,173560.0,213248.0,3.00016666667,27.3,254,254,254,254,760,762,761,254
255,2016,955812.276149,0.0,955812.276149,6787835.0,6675365.0,112470.0,255755.0,295443.0,2.72233333333,31.3,255,255,255,255,763,765,764,255
256,2015,1419485.15853,0.0,1419485.15853,4249798.0,4267942.0,-18144.0,321921.0,351921.0,2.6665,30.9,256,256,256,256,766,768,767,256
257,2015,0.0,0.0,0.0,0.0,0.0,0.0,0.0,0.0,1.61116666667,0.0,257,257,257,257,769,771,770,257
258,2015,3707537.59753,0.0,3707537.59753,2470231.0,2126511.0,343720.0,631066.0,989960.0,2.778,29.6,258,258,258,258,772,774,773,258
259,2015,1213935.57514,78358.0,1292293.57514,355800.0,91208.0,264592.0,275284.0,387284.0,2.55533333333,32.7,259,259,259,259,775,777,776,259
260,2017,1321666.64352,78358.0,1400024.64352,400000.0,91208.0,308792.0,312484.0,424484.0,2.38883333333,33.0,260,260,260,260,778,780,779,260
261,2016,1342522.86269,78358.0,1420880.86269,400000.0,91208.0,308792.0,312484.0,424484.0,2.55533333333,32.3,261,261,261,261,781,783,782,261
262,2016,766138.475998,0.0,766138.475998,311000.0,206015.0,104985.0,104985.0,266886.0,2.38866666667,33.1,262,262,262,262,784,786,785,262
263,2016,743486.460005,0.0,743486.460005,259209.48,46800.0,212409.48,212409.48,212409.48,2.5,30.2,263,263,263,263,787,789,788,263
264,2015,9721005.85342,0.0,9721005.85342,5722146.0,2914820.0,2807326.0,2909209.0,2909209.0,2.38883333333,32.2,264,264,264,264,790,792,791,264
265,2015,1831340.69042,0.0,1831340.69042,630000.0,201600.0,428400.0,453200.0,553200.0,2.9445,30.3,265,265,265,265,793,795,794,265
266,2016,1728021.24211,0.0,1728021.24211,600000.0,201600.0,398400.0,423200.0,523200.0,2.9445,30.4,266,266,266,266,796,798,797,266
267,2015,824848.519098,0.0,824848.519098,445000.0,191500.0,253500.0,253500.0,253500.0,2.6665,30.7,267,267,267,267,799,801,800,267
268,2015,3549487.16948,25000.0,3574487.16948,1955000.0,1109500.0,845500.0,898000.0,1068000.0,2.778,29.9,268,268,268,268,802,804,803,268
269,2015,1230027.58313,0.0,1230027.58313,605000.0,174000.0,431000.0,431000.0,446000.0,2.38866666667,32.5,269,269,269,269,805,807,806,269
270,2015,2325149.08177,0.0,2325149.08177,725000.0,45000.0,680000.0,680000.0,680000.0,2.72233333333,31.2,270,270,270,270,808,810,809,270
271,2015,1477088.15364,40200.0,1517288.15364,696156.0,264000.0,432156.0,434656.0,458656.0,2.5,31.5,271,271,271,271,811,813,812,271
272,2015,2148606.10502,-361000.0,1787606.10502,1628319.0,1413500.0,214819.0,232319.0,582319.0,2.94466666667,28.0,272,272,272,272,814,816,815,272
273,2016,1702014.17238,35000.0,1737014.17238,1216719.0,792800.0,423919.0,427119.0,477119.0,2.9445,29.4,273,273,273,273,817,819,818,273
274,2017,2207419.37518,35000.0,2242419.37518,1600000.0,983028.13,616971.87,617321.87,617321.87,2.9445,29.3,274,274,274,274,820,822,821,274
275,2015,0.0,0.0,0.0,0.0,0.0,0.0,0.0,0.0,0.666666666667,0.0,275,275,275,275,823,825,824,275
276,2015,2747963.00597,0.0,2747963.00597,813000.0,0.0,813000.0,813000.0,813000.0,2.4445,31.7,276,276,276,276,826,828,827,276
277,2016,2523645.42072,0.0,2523645.42072,859800.0,433938.0,425862.0,431889.0,640741.0,2.778,30.8,277,277,277,277,829,831,830,277
278,2015,5103313.74444,0.0,5103313.74444,1400000.0,0.0,1400000.0,1400000.0,1400000.0,3.0555,28.5,278,278,278,278,832,834,833,278
279,2015,1086140.18474,50000.0,1136140.18474,582000.0,289500.0,292500.0,312500.0,312500.0,2.77766666667,30.5,279,279,279,279,835,837,836,279
280,2015,5421716.9561,0.0,5421716.9561,1700000.0,0.0,1700000.0,1700000.0,1700000.0,2.44466666667,33.1,280,280,280,280,838,840,839,280
281,2015,4729286.88147,0.0,4729286.88147,2100000.0,495253.0,1604747.0,1604747.0,1604747.0,2.55533333333,31.9,281,281,281,281,841,843,842,281
282,2016,4729286.88147,0.0,4729286.88147,2100000.0,495253.0,1604747.0,1604747.0,1604747.0,2.55533333333,31.9,282,282,282,282,844,846,845,282
283,2015,0.0,0.0,0.0,0.0,0.0,0.0,0.0,0.0,0.666666666667,0.0,283,283,283,283,847,849,848,283
284,2015,1742653.07637,50000.0,1792653.07637,850000.0,355900.0,494100.0,580900.0,580900.0,2.77783333333,31.1,284,284,284,284,850,852,851,284
285,2015,4957814.98408,0.0,4957814.98408,2413327.0,2413327.0,0.0,0.0,1671156.0,2.611,31.6,285,285,285,285,853,855,854,285
286,2016,4957814.98408,0.0,4957814.98408,2413327.0,742171.0,1671156.0,1671156.0,1671156.0,2.611,31.6,286,286,286,286,856,858,857,286
287,2015,1040913.70183,0.0,1040913.70183,500000.0,153000.0,347000.0,347000.0,347000.0,2.4445,32.3,287,287,287,287,859,861,860,287
288,2015,9408054.17498,0.0,9408054.17498,2464380.0,960000.0,1504380.0,2139380.0,2268380.0,3.0555,28.7,288,288,288,288,862,864,863,288
289,2015,2252269.11443,50000.0,2302269.11443,815000.0,57500.0,757500.0,757500.0,757500.0,2.61133333333,31.5,289,289,289,289,865,867,866,289
290,2015,3246084.26129,0.0,3246084.26129,1273692.0,260266.0,1013426.0,1023426.0,1023426.0,2.778,31.0,290,290,290,290,868,870,869,290
291,2015,1923731.21964,1021839.0,2945570.21964,716113.0,508504.0,207609.0,303324.0,569366.0,2.72216666667,30.8,291,291,291,291,871,873,872,291
292,2015,996466.029193,113942.0,1110408.02919,647919.0,302838.0,345081.0,323503.0,323503.0,2.55566666667,32.3,292,292,292,292,874,876,875,292
293,2015,7562746.07465,0.0,7562746.07465,2634499.0,0.0,2634499.0,2634499.0,2634499.0,2.1665,33.1,293,293,293,293,877,879,878,293
294,2015,0.0,0.0,0.0,0.0,0.0,0.0,0.0,0.0,0.666666666667,0.0,294,294,294,294,880,882,881,294
295,2015,314779.894448,0.0,314779.894448,190000.0,77000.0,113000.0,113000.0,113000.0,2.0555,34.5,295,295,295,295,883,885,884,295
296,2015,1852284.11257,0.0,1852284.11257,684624.0,97000.0,587624.0,587624.0,587624.0,2.0555,34.8,296,296,296,296,886,888,887,296
297,2015,2327803.04513,0.0,2327803.04513,1334386.0,848000.0,486386.0,486386.0,786386.0,2.667,31.7,297,297,297,297,889,891,890,297
298,2015,0.0,0.0,0.0,0.0,0.0,0.0,0.0,0.0,0.666666666667,0.0,298,298,298,298,892,894,893,298
299,2015,1794122.92843,0.0,1794122.92843,1200000.0,504072.0,695928.0,695928.0,695928.0,2.61116666667,31.9,299,299,299,299,895,897,896,299
300,2015,11675889.433,0.0,11675889.433,8944191.0,6751462.0,2192729.0,2379124.0,4167649.0,2.72216666667,30.3,300,300,300,300,898,900,899,300
301,2016,14859592.7823,1294527.0,16154119.7823,7739720.0,6744023.0,995697.0,1171802.0,5805067.0,2.72216666667,30.2,301,301,301,301,901,903,902,301
302,2015,1869709.21593,0.0,1869709.21593,1405000.0,738000.0,667000.0,667000.0,697000.0,2.22216666667,33.8,302,302,302,302,904,906,905,302
303,2015,369077.928721,0.0,369077.928721,399528.0,290864.0,108664.0,124664.0,124664.0,2.222,34.1,303,303,303,303,907,909,908,303
304,2015,2398400.75783,-350000.0,2048400.75783,1024000.0,457707.0,566293.0,602493.0,725993.0,2.3335,32.7,304,304,304,304,910,912,911,304
305,2015,1187603.26571,0.0,1187603.26571,548000.0,146800.0,401200.0,401200.0,401200.0,2.5,31.7,305,305,305,305,913,915,914,305
306,2015,1952188.3981,0.0,1952188.3981,736000.0,404324.0,331676.0,416676.0,561676.0,2.77783333333,30.5,306,306,306,306,916,918,917,306
307,2016,1910685.94958,0.0,1910685.94958,770000.0,705900.0,64100.0,144100.0,519100.0,3.3335,28.1,307,307,307,307,919,921,920,307
308,2017,2210523.64343,0.0,2210523.64343,850000.0,705900.0,144100.0,224100.0,599100.0,3.3335,28.0,308,308,308,308,922,924,923,308
309,2015,1813023.90686,0.0,1813023.90686,880000.0,381800.0,498200.0,718200.0,718200.0,2.38883333333,32.9,309,309,309,309,925,927,926,309
310,2015,1826996.29428,0.0,1826996.29428,800000.0,250000.0,550000.0,555000.0,555000.0,2.55533333333,31.7,310,310,310,310,928,930,929,310
311,2016,0.0,0.0,0.0,0.0,0.0,0.0,0.0,0.0,0.666666666667,0.0,311,311,311,311,931,933,932,311
312,2015,2994271.2613,0.0,2994271.2613,2000000.0,1248500.0,751500.0,761500.0,861500.0,2.6665,30.5,312,312,312,312,934,936,935,312
313,2015,1070297.13619,50000.0,1120297.13619,565000.0,213000.0,352000.0,352000.0,352000.0,2.8335,30.5,313,313,313,313,937,939,938,313
314,2015,6292581.90175,63319.0,6355900.90175,1184635.0,356870.0,827765.0,964877.0,1921078.0,2.94433333333,29.6,314,314,314,314,940,942,941,314
315,2016,6292581.90175,63319.0,6355900.90175,1184635.0,356870.0,827765.0,964877.0,1921078.0,2.94433333333,29.6,315,315,315,315,943,945,944,315
316,2015,3194186.06343,0.0,3194186.06343,1050000.0,520000.0,530000.0,530000.0,1060000.0,2.667,30.9,316,316,316,316,946,948,947,316
317,2015,2367877.71296,0.0,2367877.71296,729000.0,50000.0,679000.0,679000.0,679679.0,2.77783333333,30.4,317,317,317,317,949,951,950,317
318,2015,2663054.61183,0.0,2663054.61183,602577.0,166758.0,435819.0,436984.0,886984.0,2.5,32.5,318,318,318,318,952,954,953,318
319,2015,3234273.41962,95602.0,3329875.41962,1141996.0,602681.0,539315.0,541083.0,959083.0,2.667,31.8,319,319,319,319,955,957,956,319
320,2015,23157686.6023,0.0,23157686.6023,12000000.0,7050000.0,4950000.0,4950000.0,5650000.0,3.2775,26.5,320,320,320,320,958,960,959,320
321,2015,4486341.01774,680000.0,5166341.01774,1948000.0,1523500.0,424500.0,456500.0,1386500.0,3.22233333333,27.8,321,321,321,321,961,963,962,321
322,2017,5214320.41034,680000.0,5894320.41034,2300000.0,1863622.0,436378.0,562469.0,1630469.0,3.05533333333,28.3,322,322,322,322,964,966,965,322
323,2016,5638574.22354,680000.0,6318574.22354,2300000.0,1523500.0,776500.0,808500.0,1738500.0,3.22233333333,27.7,323,323,323,323,967,969,968,323
324,2015,3970887.11032,-50000.0,3920887.11032,1300000.0,611000.0,689000.0,964000.0,1164000.0,2.4445,31.3,324,324,324,324,970,972,971,324
325,2016,141849.386171,0.0,141849.386171,65000.0,14295.0,50705.0,50705.0,50705.0,2.1665,34.3,325,325,325,325,973,975,974,325
326,2017,176491.99388,0.0,176491.99388,182000.0,128551.98,53448.02,54519.02,54519.02,2.1665,33.6,326,326,326,326,976,978,977,326
327,2015,1402362.59695,5000.0,1407362.59695,650520.0,399141.0,251379.0,270226.0,357779.0,2.4445,31.0,327,327,327,327,979,981,980,327
328,2015,2997528.70444,0.0,2997528.70444,2000000.0,1961000.0,39000.0,112000.0,812000.0,2.5,30.2,328,328,328,328,982,984,983,328
329,2014,0.0,0.0,0.0,0.0,0.0,0.0,0.0,0.0,0.666666666667,0.0,329,329,329,329,985,987,986,329
330,2016,4802508.49128,5000.0,4807508.49128,1400000.0,330000.0,1070000.0,1070000.0,1070000.0,2.72233333333,30.8,330,330,330,330,988,990,989,330
331,2015,3051195.20278,0.0,3051195.20278,1000000.0,687000.0,313000.0,313000.0,613000.0,2.55533333333,30.7,331,331,331,331,991,993,992,331
332,2016,4211275.764,0.0,4211275.764,1300000.0,571500.0,728500.0,728500.0,1028500.0,2.55533333333,30.5,332,332,332,332,994,996,995,332
333,2015,8061543.07685,130000.0,8191543.07685,1915510.0,670000.0,1245510.0,1287510.0,2237510.0,2.72233333333,31.0,333,333,333,333,997,999,998,333
334,2017,7606088.23607,150000.0,7756088.23607,1915510.0,925000.0,990510.0,990510.0,1940510.0,2.72233333333,31.0,334,334,334,334,1000,1002,1001,334
335,2016,3009545.95904,50000.0,3059545.95904,989000.0,595558.0,393442.0,398500.0,1032500.0,2.4445,32.4,335,335,335,335,1003,1005,1004,335
336,2016,539423.783251,0.0,539423.783251,300000.0,130000.0,170000.0,170000.0,170000.0,2.11116666667,34.5,336,336,336,336,1006,1008,1007,336
337,2015,2526117.1065,300000.0,2826117.1065,1394000.0,434700.0,959300.0,963300.0,963300.0,2.778,31.1,337,337,337,337,1009,1011,1010,337
338,2015,786329.286831,0.0,786329.286831,364719.0,65000.0,299719.0,299719.0,299719.0,2.22216666667,33.6,338,338,338,338,1012,1014,1013,338
339,2016,6883009.25731,0.0,6883009.25731,3200000.0,1215000.0,1985000.0,1985000.0,1985000.0,2.5555,30.6,339,339,339,339,1015,1017,1016,339
340,2015,2359240.85812,0.0,2359240.85812,900000.0,400000.0,500000.0,508000.0,783000.0,2.4445,32.1,340,340,340,340,1018,1020,1019,340
341,2015,1213652.39018,0.0,1213652.39018,525000.0,115000.0,410000.0,410000.0,410000.0,2.5555,31.7,341,341,341,341,1021,1023,1022,341
342,2015,1316631.28157,250000.0,1566631.28157,697922.0,583000.0,114922.0,174922.0,374922.0,2.88883333333,30.4,342,342,342,342,1024,1026,1025,342
343,2016,2793849.85229,250000.0,3043849.85229,830486.0,593000.0,237486.0,302486.0,702486.0,2.88883333333,30.4,343,343,343,343,1027,1029,1028,343
344,2017,2859704.93324,150000.0,3009704.93324,1025000.0,693000.0,332000.0,397000.0,817000.0,2.88883333333,30.2,344,344,344,344,1030,1032,1031,344
345,2015,21760371.0008,0.0,21760371.0008,6100000.0,0.0,6100000.0,6100000.0,6100000.0,2.6665,29.4,345,345,345,345,1033,1035,1034,345
346,2016,8684845.88105,0.0,8684845.88105,6128596.0,4726681.0,1401915.0,1471603.0,2434589.0,2.6665,29.4,346,346,346,346,1036,1038,1037,346
347,2015,6224434.29452,0.0,6224434.29452,2800000.0,2379000.0,421000.0,421000.0,2223000.0,2.4445,31.8,347,347,347,347,1039,1041,1040,347
348,2015,0.0,0.0,0.0,0.0,0.0,0.0,0.0,0.0,0.666666666667,0.0,348,348,348,348,1042,1044,1043,348
349,2016,6039597.15355,500000.0,6539597.15355,2800000.0,2379000.0,421000.0,421000.0,2223000.0,2.16666666667,33.2,349,349,349,349,1045,1047,1046,349
350,2015,0.0,0.0,0.0,0.0,0.0,0.0,0.0,0.0,1.55566666667,0.0,350,350,350,350,1048,1050,1049,350
351,2016,2473295.3791,0.0,2473295.3791,842216.0,51392.0,790824.0,790824.0,790824.0,2.3335,32.8,351,351,351,351,1051,1053,1052,351
352,2015,0.0,0.0,0.0,0.0,0.0,0.0,0.0,0.0,1.55566666667,0.0,352,352,352,352,1054,1056,1055,352
353,2016,1052790.21062,0.0,1052790.21062,388768.0,51392.0,337376.0,337376.0,337376.0,2.3335,32.9,353,353,353,353,1057,1059,1058,353
354,2015,0.0,0.0,0.0,0.0,0.0,0.0,0.0,0.0,1.49983333333,0.0,354,354,354,354,1060,1062,1061,354
355,2016,2065500.57439,0.0,2065500.57439,3444120.0,3045146.0,398974.0,478207.0,543007.0,2.9445,28.3,355,355,355,355,1063,1065,1064,355
356,2015,10882987.6921,0.0,10882987.6921,3000000.0,1500000.0,1500000.0,1500000.0,3000000.0,3.111,28.7,356,356,356,356,1066,1068,1067,356
357,2016,1615257.90829,0.0,1615257.90829,697577.0,127560.0,570017.0,570017.0,570017.0,2.22216666667,33.7,357,357,357,357,1069,1071,1070,357
358,2016,579260.741409,0.0,579260.741409,268464.0,58591.0,209873.0,209873.0,209873.0,2.1665,33.7,358,358,358,358,1072,1074,1073,358
359,2015,6302762.16205,0.0,6302762.16205,1750000.0,0.0,1750000.0,1750000.0,1750000.0,2.9445,29.0,359,359,359,359,1075,1077,1076,359
360,2016,4836940.46943,450000.0,5286940.46943,1694233.0,591668.91,1102564.09,1102564.09,1102564.09,2.9445,29.0,360,360,360,360,1078,1080,1079,360
361,2015,28218843.8614,0.0,28218843.8614,7666567.0,0.0,7666567.0,7666567.0,7666567.0,3.16633333333,28.1,361,361,361,361,1081,1083,1082,361
362,2016,11108047.0771,0.0,11108047.0771,7666567.0,7283836.0,382731.0,504451.0,3032562.0,2.99983333333,28.3,362,362,362,362,1084,1086,1085,362
363,2015,30361891.1134,0.0,30361891.1134,11000000.0,2859850.0,8140150.0,8647250.0,9747250.0,2.4445,31.8,363,363,363,363,1087,1089,1088,363
364,2016,4351544.59494,0.0,4351544.59494,2030000.0,1718000.0,312000.0,342000.0,1342000.0,2.611,31.2,364,364,364,364,1090,1092,1091,364
365,2017,4848444.75218,0.0,4848444.75218,2150000.0,1437000.0,713000.0,743000.0,1485000.0,2.611,30.9,365,365,365,365,1093,1095,1094,365
366,2016,6437015.14516,0.0,6437015.14516,2916925.0,1142500.0,1774425.0,1774425.0,1774425.0,3.05533333333,28.7,366,366,366,366,1096,1098,1097,366
367,2015,1514034.99545,-30000.0,1484034.99545,600000.0,82000.0,518000.0,532000.0,532000.0,2.22216666667,33.5,367,367,367,367,1099,1101,1100,367
368,2015,1275113.89776,0.0,1275113.89776,450000.0,74000.0,376000.0,426000.0,426000.0,2.44416666667,31.2,368,368,368,368,1102,1104,1103,368
369,2015,1259282.90193,5848.0,1265130.90193,618803.0,343087.0,275716.0,279820.0,436772.0,2.27783333333,32.9,369,369,369,369,1105,1107,1106,369
370,2014,0.0,6491.0,0.0,595218.0,371110.0,224108.0,233256.0,389711.0,0.0,0.0,370,370,370,370,1108,1110,1109,370
371,2013,0.0,6902.0,0.0,522495.0,333087.0,189408.0,193180.0,345860.0,0.0,0.0,371,371,371,371,1111,1113,1112,371
372,2012,0.0,3437.0,0.0,449218.0,290227.0,158991.0,166793.0,314176.0,0.0,0.0,372,372,372,372,1114,1116,1115,372
373,2011,0.0,7731.0,0.0,412854.0,246394.0,166460.0,174370.0,275955.0,0.0,0.0,373,373,373,373,1117,1119,1118,373
374,2016,1470407.86657,11851.0,1482258.86657,679642.0,339826.0,339816.0,348152.0,502250.0,2.44433333333,32.2,374,374,374,374,1120,1122,1121,374
375,2017,1418037.12683,5848.0,1423885.12683,665328.0,343087.0,322241.0,326345.0,483297.0,2.61133333333,32.1,375,375,375,375,1123,1125,1124,375
376,2015,0.0,0.0,0.0,0.0,0.0,0.0,0.0,0.0,0.666666666667,0.0,376,376,376,376,1126,1128,1127,376
377,2016,2016035.88696,50000.0,2066035.88696,620000.0,86200.0,533800.0,563800.0,563800.0,3.0,29.3,377,377,377,377,1129,1131,1130,377
379,2015,3678265.26511,0.0,3678265.26511,1550977.0,425341.0,1125636.0,1126593.0,1126593.0,2.778,30.9,379,379,379,379,1135,1137,1136,379
380,2017,3574125.05274,0.0,3574125.05274,1743513.0,675640.0,1067873.0,1070172.0,1070172.0,2.9445,29.0,380,380,380,380,1138,1140,1139,380
381,2015,1554410.19779,25000.0,1579410.19779,650000.0,368000.0,282000.0,282000.0,532000.0,2.22216666667,33.5,381,381,381,381,1141,1143,1142,381
382,2016,1421804.60831,25000.0,1446804.60831,650000.0,326000.0,324000.0,324000.0,474000.0,2.22216666667,33.5,382,382,382,382,1144,1146,1145,382
383,2016,0.0,-9.0,0.0,54.0,648.0,-594.0,-396.0,-351.0,1.0555,0.0,383,383,383,383,1147,1149,1148,383
384,2015,1790775.74093,0.0,1790775.74093,647765.0,33000.0,614765.0,614765.0,619765.0,2.44433333333,32.8,384,384,384,384,1150,1152,1151,384
385,2017,1571261.21005,0.0,1571261.21005,600000.0,35000.0,565000.0,565000.0,565000.0,2.27783333333,33.1,385,385,385,385,1153,1155,1154,385
386,2015,0.0,0.0,0.0,0.0,0.0,0.0,0.0,0.0,0.666666666667,0.0,386,386,386,386,1156,1158,1157,386
387,2016,220731.289018,0.0,220731.289018,102000.0,30000.0,72000.0,72000.0,72000.0,2.1665,33.7,387,387,387,387,1159,1161,1160,387
388,2015,2181086.67237,0.0,2181086.67237,855000.0,131200.0,723800.0,723800.0,723800.0,2.72233333333,30.9,388,388,388,388,1162,1164,1163,388
389,2016,2190905.41139,0.0,2190905.41139,855000.0,131200.0,723800.0,723800.0,723800.0,2.72233333333,30.7,389,389,389,389,1165,1167,1166,389
390,2017,2623074.42658,0.0,2623074.42658,958000.0,311200.0,646800.0,649800.0,829800.0,2.99983333333,28.8,390,390,390,390,1168,1170,1169,390
391,2016,918741.585332,0.0,918741.585332,475000.0,340000.0,135000.0,140000.0,255000.0,2.77783333333,31.0,391,391,391,391,1171,1173,1172,391
392,2016,4667803.48062,848619.0,5516422.48062,4536169.0,3820707.6,715461.4,758358.4,1488358.4,3.0,28.2,392,392,392,392,1174,1176,1175,392
393,2016,1149648.59332,0.0,1149648.59332,505000.0,314000.0,191000.0,191000.0,321000.0,2.4445,32.6,393,393,393,393,1177,1179,1178,393
394,2016,2002007.78052,0.0,2002007.78052,845000.0,510888.0,334112.0,430812.0,647172.0,2.3335,32.7,394,394,394,394,1180,1182,1181,394
395,2017,2583731.09909,0.0,2583731.09909,950000.0,232732.0,717268.0,728568.0,770568.0,2.5555,30.9,395,395,395,395,1183,1185,1184,395
396,2012,1172995.52029,0.0,1172995.52029,273000.0,93020.0,179980.0,239980.0,307980.0,2.5,32.2,396,396,396,396,1186,1188,1187,396
397,2014,3057192.94409,0.0,3057192.94409,1300000.0,771350.0,528650.0,548394.0,852926.0,3.05533333333,29.2,397,397,397,397,1189,1191,1190,397
398,2013,1172995.52029,0.0,1172995.52029,273000.0,93020.0,179980.0,239980.0,307980.0,2.5,32.2,398,398,398,398,1192,1194,1193,398
399,2016,4954109.70944,0.0,4954109.70944,1550000.0,596350.0,953650.0,1103650.0,1353650.0,2.3335,32.9,399,399,399,399,1195,1197,1196,399
400,2016,855279.010915,0.0,855279.010915,295495.0,49000.0,246495.0,246495.0,271495.0,2.6665,31.3,400,400,400,400,1198,1200,1199,400
401,2017,1020234.8399,0.0,1020234.8399,323065.0,49000.0,274065.0,274065.0,299065.0,2.6665,31.3,401,401,401,401,1201,1203,1202,401
402,2018,1020234.8399,0.0,1020234.8399,323065.0,49000.0,274065.0,274065.0,299065.0,2.6665,31.3,402,402,402,402,1204,1206,1205,402
403,2016,1889803.14005,60000.0,1949803.14005,660418.0,133225.0,527193.0,536093.0,536093.0,2.88883333333,29.9,403,403,403,403,1207,1209,1208,403
404,2017,2081724.24837,60000.0,2141724.24837,722068.0,143225.0,578843.0,587743.0,587743.0,2.88883333333,29.7,404,404,404,404,1210,1212,1211,404
405,2016,2282893.9451,-340000.0,1942893.9451,492000.0,465758.0,26242.0,76242.0,702038.0,2.22216666667,33.4,405,405,405,405,1213,1215,1214,405
406,2015,4254545.27668,0.0,4254545.27668,978474.0,549404.0,429070.0,456888.0,1020480.0,2.88883333333,30.3,406,406,406,406,1216,1218,1217,406
407,2014,2201060.1057,15870.0,2216930.1057,870993.0,509713.0,361280.0,361280.0,722560.0,2.38883333333,32.8,407,407,407,407,1219,1221,1220,407
408,2012,951561.309017,0.0,951561.309017,290000.0,0.0,290000.0,290000.0,290000.0,2.3335,33.0,408,408,408,408,1222,1224,1223,408
409,2016,890553.790961,0.0,890553.790961,513000.0,217659.0,295341.0,295341.0,320341.0,2.3335,32.5,409,409,409,409,1225,1227,1226,409
410,2017,1224508.17806,0.0,1224508.17806,570000.0,307659.0,262341.0,352341.0,372341.0,2.3335,32.9,410,410,410,410,1228,1230,1229,410
411,2015,1664770.5411,0.0,1664770.5411,650000.0,272000.0,378000.0,488000.0,488000.0,2.611,31.3,411,411,411,411,1231,1233,1232,411
412,2016,3174946.3934,50000.0,3224946.3934,1578978.0,673000.0,905978.0,947978.0,947978.0,3.05533333333,29.8,412,412,412,412,1234,1236,1235,412
413,2016,5340292.29626,352000.0,5692292.29626,2000000.0,1227000.0,773000.0,816500.0,1616500.0,2.44433333333,32.7,413,413,413,413,1237,1239,1238,413
414,2017,4078439.99786,211000.0,4289439.99786,1604432.0,1434500.0,169932.0,197932.0,1167932.0,2.722,30.3,414,414,414,414,1240,1242,1241,414
415,2016,4690098.24312,0.0,4690098.24312,2000000.0,501800.0,1498200.0,1498200.0,1498200.0,2.72216666667,30.4,415,415,415,415,1243,1245,1244,415
416,2016,89612.7708076,0.0,89612.7708076,40000.0,38240.0,1760.0,1760.0,31760.0,2.22216666667,33.9,416,416,416,416,1246,1248,1247,416
417,2017,287738.612554,0.0,287738.612554,110000.0,8240.0,101760.0,101760.0,101760.0,2.22216666667,33.8,417,417,417,417,1249,1251,1250,417
418,2012,306696.244532,0.0,306696.244532,130000.0,8000.0,122000.0,122000.0,122000.0,2.3335,33.1,418,418,418,418,1252,1254,1253,418
419,2014,0.0,0.0,0.0,0.0,0.0,0.0,0.0,0.0,0.666666666667,0.0,419,419,419,419,1255,1257,1256,419
420,2016,3771725.13821,0.0,3771725.13821,1100000.0,0.0,1100000.0,1100000.0,1100000.0,2.11116666667,34.5,420,420,420,420,1258,1260,1259,420
421,2017,1792326.11071,0.0,1792326.11071,1070477.0,850900.0,219577.0,220627.0,569327.0,2.5,31.8,421,421,421,421,1261,1263,1262,421
422,2016,0.0,0.0,0.0,1546489.0,0.0,1546489.0,1546489.0,1546489.0,0.0,0.0,422,422,422,422,1264,1266,1265,422
423,2017,2121132.18237,0.0,2121132.18237,1196334.0,706721.0,489613.0,494884.0,683903.0,2.889,30.1,423,423,423,423,1267,1269,1268,423
424,2016,1294696.63904,0.0,1294696.63904,1122575.79,1075024.0,47551.79,70539.79,341126.59,2.99983333333,29.6,424,424,424,424,1270,1272,1271,424
425,2016,629375.02946,0.0,629375.02946,425000.0,228000.0,197000.0,248000.0,398000.0,2.1665,34.5,425,425,425,425,1273,1275,1274,425
426,2016,1957573.00685,25000.0,1982573.00685,633039.0,287157.84,345881.16,356290.16,427443.53,2.8335,30.0,426,426,426,426,1276,1278,1277,426
427,2016,3353399.16931,0.0,3353399.16931,2898921.0,2290620.0,608301.0,669781.0,951281.0,2.88883333333,29.9,427,427,427,427,1279,1281,1280,427
428,2016,894814.635293,0.0,894814.635293,1032107.0,725275.0,306832.0,307988.0,307988.0,2.61133333333,31.7,428,428,428,428,1282,1284,1283,428
429,2015,0.0,0.0,0.0,0.0,0.0,0.0,0.0,0.0,0.666666666667,0.0,429,429,429,429,1285,1287,1286,429
430,2017,3170337.75875,0.0,3170337.75875,1167710.0,732029.0,435681.0,445337.0,1049337.0,2.667,31.5,430,430,430,430,1288,1290,1289,430
431,2016,0.0,0.0,0.0,0.0,0.0,0.0,0.0,0.0,1.66666666667,0.0,431,431,431,431,1291,1293,1292,431
432,2017,3732863.15583,200000.0,3932863.15583,1330924.0,1330000.0,924.0,924.0,1043924.0,2.9445,29.3,432,432,432,432,1294,1296,1295,432
433,2016,1075741.30085,0.0,1075741.30085,665000.0,392050.0,272950.0,197250.0,375550.0,2.22216666667,33.2,433,433,433,433,1297,1299,1298,433
434,2016,2536641.97011,0.0,2536641.97011,1081875.0,262635.54,819239.46,819239.46,819239.46,2.9445,29.7,434,434,434,434,1300,1302,1301,434
435,2017,3233686.40163,0.0,3233686.40163,1319994.0,275635.54,1044358.46,1044358.46,1044358.46,2.9445,29.7,435,435,435,435,1303,1305,1304,435
436,2016,450712.487068,0.0,450712.487068,195684.0,99470.0,96214.0,96214.0,163174.0,2.0555,34.9,436,436,436,436,1306,1308,1307,436
437,2016,2550331.16111,0.0,2550331.16111,900000.0,0.0,900000.0,900000.0,900000.0,2.27783333333,33.7,437,437,437,437,1309,1311,1310,437
438,2016,612193.248905,0.0,612193.248905,273322.0,268700.0,4622.0,14022.0,221022.0,2.38866666667,32.3,438,438,438,438,1312,1314,1313,438
439,2016,6967635.34832,0.0,6967635.34832,2000000.0,0.0,2000000.0,2000000.0,2000000.0,2.778,30.4,439,439,439,439,1315,1317,1316,439
440,2016,7992109.26364,0.0,7992109.26364,5795000.0,5376000.0,419000.0,527100.0,2848100.0,2.55533333333,31.7,440,440,440,440,1318,1320,1319,440
441,2016,662684.560023,48089.0,710773.560023,298386.0,235187.0,63199.0,78368.0,248083.0,2.222,34.0,441,441,441,441,1321,1323,1322,441
442,2016,12816032.9828,0.0,12816032.9828,4291266.0,0.0,4291266.0,4291266.0,4291266.0,2.49983333333,31.9,442,442,442,442,1324,1326,1325,442
443,2016,113017.01727,0.0,113017.01727,47067.86,12000.0,35067.86,35067.86,35067.86,2.22216666667,33.8,443,443,443,443,1327,1329,1328,443
444,2017,536910.665469,0.0,536910.665469,240000.0,76000.0,164000.0,164000.0,164000.0,2.38883333333,33.1,444,444,444,444,1330,1332,1331,444
445,2016,119034.706949,-61000.0,58034.7069488,380056.0,354400.0,25656.0,53056.0,53056.0,2.27783333333,33.3,445,445,445,445,1333,1335,1334,445
446,2016,0.0,0.0,0.0,0.0,0.0,0.0,0.0,0.0,0.666666666667,0.0,446,446,446,446,1336,1338,1337,446
447,2016,0.0,0.0,0.0,13761000.0,9724000.0,4037000.0,4037000.0,5637000.0,0.666666666667,0.0,447,447,447,447,1339,1341,1340,447
448,2016,3824921.73556,0.0,3824921.73556,2000000.0,1310000.0,690000.0,810000.0,1210000.0,3.0555,28.8,448,448,448,448,1342,1344,1343,448
449,2016,206088.197252,2106.0,208194.197252,91297.0,88300.0,2997.0,2997.0,84997.0,2.27783333333,33.3,449,449,449,449,1345,1347,1346,449
450,2016,1533956.50855,50000.0,1583956.50855,926000.0,567000.0,359000.0,359000.0,539000.0,2.27783333333,33.5,450,450,450,450,1348,1350,1349,450
451,2016,896726.31389,15000.0,911726.31389,452000.0,358530.0,93470.0,128470.0,263470.0,2.778,31.4,451,451,451,451,1351,1353,1352,451
452,2016,481774.643737,-65000.0,416774.643737,300000.0,318990.0,-18990.0,-18990.0,166010.0,2.5,32.6,452,452,452,452,1354,1356,1355,452
453,2016,556178.904947,150000.0,706178.904947,5802650.0,5848404.0,-45754.0,-11299.0,168701.0,2.94433333333,29.9,453,453,453,453,1357,1359,1358,453
454,2017,1666453.91723,150000.0,1816453.91723,5802650.0,5554404.0,248246.0,282701.0,462701.0,3.05533333333,29.0,454,454,454,454,1360,1362,1361,454
455,2016,1424236.40476,26706.0,1450942.40476,571500.0,268601.0,302899.0,302899.0,443899.0,2.1665,34.0,455,455,455,455,1363,1365,1364,455
456,2016,1215240.34401,690000.0,1905240.34401,425000.0,219250.0,205750.0,303000.0,323000.0,3.11133333333,29.3,456,456,456,456,1366,1368,1367,456
457,2016,0.0,0.0,0.0,0.0,0.0,0.0,0.0,0.0,0.666666666667,0.0,457,457,457,457,1369,1371,1370,457
458,2016,1990787.38941,100000.0,2090787.38941,1000000.0,805000.0,195000.0,195000.0,695000.0,2.3335,33.2,458,458,458,458,1372,1374,1373,458
459,2016,4039580.95335,0.0,4039580.95335,1693000.0,1074350.0,618650.0,704150.0,1129700.0,3.0555,29.3,459,459,459,459,1375,1377,1376,459
460,2016,2147515.28152,0.0,2147515.28152,858000.0,412000.0,446000.0,566000.0,686000.0,2.88883333333,30.4,460,460,460,460,1378,1380,1379,460
461,2016,563166.7552,115000.0,678166.7552,300000.0,258000.0,42000.0,67000.0,167000.0,2.5,31.8,461,461,461,461,1381,1383,1382,461
462,2016,252422.033643,0.0,252422.033643,80000.0,80000.0,0.0,0.0,91000.0,2.0555,34.7,462,462,462,462,1384,1386,1385,462
463,2016,4284969.10034,0.0,4284969.10034,1300000.0,0.0,1300000.0,1300000.0,1300000.0,2.38883333333,32.8,463,463,463,463,1387,1389,1388,463
464,2016,0.0,0.0,0.0,0.0,0.0,0.0,0.0,0.0,0.666666666667,0.0,464,464,464,464,1390,1392,1391,464
465,2016,1848492.28868,20846.0,1869338.28868,880000.0,570554.0,309446.0,336443.0,486443.0,3.111,29.0,465,465,465,465,1393,1395,1394,465
466,2016,1639147.34358,0.0,1639147.34358,1850000.0,1370000.0,480000.0,480000.0,615000.0,2.5,31.6,466,466,466,466,1396,1398,1397,466
467,2016,1830562.77285,0.0,1830562.77285,750000.0,574200.0,175800.0,175800.0,455800.0,2.7225,30.0,467,467,467,467,1399,1401,1400,467
468,2016,7191096.73968,-6967673.0,223423.739684,2657572.0,2594943.0,62629.0,1648331.0,2304451.0,2.38883333333,32.9,468,468,468,468,1402,1404,1403,468
469,2016,1011676.80575,0.0,1011676.80575,300000.0,0.0,300000.0,300000.0,300000.0,2.44416666667,31.8,469,469,469,469,1405,1407,1406,469
470,2016,767568.384727,20000.0,787568.384727,320000.0,320000.0,0.0,0.0,225000.0,2.61133333333,31.3,470,470,470,470,1408,1410,1409,470
471,2016,671410.17022,0.0,671410.17022,380000.0,380000.0,0.0,0.0,240000.0,2.222,34.3,471,471,471,471,1411,1413,1412,471
472,2016,0.0,0.0,0.0,0.0,0.0,0.0,0.0,0.0,0.666666666667,0.0,472,472,472,472,1414,1416,1415,472
474,2016,0.0,0.0,0.0,1500000.0,0.0,1500000.0,1500000.0,1500000.0,2.00016666667,0.0,474,474,474,474,1420,1422,1421,474
475,2016,3290309.73758,0.0,3290309.73758,1038728.0,867400.0,171328.0,281328.0,793328.0,3.05533333333,28.7,475,475,475,475,1423,1425,1424,475
476,2017,3765871.4261,0.0,3765871.4261,1038728.0,867400.0,171328.0,281328.0,793328.0,3.05533333333,28.6,476,476,476,476,1426,1428,1427,476
477,2016,1551545.08934,0.0,1551545.08934,600000.0,135668.53,464331.47,464331.47,464331.47,2.5,32.2,477,477,477,477,1429,1431,1430,477
478,2016,8909096.97076,0.0,8909096.97076,2500000.0,348500.0,2151500.0,2256500.0,2256500.0,2.88866666667,30.7,478,478,478,478,1432,1434,1433,478
479,2016,5647010.24461,0.0,5647010.24461,1150000.0,475000.0,675000.0,875000.0,1100000.0,2.72233333333,30.6,479,479,479,479,1435,1437,1436,479
480,2017,6318018.36468,0.0,6318018.36468,1000000.0,500000.0,500000.0,720000.0,998000.0,3.2775,27.6,480,480,480,480,1438,1440,1439,480
481,2016,2784646.29538,0.0,2784646.29538,1043014.0,450819.0,592195.0,592195.0,862014.0,2.88883333333,30.2,481,481,481,481,1441,1443,1442,481
482,2016,1904804.40583,-650000.0,1254804.40583,1350000.0,1318000.0,32000.0,32000.0,457000.0,2.38883333333,31.8,482,482,482,482,1444,1446,1445,482
483,2016,8587463.99349,0.0,8587463.99349,4200000.0,3273000.0,927000.0,964000.0,2564000.0,2.88916666667,27.5,483,483,483,483,1447,1449,1448,483
484,2016,4876313.99704,50000.0,4926313.99704,2763222.0,2418158.0,345064.0,477540.0,1114874.0,3.111,28.7,484,484,484,484,1450,1452,1451,484
485,2016,6853465.32173,150000.0,7003465.32173,3422934.0,1446378.0,1976556.0,1976556.0,2121556.0,2.77783333333,30.2,485,485,485,485,1453,1455,1454,485
486,2016,-456797.559887,0.0,-456797.559887,670.0,406000.0,-405330.0,-325330.0,-125330.0,2.22216666667,33.3,486,486,486,486,1456,1458,1457,486
487,2016,4990555.4558,50000.0,5040555.4558,1910000.0,839582.0,1070418.0,1079153.0,1626507.0,2.88866666667,30.1,487,487,487,487,1459,1461,1460,487
488,2016,1427544.43762,-150000.0,1277544.43762,1000000.0,835000.0,165000.0,165000.0,439000.0,2.22216666667,33.4,488,488,488,488,1462,1464,1463,488
489,2016,2134132.97639,0.0,2134132.97639,775000.0,464700.0,310300.0,310300.0,535300.0,2.88883333333,30.3,489,489,489,489,1465,1467,1466,489
490,2016,1969941.17066,0.0,1969941.17066,685000.0,685000.0,0.0,162800.0,562800.0,2.72233333333,30.2,490,490,490,490,1468,1470,1469,490
491,2016,1380346.50567,0.0,1380346.50567,506000.0,55100.0,450900.0,450900.0,450900.0,2.8335,30.2,491,491,491,491,1471,1473,1472,491
492,2016,7988119.5138,0.0,7988119.5138,4200000.0,2625000.0,1575000.0,1575000.0,2575000.0,2.611,30.8,492,492,492,492,1474,1476,1475,492
493,2016,0.0,0.0,0.0,200000.0,64000.0,136000.0,136000.0,200000.0,0.0,0.0,493,493,493,493,1477,1479,1478,493
494,2016,0.0,0.0,0.0,0.0,0.0,0.0,0.0,0.0,0.666666666667,0.0,494,494,494,494,1480,1482,1481,494
495,2016,3075886.6757,0.0,3075886.6757,1080000.0,481700.0,598300.0,773300.0,893300.0,2.72233333333,30.9,495,495,495,495,1483,1485,1484,495
496,2016,0.0,0.0,0.0,1700000.0,1733000.0,-33000.0,32000.0,1132000.0,2.3335,32.5,496,496,496,496,1486,1488,1487,496
497,2016,718597.459084,0.0,718597.459084,357000.0,133220.0,223780.0,334000.0,334000.0,2.11116666667,34.2,497,497,497,497,1489,1491,1490,497
498,2016,915384.417291,0.0,915384.417291,320000.0,98500.0,221500.0,221500.0,281500.0,2.22216666667,33.4,498,498,498,498,1492,1494,1493,498
499,2016,2247299.85947,-51500.0,2195799.85947,1030455.0,830900.0,199555.0,219820.0,579270.0,2.667,31.1,499,499,499,499,1495,1497,1496,499
500,2016,648096.845437,0.0,648096.845437,225000.0,200300.0,24700.0,54700.0,204700.0,2.0555,34.6,500,500,500,500,1498,1500,1499,500
501,2016,637597.967262,30000.0,667597.967262,265000.0,171200.0,93800.0,106300.0,181300.0,2.9445,30.0,501,501,501,501,1501,1503,1502,501
502,2016,3124482.72925,250000.0,3374482.72925,2300000.0,1757000.0,543000.0,543000.0,993000.0,3.16683333333,29.0,502,502,502,502,1504,1506,1505,502
503,2016,1508959.36894,10000.0,1518959.36894,600000.0,547000.0,53000.0,53000.0,503000.0,2.77783333333,31.1,503,503,503,503,1507,1509,1508,503
504,2016,0.0,0.0,0.0,0.0,0.0,0.0,0.0,0.0,0.666666666667,0.0,504,504,504,504,1510,1512,1511,504
505,2016,1034180.1569,-228740.0,805440.156902,401763.0,29276.0,372487.0,372487.0,372487.0,2.27783333333,33.3,505,505,505,505,1513,1515,1514,505
506,2017,1301995.35189,-222908.0,1079087.35189,495000.0,39478.0,455522.0,455522.0,455522.0,2.27783333333,33.3,506,506,506,506,1516,1518,1517,506
507,2016,570287.370887,0.0,570287.370887,300000.0,129720.0,170280.0,170280.0,170280.0,2.5,32.1,507,507,507,507,1519,1521,1520,507
508,2016,6408548.45798,0.0,6408548.45798,1270697.0,0.0,1270697.0,1270697.0,1270697.0,3.11116666667,26.3,508,508,508,508,1522,1524,1523,508
509,2017,3500380.93369,-90000.0,3410380.93369,1270697.0,933636.0,337061.0,341061.0,694061.0,3.11116666667,26.3,509,509,509,509,1525,1527,1526,509
510,2017,0.0,0.0,0.0,0.0,0.0,0.0,0.0,0.0,0.666666666667,0.0,510,510,510,510,1528,1530,1529,510
511,2016,5762998.33661,0.0,5762998.33661,3500000.0,5180000.0,-1680000.0,-1680000.0,1820000.0,2.88883333333,29.9,511,511,511,511,1531,1533,1532,511
512,2016,4786547.0996,0.0,4786547.0996,2527105.6,1411671.01,1115434.59,1128424.52,1606280.02,2.778,30.8,512,512,512,512,1534,1536,1535,512
513,2016,0.0,0.0,0.0,10000.0,6500.0,3500.0,4900.0,5900.0,0.666666666667,0.0,513,513,513,513,1537,1539,1538,513
514,2016,5029767.57871,0.0,5029767.57871,4000000.0,2999000.0,1001000.0,1001000.0,1366500.0,3.0555,28.1,514,514,514,514,1540,1542,1541,514
515,2017,1017440.61037,0.0,1017440.61037,943546.38,788716.0,154830.38,192680.38,450495.38,2.44433333333,32.3,515,515,515,515,1543,1545,1544,515
516,2017,211948.897452,0.0,211948.897452,80000.0,40200.0,39800.0,39800.0,39800.0,2.11116666667,34.1,516,516,516,516,1546,1548,1547,516
517,2016,0.0,0.0,0.0,0.0,0.0,0.0,0.0,0.0,0.666666666667,0.0,517,517,517,517,1549,1551,1550,517
518,2016,1985121.6284,10490.0,1995611.6284,716538.0,715804.0,734.0,20940.0,417999.0,2.9445,29.6,518,518,518,518,1552,1554,1553,518
519,2016,1151133.92563,0.0,1151133.92563,401000.0,0.0,401000.0,401000.0,401000.0,2.44466666667,33.1,519,519,519,519,1555,1557,1556,519
520,2016,5880987.86227,0.0,5880987.86227,3600000.0,2490000.0,1110000.0,1150000.0,1700000.0,2.88883333333,30.7,520,520,520,520,1558,1560,1559,520
521,2016,225240.571855,0.0,225240.571855,280000.0,272900.0,7100.0,18800.0,68800.0,2.27783333333,33.1,521,521,521,521,1561,1563,1562,521
522,2017,261510.961262,10000.0,271510.961262,280000.0,262900.0,17100.0,28800.0,78800.0,2.44433333333,32.5,522,522,522,522,1564,1566,1565,522
523,2016,0.0,0.0,0.0,175000.0,0.0,175000.0,175000.0,175000.0,0.0,0.0,523,523,523,523,1567,1569,1568,523
524,2016,908740.751541,0.0,908740.751541,360000.0,93000.0,267000.0,267000.0,267000.0,2.667,31.4,524,524,524,524,1570,1572,1571,524
525,2016,1585101.12844,0.0,1585101.12844,1665380.0,1652796.0,12584.0,40761.0,550976.0,2.3335,33.0,525,525,525,525,1573,1575,1574,525
526,2016,1688756.57687,0.0,1688756.57687,850000.0,160000.0,690000.0,690000.0,690000.0,2.1665,34.4,526,526,526,526,1576,1578,1577,526
527,2016,862853.12972,0.0,862853.12972,332034.0,239600.0,92434.0,97034.0,199034.0,2.44433333333,32.2,527,527,527,527,1579,1581,1580,527
528,2017,1022075.98184,0.0,1022075.98184,400000.0,247100.0,152900.0,157500.0,259500.0,2.77783333333,30.8,528,528,528,528,1582,1584,1583,528
529,2017,4089631.07959,0.0,4089631.07959,1900000.0,1111000.0,789000.0,1549000.0,1549000.0,2.22216666667,33.3,529,529,529,529,1585,1587,1586,529
530,2016,1229971.78311,0.0,1229971.78311,575000.0,375000.0,200000.0,225000.0,375000.0,3.111,28.5,530,530,530,530,1588,1590,1589,530
531,2017,1422004.35783,0.0,1422004.35783,614000.0,415000.0,199000.0,224000.0,414000.0,3.111,28.5,531,531,531,531,1591,1593,1592,531
532,2016,624541.575115,0.0,624541.575115,256764.0,83876.0,172888.0,180664.0,229664.0,2.11116666667,34.4,532,532,532,532,1594,1596,1595,532
533,2016,0.0,0.0,0.0,0.0,0.0,0.0,0.0,0.0,0.666666666667,0.0,533,533,533,533,1597,1599,1598,533
534,2016,4593552.16764,0.0,4593552.16764,1300000.0,0.0,1300000.0,1300000.0,1300000.0,2.88883333333,29.8,534,534,534,534,1600,1602,1601,534
535,2016,0.0,0.0,0.0,700000.0,430000.0,270000.0,270000.0,520000.0,1.1665,0.0,535,535,535,535,1603,1605,1604,535
536,2016,0.0,0.0,0.0,0.0,0.0,0.0,0.0,0.0,0.666666666667,0.0,536,536,536,536,1606,1608,1607,536
537,2016,2001904.81732,0.0,2001904.81732,1200000.0,728200.0,471800.0,471800.0,671800.0,2.389,31.4,537,537,537,537,1609,1611,1610,537
538,2016,1190122.51526,0.0,1190122.51526,655971.0,585242.0,70729.0,70729.0,405190.0,2.8335,30.0,538,538,538,538,1612,1614,1613,538
539,2016,0.0,0.0,0.0,2200000.0,1967000.0,233000.0,233000.0,1633000.0,1.38883333333,0.0,539,539,539,539,1615,1617,1616,539
540,2016,229593.953994,0.0,229593.953994,144000.0,73400.0,70600.0,94000.0,94000.0,2.11116666667,34.5,540,540,540,540,1618,1620,1619,540
541,2012,0.0,0.0,0.0,78794.0,62452.0,16342.0,31342.0,41342.0,0.0,0.0,541,541,541,541,1621,1623,1622,541
542,2016,0.0,0.0,0.0,3187661.0,3198440.0,-10779.0,-4613.0,2007787.0,0.666666666667,0.0,542,542,542,542,1624,1626,1625,542
543,2016,2462795.71206,134903.76,2597699.47206,1359558.0,1162027.58,197530.42,301871.05,745435.88,3.0555,29.0,543,543,543,543,1627,1629,1628,543
544,2016,0.0,0.0,0.0,125000.0,37500.0,87500.0,87500.0,175000.0,1.11116666667,0.0,544,544,544,544,1630,1632,1631,544
545,2017,0.0,0.0,0.0,100.0,0.0,100.0,100.0,100.0,0.5,0.0,545,545,545,545,1633,1635,1634,545
546,2016,0.0,0.0,0.0,0.0,0.0,0.0,0.0,0.0,0.666666666667,0.0,546,546,546,546,1636,1638,1637,546
548,2017,1143030.31314,-125000.0,1018030.31314,425000.0,260301.0,164699.0,227199.0,329640.0,2.88883333333,30.6,548,548,548,548,1642,1644,1643,548
549,2016,4357526.70671,0.0,4357526.70671,2650000.0,2174794.0,475206.0,315206.0,1227361.0,2.88883333333,29.6,549,549,549,549,1645,1647,1646,549
550,2016,2727605.82021,0.0,2727605.82021,1000000.0,506000.0,494000.0,494000.0,794000.0,2.72233333333,31.0,550,550,550,550,1648,1650,1649,550
551,2016,282882.321265,0.0,282882.321265,130000.0,24100.0,105900.0,105900.0,105900.0,2.1665,34.0,551,551,551,551,1651,1653,1652,551
552,2016,833458.430808,0.0,833458.430808,250000.0,0.0,250000.0,250000.0,250000.0,2.3335,32.3,552,552,552,552,1654,1656,1655,552
553,2016,0.0,0.0,0.0,300000.0,0.0,300000.0,300000.0,300000.0,0.0,0.0,553,553,553,553,1657,1659,1658,553
554,2016,4446917.97989,-24795.0,4422122.97989,1794953.0,1441972.0,352981.0,500981.0,1216981.0,3.22233333333,28.4,554,554,554,554,1660,1662,1661,554
555,2016,6085878.83341,629142.0,6715020.83341,1995500.0,742921.0,1252579.0,1310963.0,1701963.0,3.05533333333,29.3,555,555,555,555,1663,1665,1664,555
556,2016,2272197.52184,0.0,2272197.52184,946000.0,435000.0,511000.0,511000.0,711000.0,3.05533333333,29.5,556,556,556,556,1666,1668,1667,556
557,2016,27343055.091,0.0,27343055.091,11500000.0,7100000.0,4400000.0,7826000.0,8626000.0,2.44433333333,32.2,557,557,557,557,1669,1671,1670,557
558,2016,8832074.20863,-580000.0,8252074.20863,7166658.0,6102000.0,1064658.0,1219658.0,2569658.0,3.111,28.7,558,558,558,558,1672,1674,1673,558
559,2016,8628571.35232,0.0,8628571.35232,3810000.0,3504000.0,306000.0,1329000.0,2457000.0,3.222,27.8,559,559,559,559,1675,1677,1676,559
560,2016,6830923.98697,-112000.0,6718923.98697,4875000.0,3842000.0,1033000.0,1398000.0,1978000.0,2.9445,28.5,560,560,560,560,1678,1680,1679,560
561,2016,2478419.06374,50000.0,2528419.06374,988000.0,987100.0,900.0,23200.0,683200.0,3.111,28.7,561,561,561,561,1681,1683,1682,561
562,2016,1613300.62916,218560.0,1831860.62916,776093.0,459483.0,316610.0,367024.0,529041.0,3.0,29.3,562,562,562,562,1684,1686,1685,562
563,2017,1609932.33803,218560.0,1828492.33803,806799.0,479343.0,327456.0,327456.0,552655.0,3.0,29.4,563,563,563,563,1687,1689,1688,563
564,2016,709386.731762,5000.0,714386.731762,297760.0,53537.0,244223.0,246045.0,246045.0,2.27766666667,32.9,564,564,564,564,1690,1692,1691,564
565,2016,0.0,0.0,0.0,700000.0,645000.0,55000.0,55000.0,455000.0,0.0,0.0,565,565,565,565,1693,1695,1694,565
567,2017,719647.566095,0.0,719647.566095,537919.0,390146.0,147773.0,148947.0,298602.0,2.5,31.9,567,567,567,567,1699,1701,1700,567
568,2016,3662924.97138,0.0,3662924.97138,1300000.0,600000.0,700000.0,700000.0,1000000.0,3.16633333333,28.3,568,568,568,568,1702,1704,1703,568
570,2016,143457.247451,0.0,143457.247451,76000.0,20000.0,56000.0,56000.0,56000.0,2.4445,32.2,570,570,570,570,1708,1710,1709,570
571,2016,2194192.67078,0.0,2194192.67078,1700000.0,980000.0,720000.0,720000.0,720000.0,2.72233333333,30.4,571,571,571,571,1711,1713,1712,571
572,2016,118134.196696,0.0,118134.196696,78000.0,60952.0,17048.0,32048.0,42048.0,2.1665,34.1,572,572,572,572,1714,1716,1715,572
574,2017,5488185.32907,139000.0,5627185.32907,6000000.0,4525000.0,1475000.0,1605000.0,1629000.0,3.0555,28.4,574,574,574,574,1720,1722,1721,574
576,2017,3336504.94671,15000.0,3351504.94671,1132914.0,296958.0,835956.0,865956.0,1009956.0,2.38883333333,32.7,576,576,576,576,1726,1728,1727,576
577,2016,6922872.53936,-4227000.0,2695872.53936,7100000.0,6177283.0,922717.0,1388991.0,2088991.0,3.05533333333,29.1,577,577,577,577,1729,1731,1730,577
578,2017,7004727.6888,-4227000.0,2777727.6888,7100000.0,6177283.0,922717.0,1388991.0,2088991.0,3.111,28.6,578,578,578,578,1732,1734,1733,578
579,2016,2762874.28863,0.0,2762874.28863,2219623.0,1761293.0,458330.0,516225.0,796225.0,3.0,28.3,579,579,579,579,1735,1737,1736,579
580,2016,4890813.83743,0.0,4890813.83743,1800000.0,1125000.0,675000.0,775000.0,1275000.0,2.55566666667,31.9,580,580,580,580,1738,1740,1739,580
581,2016,966271.136642,0.0,966271.136642,425000.0,209600.0,215400.0,345400.0,345400.0,2.1665,34.3,581,581,581,581,1741,1743,1742,581
582,2016,1494291.6081,-144107.0,1350184.6081,735785.0,851276.0,-115491.0,-97123.0,485910.0,2.44433333333,30.0,582,582,582,582,1744,1746,1745,582
583,2017,4858837.93785,-145909.93,4712928.00785,2279185.36,2230869.52,48315.84,75902.25,1710976.07,2.1665,33.6,583,583,583,583,1747,1749,1748,583
585,2012,1404117.80159,0.0,1404117.80159,839750.0,426057.0,413693.0,413693.0,478553.0,2.55533333333,32.1,585,585,585,585,1753,1755,1754,585
588,2017,1496752.90624,0.0,1496752.90624,830000.0,493875.0,336125.0,336125.0,510125.0,2.55533333333,32.1,588,588,588,588,1762,1764,1763,588
589,2016,3294967.50853,0.0,3294967.50853,1130421.0,0.0,1130421.0,1130421.0,1130421.0,2.44433333333,32.4,589,589,589,589,1765,1767,1766,589
590,2013,2846316.3477,0.0,2846316.3477,976500.0,0.0,976500.0,976500.0,976500.0,2.44433333333,32.4,590,590,590,590,1768,1770,1769,590
591,2014,2995195.85183,0.0,2995195.85183,1025325.0,0.0,1025325.0,1025325.0,1025325.0,2.44433333333,32.3,591,591,591,591,1771,1773,1772,591
592,2015,3144954.91412,0.0,3144954.91412,1076591.0,0.0,1076591.0,1076591.0,1076591.0,2.44433333333,32.3,592,592,592,592,1774,1776,1775,592
593,2016,839338.981629,-849592.93,-10253.9483714,1092097.15,1339809.39,-247712.24,-236382.3,289851.92,2.16666666667,32.7,593,593,593,593,1777,1779,1778,593
594,2017,1437905.3792,-1298244.45,139660.929202,1544935.01,1781008.85,-236073.84,-219939.35,490068.52,2.27766666667,32.1,594,594,594,594,1780,1782,1781,594
595,2015,0.0,-267757.46,0.0,109972.28,433016.73,-323044.45,-312291.29,-259497.62,0.0,0.0,595,595,595,595,1783,1785,1784,595
596,2016,9652501.86699,0.0,9652501.86699,4070492.0,1830248.27,2240243.73,2625767.78,2915767.7,2.88883333333,30.3,596,596,596,596,1786,1788,1787,596
597,2017,9937707.55665,0.0,9937707.55665,4070492.0,2004095.19,2066396.81,2451920.86,3001920.86,2.88883333333,30.3,597,597,597,597,1789,1791,1790,597
598,2016,1517867.89588,72000.0,1589867.89588,638000.0,509525.0,128475.0,215841.0,432624.0,2.8335,30.1,598,598,598,598,1792,1794,1793,598
599,2016,4281084.47862,500000.0,4781084.47862,1603000.0,551000.0,1052000.0,1052000.0,1352000.0,2.88883333333,29.9,599,599,599,599,1795,1797,1796,599
600,2017,4281084.47862,500000.0,4781084.47862,1603000.0,551000.0,1052000.0,1052000.0,1352000.0,2.88883333333,29.9,600,600,600,600,1798,1800,1799,600
602,2017,386882.370196,0.0,386882.370196,200000.0,112500.0,87500.0,94500.0,155500.0,2.11116666667,33.6,602,602,602,602,1804,1806,1805,602
603,2016,1068565.2929,0.0,1068565.2929,413887.0,0.0,413887.0,413887.0,413887.0,2.3335,33.1,603,603,603,603,1807,1809,1808,603
604,2016,306422.9061,0.0,306422.9061,120000.0,10000.0,110000.0,110000.0,110000.0,2.11116666667,34.5,604,604,604,604,1810,1812,1811,604
605,2017,4099776.97658,0.0,4099776.97658,1750000.0,370000.0,1380000.0,1380000.0,1385000.0,2.667,31.7,605,605,605,605,1813,1815,1814,605
606,2016,2312856.14221,0.0,2312856.14221,900000.0,523000.0,377000.0,524200.0,764200.0,2.5,31.9,606,606,606,606,1816,1818,1817,606
607,2016,571997.172975,0.0,571997.172975,252500.0,209800.0,42700.0,59900.0,204900.0,2.11116666667,34.4,607,607,607,607,1819,1821,1820,607
608,2016,1219428.61984,0.0,1219428.61984,450000.0,275000.0,175000.0,175000.0,375000.0,2.27783333333,33.4,608,608,608,608,1822,1824,1823,608
609,2016,1226130.91327,-26000.0,1200130.91327,456812.98,91031.0,365781.98,374681.98,374681.98,2.72216666667,30.8,609,609,609,609,1825,1827,1826,609
610,2017,1231792.2218,-26000.0,1205792.2218,456812.98,91031.0,365781.98,374681.98,374681.98,2.88866666667,30.6,610,610,610,610,1828,1830,1829,610
611,2018,1226130.91327,-26000.0,1200130.91327,456812.98,91031.0,365781.98,374681.98,374681.98,2.72216666667,30.8,611,611,611,611,1831,1833,1832,611
612,2016,1159155.204,-203200.0,955955.204001,450000.0,263500.0,186500.0,199000.0,339000.0,2.667,31.2,612,612,612,612,1834,1836,1835,612
613,2016,2550240.541,0.0,2550240.541,778974.0,0.0,778974.0,778974.0,778974.0,2.27766666667,33.1,613,613,613,613,1837,1839,1838,613
614,2016,1791716.50442,0.0,1791716.50442,800000.0,313000.0,487000.0,612000.0,612000.0,2.389,32.2,614,614,614,614,1840,1842,1841,614
615,2016,973819.909894,25000.0,998819.909894,637000.0,627500.0,9500.0,62500.0,306500.0,2.3335,32.8,615,615,615,615,1843,1845,1844,615
616,2017,996068.492339,25000.0,1021068.49234,637000.0,577500.0,59500.0,62500.0,306500.0,2.4445,31.8,616,616,616,616,1846,1848,1847,616
617,2016,40468.846137,0.0,40468.846137,21000.0,3000.0,18000.0,18000.0,18000.0,2.11116666667,34.0,617,617,617,617,1849,1851,1850,617
618,2016,567291.143058,0.0,567291.143058,210000.0,8850.0,201150.0,202350.0,202350.0,2.11116666667,34.2,618,618,618,618,1852,1854,1853,618
619,2016,923796.891048,0.0,923796.891048,350000.0,46300.0,303700.0,307300.0,307300.0,2.22216666667,33.4,619,619,619,619,1855,1857,1856,619
620,2016,3364513.20806,0.0,3364513.20806,1000000.0,0.0,1000000.0,1000000.0,1000000.0,2.6665,31.9,620,620,620,620,1858,1860,1859,620
621,2016,2452427.79133,0.0,2452427.79133,948000.0,399220.0,548780.0,571780.0,759780.0,2.55533333333,31.4,621,621,621,621,1861,1863,1862,621
622,2017,3092082.6227,0.0,3092082.6227,1050000.0,399220.0,650780.0,673780.0,861780.0,2.55533333333,31.4,622,622,622,622,1864,1866,1865,622
623,2016,157327.164539,0.0,157327.164539,88875.38,27484.23,61391.15,61391.15,61391.15,2.27783333333,33.2,623,623,623,623,1867,1869,1868,623
625,2016,739114.333376,0.0,739114.333376,250000.0,100000.0,150000.0,150000.0,150000.0,2.4445,32.2,625,625,625,625,1873,1875,1874,625
626,2016,1482874.68705,25000.0,1507874.68705,1034160.0,728000.0,306160.0,324160.0,439160.0,2.667,31.4,626,626,626,626,1876,1878,1877,626
628,2016,1973204.4197,0.0,1973204.4197,600000.0,0.0,600000.0,600000.0,600000.0,2.3335,32.9,628,628,628,628,1882,1884,1883,628
629,2016,0.0,10000.0,0.0,416802.0,341975.0,74827.0,74827.0,324827.0,0.0,0.0,629,629,629,629,1885,1887,1886,629
630,2017,1181124.16258,10000.0,1191124.16258,438242.0,335769.0,102473.0,102473.0,352473.0,2.1665,33.8,630,630,630,630,1888,1890,1889,630
631,2016,187973.169863,0.0,187973.169863,103000.0,24000.0,79000.0,79000.0,79000.0,2.22216666667,33.7,631,631,631,631,1891,1893,1892,631
632,2016,3417149.3968,0.0,3417149.3968,1150000.0,533000.0,617000.0,776000.0,1076000.0,3.05533333333,28.6,632,632,632,632,1894,1896,1895,632
633,2016,566445.77055,25000.0,591445.77055,367773.41,361727.45,6045.96,10919.11,199037.11,2.16666666667,33.5,633,633,633,633,1897,1899,1898,633
634,2017,566445.77055,25000.0,591445.77055,367773.41,185728.35,182045.06,186918.21,199037.11,2.16666666667,33.5,634,634,634,634,1900,1902,1901,634
635,2016,480425.885537,0.0,480425.885537,195000.0,27000.0,168000.0,171000.0,171000.0,2.11116666667,34.1,635,635,635,635,1903,1905,1904,635
636,2016,1833059.52098,-645000.0,1188059.52098,750000.0,504564.0,245436.0,320436.0,500436.0,3.0555,28.3,636,636,636,636,1906,1908,1907,636
637,2016,1004558.55915,0.0,1004558.55915,380000.0,170000.0,210000.0,215000.0,311000.0,2.3335,33.0,637,637,637,637,1909,1911,1910,637
638,2016,315525.750659,20000.0,335525.750659,165000.0,144200.0,20800.0,42800.0,122800.0,2.11116666667,34.6,638,638,638,638,1912,1914,1913,638
639,2016,2540416.5988,0.0,2540416.5988,1201009.0,535874.0,665135.0,686678.0,686678.0,3.05533333333,29.0,639,639,639,639,1915,1917,1916,639
640,2016,6795003.63335,0.0,6795003.63335,2700000.0,2194000.0,506000.0,606000.0,2206000.0,2.38883333333,32.3,640,640,640,640,1918,1920,1919,640
641,2016,2125015.26534,-50000.0,2075015.26534,927670.0,187594.0,740076.0,740076.0,745076.0,2.27783333333,33.4,641,641,641,641,1921,1923,1922,641
642,2016,6572868.78725,0.0,6572868.78725,1900000.0,0.0,1900000.0,1900000.0,1900000.0,2.72233333333,30.7,642,642,642,642,1924,1926,1925,642
643,2016,322404.158397,0.0,322404.158397,115000.0,0.0,115000.0,115000.0,115000.0,2.22216666667,34.2,643,643,643,643,1927,1929,1928,643
644,2016,3250355.47443,0.0,3250355.47443,1191190.0,674180.0,517010.0,523316.0,1088316.0,2.88883333333,30.1,644,644,644,644,1930,1932,1931,644
646,2016,1980973.09457,0.0,1980973.09457,1100000.0,522000.0,578000.0,578000.0,578000.0,2.667,31.1,646,646,646,646,1936,1938,1937,646
647,2016,1719368.6388,380000.0,2099368.6388,950000.0,795500.0,154500.0,233500.0,533500.0,2.1665,33.8,647,647,647,647,1939,1941,1940,647
648,2016,3652229.57376,0.0,3652229.57376,1500000.0,1238000.0,262000.0,262000.0,1262000.0,2.778,30.3,648,648,648,648,1942,1944,1943,648
649,2016,1473722.26855,0.0,1473722.26855,544341.0,223800.0,320541.0,356341.0,370741.0,2.333,32.8,649,649,649,649,1945,1947,1946,649
650,2017,1459757.63296,0.0,1459757.63296,544341.0,223800.0,320541.0,356341.0,370741.0,2.333,33.2,650,650,650,650,1948,1950,1949,650
651,2016,2803181.80012,0.0,2803181.80012,1200000.0,1200000.0,0.0,0.0,816000.0,2.77783333333,31.0,651,651,651,651,1951,1953,1952,651
652,2017,2829488.94406,0.0,2829488.94406,1200000.0,384000.0,816000.0,816000.0,816000.0,2.88883333333,30.6,652,652,652,652,1954,1956,1955,652
653,2016,1014083.47171,10000.0,1024083.47171,450000.0,397727.0,52273.0,59753.0,309753.0,2.333,33.1,653,653,653,653,1957,1959,1958,653
654,2016,347741.723143,0.0,347741.723143,140000.0,94500.0,45500.0,45500.0,105500.0,2.3335,32.8,654,654,654,654,1960,1962,1961,654
655,2016,2363658.14872,0.0,2363658.14872,700000.0,699200.0,800.0,800.0,648800.0,2.1665,34.1,655,655,655,655,1963,1965,1964,655
656,2017,2363658.14872,0.0,2363658.14872,700000.0,699200.0,800.0,800.0,648800.0,2.1665,34.1,656,656,656,656,1966,1968,1967,656
657,2016,643574.494929,0.0,643574.494929,250000.0,23000.0,227000.0,227000.0,227000.0,2.0555,34.9,657,657,657,657,1969,1971,1970,657
658,2017,643574.494929,0.0,643574.494929,250000.0,23000.0,227000.0,227000.0,227000.0,2.0555,34.9,658,658,658,658,1972,1974,1973,658
660,2016,525186.66712,40000.0,565186.66712,350000.0,45000.0,305000.0,305000.0,305000.0,2.16666666667,33.7,660,660,660,660,1978,1980,1979,660
661,2016,741678.949394,35000.0,776678.949394,392118.0,296600.0,95518.0,125518.0,250518.0,2.1665,34.1,661,661,661,661,1981,1983,1982,661
662,2015,0.0,0.0,0.0,360111.0,0.0,360111.0,360111.0,360111.0,0.0,0.0,662,662,662,662,1984,1986,1985,662
663,2016,1436119.43703,0.0,1436119.43703,450000.0,0.0,450000.0,450000.0,450000.0,2.667,31.9,663,663,663,663,1987,1989,1988,663
664,2016,986470.514691,0.0,986470.514691,435200.0,208654.0,226546.0,243128.0,321067.0,2.22216666667,33.6,664,664,664,664,1990,1992,1991,664
665,2016,549458.133514,0.0,549458.133514,190219.0,92000.0,98219.0,98219.0,190219.0,2.22216666667,33.3,665,665,665,665,1993,1995,1994,665
666,2016,2597626.11168,100000.0,2697626.11168,1200000.0,946600.0,253400.0,253400.0,733400.0,2.778,29.7,666,666,666,666,1996,1998,1997,666
667,2016,863421.805093,0.0,863421.805093,393000.0,120000.0,273000.0,273000.0,273000.0,2.27766666667,32.3,667,667,667,667,1999,2001,2000,667
668,2016,1820968.93217,2000.0,1822968.93217,689000.0,42500.0,646500.0,646500.0,646500.0,2.27783333333,33.0,668,668,668,668,2002,2004,2003,668
669,2017,1340841.40837,0.0,1340841.40837,511000.0,511000.0,0.0,129000.0,384000.0,2.22216666667,33.7,669,669,669,669,2005,2007,2006,669
670,2016,1023424.51297,0.0,1023424.51297,500000.0,300000.0,200000.0,200000.0,300000.0,2.667,31.3,670,670,670,670,2008,2010,2009,670
671,2016,1823774.70403,0.0,1823774.70403,680000.0,276000.0,404000.0,539000.0,575000.0,2.6665,31.0,671,671,671,671,2011,2013,2012,671
672,2016,4112746.90914,0.0,4112746.90914,1200000.0,0.0,1200000.0,1200000.0,1200000.0,2.61133333333,31.1,672,672,672,672,2014,2016,2015,672
673,2016,575109.361756,0.0,575109.361756,250000.0,69954.0,180046.0,180046.0,180046.0,2.1665,34.2,673,673,673,673,2017,2019,2018,673
674,2016,269781.449425,0.0,269781.449425,95000.0,0.0,95000.0,95000.0,95000.0,2.22216666667,33.6,674,674,674,674,2020,2022,2021,674
675,2016,1010283.79708,0.0,1010283.79708,443000.0,137000.0,306000.0,306000.0,318000.0,2.4445,32.1,675,675,675,675,2023,2025,2024,675
676,2016,673625.88883,0.0,673625.88883,543000.0,309940.0,233060.0,233060.0,233060.0,2.1665,34.0,676,676,676,676,2026,2028,2027,676
677,2016,1904583.16219,0.0,1904583.16219,618519.0,0.0,618519.0,618519.0,618519.0,2.27783333333,33.5,677,677,677,677,2029,2031,2030,677
678,2016,343256.011904,10000.0,353256.011904,180000.0,66500.0,113500.0,126000.0,126000.0,2.3335,32.7,678,678,678,678,2032,2034,2033,678
679,2016,326913.151068,0.0,326913.151068,162243.0,126850.0,35393.0,38393.0,78393.0,2.22216666667,33.8,679,679,679,679,2035,2037,2036,679
680,2016,637482.879057,0.0,637482.879057,312732.0,84070.0,228662.0,239654.0,239654.0,2.11116666667,34.2,680,680,680,680,2038,2040,2039,680
681,2016,1216477.00691,50000.0,1266477.00691,552000.0,469000.0,83000.0,95000.0,350000.0,2.778,30.5,681,681,681,681,2041,2043,2042,681
682,2016,1527189.79502,0.0,1527189.79502,994441.0,641963.0,352478.0,352478.0,551366.0,2.55566666667,32.3,682,682,682,682,2044,2046,2045,682
683,2017,12588479.5681,0.0,12588479.5681,5688302.0,2391454.0,3296848.0,3296848.0,4065603.0,2.94433333333,29.7,683,683,683,683,2047,2049,2048,683
684,2016,801677.432762,28744.0,830421.432762,575008.0,526379.53,48628.47,220439.47,226228.28,3.11083333333,26.3,684,684,684,684,2050,2052,2051,684
685,2017,597105.115552,31730.42,628835.535552,575008.0,566630.86,8377.14,200664.87,203785.96,2.6665,31.8,685,685,685,685,2053,2055,2054,685
686,2016,1474634.34858,613166.55,2087800.89858,664855.0,584584.38,80270.62,86041.91,533541.91,2.44433333333,32.4,686,686,686,686,2056,2058,2057,686
687,2016,2259881.67288,0.0,2259881.67288,1058552.36,736812.61,321739.75,322720.62,770215.4,2.44433333333,32.1,687,687,687,687,2059,2061,2060,687
688,2017,2597363.5187,0.0,2597363.5187,1058552.36,736812.61,321739.75,322720.62,770215.4,2.61133333333,31.8,688,688,688,688,2062,2064,2063,688
689,2016,1282459.29041,0.0,1282459.29041,678000.0,521022.0,156978.0,156978.0,396978.0,3.22233333333,28.8,689,689,689,689,2065,2067,2066,689
691,2016,1127983.17447,0.0,1127983.17447,350000.0,0.0,350000.0,350000.0,350000.0,2.22216666667,33.8,691,691,691,691,2071,2073,2072,691
692,2016,12771.2865891,0.0,12771.2865891,12146.79,14780.96,-2634.17,-2634.17,5868.79,2.11116666667,34.3,692,692,692,692,2074,2076,2075,692
696,2016,2086226.72524,0.0,2086226.72524,880000.0,458620.0,421380.0,566380.0,614380.0,2.5,31.5,696,696,696,696,2086,2088,2087,696
697,2016,4803400.43191,0.0,4803400.43191,2000000.0,795000.0,1205000.0,1205000.0,1305000.0,3.0555,28.1,697,697,697,697,2089,2091,2090,697
698,2016,1157338.60646,0.0,1157338.60646,425000.0,170000.0,255000.0,259000.0,379000.0,2.72233333333,31.5,698,698,698,698,2092,2094,2093,698
699,2016,0.0,0.0,0.0,950000.0,512050.0,437950.0,637950.0,695450.0,0.0,0.0,699,699,699,699,2095,2097,2096,699
700,2016,3336015.49327,100000.0,3436015.49327,1200000.0,252500.0,947500.0,947500.0,1002500.0,2.88883333333,29.5,700,700,700,700,2098,2100,2099,700
701,2016,2125602.74254,0.0,2125602.74254,1003000.0,266000.0,737000.0,737000.0,737000.0,2.1665,34.1,701,701,701,701,2101,2103,2102,701
702,2016,584195.697651,0.0,584195.697651,251370.0,58110.0,193260.0,207047.0,207047.0,2.1665,33.9,702,702,702,702,2104,2106,2105,702
703,2016,1091322.77392,10000.0,1101322.77392,430000.0,430000.0,0.0,0.0,284500.0,2.5,31.9,703,703,703,703,2107,2109,2108,703
704,2017,1110502.43603,10000.0,1120502.43603,435000.0,430000.0,5000.0,5000.0,289500.0,2.44433333333,31.9,704,704,704,704,2110,2112,2111,704
705,2016,2865740.08429,0.0,2865740.08429,1203970.0,929609.0,274361.0,276522.0,890522.0,2.88883333333,29.2,705,705,705,705,2113,2115,2114,705
706,2017,830810.681159,0.0,830810.681159,501235.0,130000.0,371235.0,371235.0,371235.0,2.0555,34.5,706,706,706,706,2116,2118,2117,706
707,2016,1652200.0592,150000.0,1802200.0592,956716.0,674296.0,282420.0,302947.0,580822.0,2.5,32.3,707,707,707,707,2119,2121,2120,707
708,2016,614150.210125,0.0,614150.210125,220000.0,0.0,220000.0,220000.0,220000.0,2.0555,34.4,708,708,708,708,2122,2124,2123,708
710,2017,890275.589058,0.0,890275.589058,300000.0,36000.0,264000.0,264000.0,264000.0,2.389,31.8,710,710,710,710,2128,2130,2129,710
711,2016,932604.488824,0.0,932604.488824,509266.4,307888.58,201377.82,215015.19,335015.19,2.27783333333,33.3,711,711,711,711,2131,2133,2132,711
712,2016,967046.044552,0.0,967046.044552,400000.0,383000.0,17000.0,17000.0,342000.0,2.1665,33.8,712,712,712,712,2134,2136,2135,712
713,2016,90934.1350205,0.0,90934.1350205,141317.0,208877.0,-67560.0,-67560.0,45717.0,2.22216666667,34.1,713,713,713,713,2137,2139,2138,713
714,2016,2457901.80168,0.0,2457901.80168,952000.0,791071.0,160929.0,160929.0,753929.0,2.9445,30.5,714,714,714,714,2140,2142,2141,714
715,2016,4068326.56111,0.0,4068326.56111,1636428.0,883031.0,753397.0,753397.0,1203397.0,3.05533333333,29.4,715,715,715,715,2143,2145,2144,715
716,2016,935467.923851,20000.0,955467.923851,494055.47,397294.0,96761.47,115381.47,323048.47,2.3335,32.7,716,716,716,716,2146,2148,2147,716
717,2017,1061562.03931,20000.0,1081562.03931,537600.0,397294.0,140306.0,158926.0,366593.0,2.3335,32.7,717,717,717,717,2149,2151,2150,717
718,2016,0.0,-250601.72,0.0,-4058.0,497230.04,-501288.04,-501288.04,-274651.25,0.0,0.0,718,718,718,718,2152,2154,2153,718
719,2016,414815.754294,0.0,414815.754294,245000.0,171000.0,74000.0,84000.0,129000.0,2.1665,33.9,719,719,719,719,2155,2157,2156,719
720,2016,6770127.24916,0.0,6770127.24916,2455308.0,0.0,2455308.0,2455308.0,2455308.0,3.111,28.8,720,720,720,720,2158,2160,2159,720
721,2017,6309699.57346,296580.0,6606279.57346,2455801.0,1992964.0,462837.0,857959.0,1162982.0,3.278,28.5,721,721,721,721,2161,2163,2162,721
722,2016,1344877.28716,22000.0,1366877.28716,550340.0,521511.0,28829.0,35894.0,453350.0,2.88883333333,30.4,722,722,722,722,2164,2166,2165,722
723,2016,3947449.63834,0.0,3947449.63834,1311245.0,183700.0,1127545.0,1132545.0,1132545.0,2.9445,29.7,723,723,723,723,2167,2169,2168,723
724,2016,588536.50111,165000.0,753536.50111,270808.0,100828.0,169980.0,182616.0,182616.0,2.1665,33.8,724,724,724,724,2170,2172,2171,724
725,2016,506121.11717,0.0,506121.11717,472074.0,374000.0,98074.0,122074.0,182074.0,2.0555,34.6,725,725,725,725,2173,2175,2174,725
726,2016,433483.334683,0.0,433483.334683,157268.0,157268.0,0.0,0.0,157268.0,2.0555,35.0,726,726,726,726,2176,2178,2177,726
727,2017,267466.378698,0.0,267466.378698,120697.0,120697.0,0.0,0.0,120697.0,2.0555,35.0,727,727,727,727,2179,2181,2180,727
728,2016,2138667.73672,0.0,2138667.73672,711371.0,0.0,711371.0,711371.0,711371.0,2.4445,32.2,728,728,728,728,2182,2184,2183,728
729,2017,2975195.947,0.0,2975195.947,1148000.0,695441.0,452559.0,552559.0,952559.0,2.778,30.5,729,729,729,729,2185,2187,2186,729
730,2016,531209.053953,0.0,531209.053953,272000.0,126500.0,145500.0,145500.0,210500.0,2.27783333333,33.3,730,730,730,730,2188,2190,2189,730
731,2016,882781.395605,33134.24,915915.635605,352006.3,245041.27,106965.03,110869.16,275989.16,2.5,31.8,731,731,731,731,2191,2193,2192,731
732,2017,988694.310706,33134.24,1021828.55071,392704.0,252626.79,140077.21,143981.34,309101.34,2.5,31.8,732,732,732,732,2194,2196,2195,732
734,2016,3097176.74332,0.0,3097176.74332,1763398.0,799601.0,963797.0,967949.0,967949.0,2.55533333333,31.2,734,734,734,734,2200,2202,2201,734
735,2017,2532876.14823,0.0,2532876.14823,1763398.0,949601.0,813797.0,817949.0,967949.0,2.55533333333,31.2,735,735,735,735,2203,2205,2204,735
736,2016,4696386.74327,0.0,4696386.74327,1636226.0,285000.0,1351226.0,1351226.0,1351226.0,2.88883333333,30.5,736,736,736,736,2206,2208,2207,736
737,2017,4071802.26448,0.0,4071802.26448,1636226.0,864703.0,771523.0,771523.0,1171523.0,2.88883333333,30.5,737,737,737,737,2209,2211,2210,737
738,2016,320193.381313,0.0,320193.381313,191307.0,104003.53,87303.47,88741.0,100241.0,2.1665,34.2,738,738,738,738,2212,2214,2213,738
739,2017,458312.1332,0.0,458312.1332,234547.0,104003.53,130543.47,131981.0,143481.0,2.1665,34.2,739,739,739,739,2215,2217,2216,739
740,2017,1155622.6187,10000.0,1165622.6187,706778.89,702834.72,3944.17,180638.89,300638.89,2.77783333333,30.5,740,740,740,740,2218,2220,2219,740
742,2017,1745624.58565,0.0,1745624.58565,725000.0,105000.0,620000.0,620000.0,620000.0,2.1665,34.0,742,742,742,742,2224,2226,2225,742
743,2016,2994965.42527,0.0,2994965.42527,1394478.0,457752.0,936726.0,948093.0,1029751.0,2.4445,32.5,743,743,743,743,2227,2229,2228,743
744,2016,650232.804988,50500.0,700732.804988,350952.0,123083.0,227869.0,227869.0,227869.0,2.5,32.4,744,744,744,744,2230,2232,2231,744
745,2017,807315.345547,50500.0,857815.345547,391615.0,123083.0,268532.0,268532.0,268532.0,2.5,32.2,745,745,745,745,2233,2235,2234,745
746,2016,0.0,10000.0,0.0,600000.0,443600.0,156400.0,156400.0,456400.0,0.0,0.0,746,746,746,746,2236,2238,2237,746
747,2017,1329465.88225,9000.0,1338465.88225,612000.0,540600.0,71400.0,71400.0,371400.0,2.55533333333,31.5,747,747,747,747,2239,2241,2240,747
748,2016,3020843.47861,0.0,3020843.47861,1045476.0,0.0,1045476.0,1045476.0,1045476.0,2.38883333333,32.8,748,748,748,748,2242,2244,2243,748
749,2017,3184725.85677,0.0,3184725.85677,1045476.0,0.0,1045476.0,1045476.0,1045476.0,2.38883333333,32.8,749,749,749,749,2245,2247,2246,749
752,2017,1370045.64668,0.0,1370045.64668,704454.88,491840.37,212614.51,234643.63,421317.91,2.333,33.4,752,752,752,752,2254,2256,2255,752
753,2016,411969.223235,0.0,411969.223235,174330.0,140920.0,33410.0,64672.0,171441.0,2.1665,34.0,753,753,753,753,2257,2259,2258,753
754,2017,315850.039788,0.0,315850.039788,174330.0,180920.0,-6590.0,24672.0,131441.0,2.1665,34.0,754,754,754,754,2260,2262,2261,754
755,2016,588594.079428,0.0,588594.079428,240000.0,0.0,240000.0,240000.0,240000.0,2.1665,34.3,755,755,755,755,2263,2265,2264,755
756,2016,1432511.0881,-35000.0,1397511.0881,521983.0,207100.0,314883.0,315383.0,475383.0,2.77783333333,30.9,756,756,756,756,2266,2268,2267,756
757,2016,0.0,0.0,0.0,450000.0,208000.0,242000.0,317000.0,317000.0,0.0,0.0,757,757,757,757,2269,2271,2270,757
758,2016,2959053.12963,0.0,2959053.12963,1179000.0,824500.0,354500.0,354500.0,1054500.0,2.611,31.7,758,758,758,758,2272,2274,2273,758
759,2017,3280040.63072,0.0,3280040.63072,1232574.0,824500.0,408074.0,408074.0,1108074.0,2.611,31.7,759,759,759,759,2275,2277,2276,759
760,2016,614430.371567,-237913.0,376517.371567,294394.0,298181.0,-3787.0,9517.0,213574.0,2.27783333333,33.0,760,760,760,760,2278,2280,2279,760
761,2016,2552195.92009,0.0,2552195.92009,1756000.0,1386925.0,369075.0,369075.0,695075.0,3.278,28.2,761,761,761,761,2281,2283,2282,761
762,2017,725786.612901,-41473.0,684313.612901,292676.0,260548.0,32128.0,49113.0,236613.0,2.22216666667,33.2,762,762,762,762,2284,2286,2285,762
763,2017,956058.962165,0.0,956058.962165,326000.0,159806.0,166194.0,166194.0,186194.0,2.9445,29.6,763,763,763,763,2287,2289,2288,763
764,2016,1049627.17021,0.0,1049627.17021,386000.0,13200.0,372800.0,372800.0,372800.0,2.1665,34.0,764,764,764,764,2290,2292,2291,764
765,2016,792528.99901,0.0,792528.99901,300000.0,300000.0,0.0,0.0,250000.0,2.27783333333,32.9,765,765,765,765,2293,2295,2294,765
766,2016,5585042.24088,0.0,5585042.24088,3165684.0,2679620.0,486064.0,1001064.0,1801064.0,2.4445,32.0,766,766,766,766,2296,2298,2297,766
767,2016,5228698.5623,77683.0,5306381.5623,2509510.0,2387380.0,122130.0,264019.0,1762713.0,2.9445,28.6,767,767,767,767,2299,2301,2300,767
768,2017,0.0,0.0,0.0,96000.0,16620.0,79380.0,79380.0,79380.0,0.0,0.0,768,768,768,768,2302,2304,2303,768
769,2017,1590614.69367,0.0,1590614.69367,880000.0,536778.28,343221.72,365250.84,551925.12,2.1665,34.5,769,769,769,769,2305,2307,2306,769
770,2017,507869.583084,0.0,507869.583084,343703.0,161000.0,182703.0,182703.0,182703.0,2.0555,34.6,770,770,770,770,2308,2310,2309,770
771,2017,557469.834579,0.0,557469.834579,293000.0,188543.0,104457.0,148457.0,148457.0,2.3335,32.8,771,771,771,771,2311,2313,2312,771
773,2017,1653231.41316,454516.0,2107747.41316,1087000.0,826219.0,260781.0,326132.0,480132.0,2.72233333333,30.9,773,773,773,773,2317,2319,2318,773
775,2017,5787934.00426,47644.0,5835578.00426,2476523.0,1841891.0,634632.0,1234632.0,1959632.0,2.55533333333,31.8,775,775,775,775,2323,2325,2324,775
776,2018,8256337.0833,47644.0,8303981.0833,2866000.0,578225.0,2287775.0,2287775.0,2684775.0,2.72233333333,30.0,776,776,776,776,2326,2328,2327,776
777,2017,3083900.08275,362339.0,3446239.08275,1299597.0,1002942.0,296655.0,350985.0,882099.0,3.22233333333,28.1,777,777,777,777,2329,2331,2330,777
778,2017,1887633.93351,305000.0,2192633.93351,1065000.0,889400.0,175600.0,220000.0,542000.0,3.278,28.6,778,778,778,778,2332,2334,2333,778
779,2017,2211571.5809,0.0,2211571.5809,725858.35,0.0,725858.35,725858.35,725858.35,2.6665,31.6,779,779,779,779,2335,2337,2336,779
780,2017,0.0,0.0,0.0,2200000.0,1750000.0,450000.0,450000.0,1100000.0,0.0,0.0,780,780,780,780,2338,2340,2339,780
781,2017,1009759.90357,0.0,1009759.90357,400000.0,0.0,400000.0,400000.0,400000.0,2.27766666667,32.9,781,781,781,781,2341,2343,2342,781
