,totaldirectexpense,othercompensationandbenefits,officeexpenses,rent,technology,professionalservices,marketingandbusinessdevelopment,travelandentertainment,insurance,other,depreciation,amortization,taxes
0,155000.0,225000.0,47000.0,40000.0,3500.0,3000.0,16000.0,14000.0,500.0,16000.0,9197.0,10401.0,37000.0
1,346067.0,8024.0,36925.0,62731.0,105222.0,24657.0,119618.0,43809.0,2187.0,3693.0,0.0,0.0,0.0
3,140800.0,75200.0,13450.0,82000.0,4500.0,11000.0,2500.0,25500.0,14078.0,12800.0,9197.0,10401.0,24300.0
4,140800.0,75200.0,13450.0,82000.0,4500.0,11000.0,2500.0,25500.0,14078.0,12800.0,9197.0,10401.0,24300.0
5,140800.0,0.0,13450.0,50000.0,4500.0,0.0,2500.0,25500.0,14078.0,0.0,9197.0,10401.0,24300.0
6,96000.0,51000.0,57900.0,21000.0,7800.0,1200.0,21766.0,4500.0,600.0,122698.0,9197.0,10401.0,36409.0
7,220000.0,135000.0,150000.0,34000.0,40000.0,30000.0,36000.0,198000.0,36000.0,0.0,0.0,0.0,0.0
8,1650000.0,50000.0,100000.0,34000.0,100000.0,50000.0,36000.0,198000.0,36000.0,0.0,0.0,0.0,0.0
11,375000.0,165000.0,33648.0,56100.0,71304.0,465816.0,25808.0,10500.0,5736.0,55000.0,2976.0,0.0,0.0
12,375000.0,165000.0,33648.0,56100.0,71304.0,465816.0,25808.0,10500.0,5736.0,55000.0,2976.0,0.0,0.0
13,375000.0,165000.0,33648.0,56100.0,71304.0,465816.0,25808.0,10500.0,5736.0,55000.0,2976.0,0.0,0.0
14,50000.0,1935500.0,212988.0,25000.0,50000.0,22500.0,10000.0,25000.0,8700.0,105000.0,2500.0,0.0,0.0
15,1250000.0,225000.0,425000.0,95000.0,245000.0,135000.0,38500.0,62500.0,14078.0,362000.0,9197.0,10401.0,36409.0
16,180000.0,552000.0,38179.0,79740.0,203000.0,278967.0,12000.0,25500.0,11374.0,75000.0,4329.0,10401.0,36409.0
17,600000.0,200000.0,25000.0,55000.0,35000.0,25000.0,8000.0,18000.0,10000.0,5500.0,4000.0,10401.0,36409.0
18,600000.0,200000.0,25000.0,55000.0,35000.0,25000.0,8000.0,18000.0,10000.0,5500.0,4000.0,10401.0,36409.0
19,3258000.0,248459.0,8490.0,110504.0,125182.0,165099.0,38898.0,8563.0,56687.0,122698.0,2500.0,2500.0,8400.0
20,3258000.0,248459.0,8490.0,110504.0,125182.0,165099.0,38898.0,8563.0,56687.0,122698.0,2500.0,2500.0,8400.0
21,59526.0,248459.0,6768.0,18000.0,1207.0,1350.0,0.0,2586.0,1000.0,3500.0,9197.0,10401.0,36409.0
22,100000.0,75000.0,6768.0,18000.0,1207.0,1350.0,0.0,2586.0,1000.0,3500.0,9197.0,10401.0,36409.0
23,120000.0,75000.0,6768.0,52000.0,10000.0,15000.0,1500.0,4750.0,1000.0,3500.0,9197.0,10401.0,36409.0
24,0.0,605045.0,22591.0,125140.0,20000.0,149615.0,55973.0,100600.0,5563.0,201473.0,0.0,0.0,46300.0
25,0.0,715838.0,35805.0,142040.0,28000.0,59521.0,51411.0,79369.0,14265.0,42275.0,411.0,115153.0,46300.0
26,350835.0,459959.0,50070.0,137820.0,35535.0,25483.0,59605.0,87841.0,16945.0,42275.0,48073.0,616.0,12814.0
27,479373.07,38745.0,20394.5,18000.0,11232.6,3243.21,16662.62,45476.0,1500.0,645.0,5000.0,10401.0,0.0
28,386949.0,30000.0,15000.0,24000.0,8400.0,5000.0,50000.0,10000.0,11600.0,2000.0,5000.0,0.0,5000.0
29,386949.0,30000.0,15000.0,24000.0,8400.0,5000.0,50000.0,10000.0,11600.0,2000.0,5000.0,0.0,5000.0
30,444079.77,231663.29,7065.96,48000.0,7440.85,1220.0,5377.99,5573.03,3990.0,728.04,9197.0,10401.0,39305.68
31,200000.0,65000.0,36000.0,57946.0,7000.0,260000.0,21766.0,15000.0,14078.0,36000.0,9197.0,10401.0,36409.0
32,386949.0,36000.0,7200.0,18000.0,2500.0,1000.0,1500.0,1500.0,1500.0,122698.0,9197.0,10401.0,36409.0
33,850000.0,0.0,50000.0,25000.0,10000.0,25000.0,5000.0,25000.0,5000.0,122698.0,9197.0,10401.0,36409.0
35,100000.0,33785.0,52000.0,24000.0,41860.0,28172.0,21766.0,22122.0,14078.0,122698.0,9197.0,10401.0,10000.0
36,1020000.0,248459.0,51731.0,57946.0,41860.0,28172.0,21766.0,22122.0,14078.0,122698.0,9197.0,10401.0,36409.0
38,59526.0,248459.0,6768.0,18000.0,1207.0,1350.0,0.0,2586.0,1000.0,3500.0,9197.0,10401.0,36409.0
39,2250000.0,440000.0,155000.0,95000.0,260000.0,15000.0,10000.0,40000.0,60000.0,122698.0,10000.0,0.0,55000.0
40,1780000.0,942000.0,50000.0,96000.0,200000.0,15000.0,10000.0,23000.0,58000.0,122698.0,0.0,0.0,58000.0
41,386949.0,41600.0,3000.0,13800.0,12000.0,4500.0,1800.0,4500.0,500.0,122698.0,9197.0,10401.0,36409.0
42,96000.0,248459.0,2400.0,6000.0,40000.0,6000.0,6000.0,2400.0,2000.0,122698.0,9197.0,10401.0,36409.0
44,96000.0,40000.0,6000.0,36000.0,25000.0,12000.0,18000.0,8500.0,0.0,58000.0,9197.0,10401.0,36409.0
45,96000.0,40000.0,6000.0,36000.0,25000.0,12000.0,18000.0,8500.0,0.0,58000.0,9197.0,10401.0,36409.0
46,5408000.0,680000.0,50000.0,250000.0,20000.0,46000.0,68000.0,40000.0,55000.0,1448000.0,10000.0,0.0,25000.0
47,348000.0,41200.0,27000.0,22000.0,22000.0,0.0,10000.0,22122.0,14078.0,122698.0,9197.0,10401.0,300000.0
49,650000.0,372000.0,40000.0,20300.0,18000.0,4000.0,32000.0,22122.0,14078.0,122698.0,9197.0,10401.0,36409.0
50,513000.0,120000.0,35000.0,40000.0,17000.0,3000.0,10000.0,36000.0,2000.0,0.0,0.0,0.0,0.0
51,513000.0,120000.0,45000.0,48000.0,17000.0,3000.0,11000.0,37000.0,3300.0,25000.0,0.0,0.0,0.0
52,938167.0,248459.0,40616.0,170149.0,124413.0,238318.0,33060.0,8530.0,48610.0,-65504.0,9197.0,3014.0,3409.0
53,400000.0,347125.0,75728.0,84172.0,24947.0,72376.0,62528.0,61625.0,935.0,143756.0,2591.0,254580.0,36409.0
54,240000.0,40000.0,27633.0,24960.0,52337.0,10975.0,2281.0,7505.0,14078.0,8881.0,9197.0,10401.0,11483.0
55,0.0,0.0,5000.0,12000.0,41860.0,28172.0,21766.0,5000.0,14078.0,0.0,9197.0,10401.0,36409.0
56,12000.0,248459.0,51731.0,57946.0,41860.0,28172.0,21766.0,22122.0,14078.0,122698.0,9197.0,10401.0,36409.0
58,386949.0,162000.0,22200.0,18000.0,13500.0,11000.0,21766.0,22122.0,14078.0,104200.0,9197.0,10401.0,36409.0
59,0.0,176000.0,21700.0,30355.0,15000.0,17250.0,28500.0,11500.0,13240.0,17000.0,3820.0,43820.0,48500.0
60,400000.0,176000.0,21700.0,30355.0,15000.0,17250.0,28500.0,11500.0,13240.0,17000.0,3820.0,43820.0,48500.0
61,0.0,400000.0,32000.0,112000.0,120000.0,30000.0,13000.0,50000.0,40000.0,40000.0,9197.0,10401.0,25000.0
62,150000.0,22500.0,10000.0,57946.0,8100.0,28172.0,21766.0,22122.0,14078.0,122698.0,9197.0,10401.0,36409.0
63,3335000.0,160000.0,40000.0,120000.0,34000.0,0.0,50000.0,90000.0,10000.0,0.0,0.0,0.0,70000.0
64,94000.0,30000.0,1200.0,32340.0,1200.0,1000.0,5000.0,3000.0,900.0,0.0,2500.0,0.0,90000.0
65,150000.0,150000.0,51731.0,57946.0,41860.0,28172.0,21766.0,22122.0,14078.0,122698.0,9197.0,10401.0,36409.0
66,0.0,0.0,10875.0,6865.0,10000.0,3200.0,2685.0,1008.0,336.0,2876.0,2673.0,28642.0,10000.0
67,386949.0,248459.0,30000.0,25000.0,10000.0,1200.0,1200.0,22122.0,1500.0,122698.0,9197.0,10401.0,36409.0
68,65000.0,10800.0,6000.0,21600.0,2000.0,2000.0,3000.0,5000.0,2000.0,122698.0,9197.0,10401.0,36409.0
69,67200.0,9084.0,6000.0,24024.0,2000.0,3500.0,3000.0,12000.0,1200.0,122698.0,9197.0,10401.0,36409.0
70,76000.0,15000.0,19000.0,10000.0,5000.0,10000.0,14000.0,16000.0,5000.0,122698.0,9197.0,10401.0,36409.0
72,386949.0,26509.0,7026.26,18360.0,7159.88,3569.07,11019.0,4916.92,346.84,215990.51,9197.0,10401.0,1687.0
73,18000.0,38000.0,4590.0,18000.0,4000.0,4177.0,2593.0,7192.0,7500.0,20000.0,1197.0,10401.0,36409.0
74,350000.0,877230.0,83184.0,0.0,6140.0,4840.0,5344.0,6610.0,0.0,16944.0,0.0,0.0,6658.0
75,498933.0,1122052.0,124949.0,123823.0,180459.0,99017.0,45005.0,75953.0,21030.0,0.0,0.0,0.0,686.0
76,313819.0,209600.0,44523.0,80819.0,41860.0,4000.0,17576.0,15847.0,14078.0,25064.0,9197.0,10401.0,250000.0
77,350000.0,924952.0,54629.0,50000.0,4269.0,40513.0,11419.0,8208.0,0.0,64883.0,9197.0,0.0,8090.0
78,498933.0,1122052.0,124949.0,123823.0,180459.0,99017.0,45005.0,75953.0,21030.0,0.0,0.0,0.0,686.0
80,50000.0,35000.0,5000.0,22000.0,41860.0,28172.0,21766.0,22122.0,14078.0,122698.0,9197.0,10401.0,36409.0
81,363759.75,984623.74,37058.29,140013.65,157824.22,66736.91,77269.15,44999.61,31968.0,29230.52,72871.9,10401.0,187.71
82,135000.0,90674.0,30817.5,15612.0,34668.0,20236.0,6852.0,1857.0,6500.0,137093.13,0.0,0.0,52836.0
83,135000.0,122670.0,11782.0,22500.0,34668.0,20236.0,6852.0,1857.0,6500.0,156000.0,0.0,0.0,52836.0
84,135000.0,122670.0,11782.0,22500.0,34668.0,20236.0,6852.0,1857.0,6500.0,156000.0,0.0,0.0,52836.0
85,796499.0,248459.0,361748.0,69600.0,6616.0,21960.0,21985.0,32341.0,20116.0,122698.0,14202.0,10401.0,18912.0
86,11164881.0,1000000.0,42000.0,590423.0,182000.0,450000.0,13100.0,67264.0,100000.0,50000.0,9197.0,10401.0,36409.0
87,300000.0,300000.0,40000.0,25000.0,30000.0,5000.0,10000.0,5000.0,5000.0,10000.0,0.0,0.0,30000.0
88,448847.0,334495.0,43911.0,124291.0,61000.0,141849.0,50812.0,18128.0,34874.0,122698.0,0.0,0.0,87000.0
89,220000.0,310000.0,19000.0,24360.0,500.0,33600.0,0.0,2000.0,9600.0,122698.0,9197.0,10401.0,6000.0
90,372000.0,76000.0,3500.0,28800.0,1500.0,1300.0,0.0,5000.0,7200.0,122698.0,9197.0,10401.0,5900.0
91,0.0,35000.0,36000.0,0.0,1000.0,3000.0,500.0,2000.0,1000.0,122698.0,9197.0,10401.0,60000.0
92,386949.0,1077797.42,30643.16,78000.0,50071.67,2730.0,351.33,6233.92,14078.0,5576.77,9197.0,10401.0,6350.95
93,386949.0,248459.0,304800.0,707000.0,586093.0,433000.0,447000.0,220718.0,192488.0,212341.0,42000.0,5000.0,33000.0
94,220000.0,10000.0,10000.0,18000.0,10000.0,5000.0,15000.0,5000.0,5000.0,122698.0,9197.0,10401.0,36409.0
95,120000.0,50000.0,5000.0,48000.0,2500.0,5000.0,15000.0,5000.0,1000.0,122698.0,9197.0,10401.0,120000.0
96,866424.0,521293.76,52866.71,75896.11,53964.11,36079.65,56611.12,11234.47,26511.23,89850.0,8467.21,0.0,88617.02
97,1129991.0,286365.0,44840.0,71141.0,48632.0,45084.0,57178.0,8609.0,27132.0,62959.0,8467.0,0.0,84185.0
98,3474542.0,2000000.0,423000.0,355000.0,496000.0,161000.0,54275.0,45800.0,91126.0,0.0,145479.0,29456.0,19000.0
99,1050000.0,3100000.0,1000000.0,655000.0,750000.0,125000.0,100000.0,150000.0,100000.0,500000.0,50000.0,10401.0,10000.0
100,1100000.0,3100000.0,400000.0,650000.0,750000.0,210000.0,100000.0,160000.0,190000.0,850000.0,25000.0,0.0,15000.0
101,3474542.0,2000000.0,423000.0,355000.0,496000.0,161000.0,54275.0,45800.0,91126.0,0.0,145479.0,29456.0,19000.0
102,401188.0,1175635.0,38866.0,31000.0,48211.0,91330.0,25524.0,26471.0,34974.0,28145.0,0.0,0.0,0.0
103,401188.0,1175635.0,38866.0,31000.0,48211.0,91330.0,25524.0,26471.0,34974.0,28145.0,0.0,0.0,0.0
104,655822.0,84772.0,26646.0,18135.0,50945.0,16886.0,63724.0,16984.0,438.0,3466.0,0.0,0.0,0.0
105,1715000.0,248459.0,51731.0,57946.0,41860.0,28172.0,21766.0,22122.0,14078.0,1470000.0,9197.0,10401.0,36409.0
106,757902.14,1345185.83,369050.48,124726.52,129194.89,152522.4,3187.36,161884.0,14078.0,168541.41,9197.0,10401.0,1091.0
107,440837.0,47545.0,47785.0,82997.0,31677.0,11822.0,9185.0,24200.0,420.0,122698.0,9197.0,10401.0,36409.0
109,545000.0,626503.0,52000.0,61000.0,76000.0,7600.0,300.0,10000.0,22000.0,0.0,0.0,0.0,0.0
110,225000.0,0.0,35000.0,9000.0,8000.0,2000.0,300.0,1000.0,3000.0,0.0,0.0,0.0,0.0
111,386949.0,64000.0,15000.0,0.0,12000.0,10000.0,5000.0,1000.0,7000.0,0.0,0.0,0.0,0.0
112,180000.0,115000.0,39000.0,35000.0,41860.0,34000.0,1500.0,5000.0,24000.0,122698.0,9197.0,0.0,10500.0
114,744000.0,415000.0,65000.0,90000.0,95000.0,15000.0,110000.0,40000.0,20000.0,40000.0,0.0,0.0,0.0
115,744000.0,415000.0,65000.0,90000.0,95000.0,15000.0,110000.0,40000.0,20000.0,40000.0,0.0,0.0,0.0
116,386949.0,101361.0,51731.0,26420.0,26475.0,44575.0,3366.0,26274.0,9458.0,11578.0,13165.0,33000.0,48061.0
118,15000.0,248459.0,1000.0,12000.0,6000.0,2000.0,0.0,1000.0,500.0,4000.0,0.0,0.0,5000.0
119,386949.0,80000.0,15000.0,23000.0,12000.0,3000.0,3000.0,2500.0,1500.0,35000.0,0.0,0.0,36409.0
121,50900.0,248459.0,51731.0,57946.0,41860.0,28172.0,21766.0,22122.0,14078.0,32592.0,9197.0,10401.0,36409.0
122,0.0,827165.0,27017.0,2700.0,21080.0,11839.0,96282.0,83077.0,1981.0,18752.0,9197.0,10401.0,36409.0
123,0.0,0.0,40600.0,25020.0,600.0,800.0,2500.0,15000.0,500.0,122698.0,9197.0,10401.0,40000.0
124,0.0,0.0,6500.0,25000.0,500.0,800.0,1000.0,5000.0,600.0,5000.0,9197.0,10401.0,50000.0
125,0.0,0.0,6000.0,22000.0,500.0,800.0,1000.0,5000.0,600.0,5000.0,9197.0,10401.0,50000.0
126,800000.0,75000.0,60000.0,50000.0,50000.0,50000.0,70000.0,22122.0,14078.0,45000.0,9197.0,10401.0,36409.0
127,1903673.0,100000.0,25084.0,249144.0,206232.0,19190.0,53211.0,117147.0,42798.0,580846.0,12780.0,10401.0,168781.0
128,291723.0,220674.0,6087.0,37235.0,4618.0,45651.0,1843.0,44101.0,5539.0,19502.0,9500.0,139852.0,26243.0
129,375000.0,130000.0,18000.0,43000.0,10000.0,9000.0,0.0,20000.0,3000.0,27000.0,14000.0,0.0,280000.0
130,142146.88,248459.0,18909.05,36000.0,4297.06,2430.56,618.8,444.34,16656.18,122698.0,2058.94,10401.0,-97.75
131,142146.88,248459.0,18909.05,36000.0,4297.06,2430.56,618.8,444.34,16656.18,122698.0,2058.94,10401.0,-97.75
132,142146.88,248459.0,18909.05,36000.0,4297.06,2430.56,618.8,444.34,16656.18,122698.0,2058.94,10401.0,-97.75
133,142146.88,248459.0,18909.05,36000.0,4297.06,2430.56,618.8,444.34,16656.18,122698.0,2058.94,10401.0,-97.75
134,568587.0,0.0,75636.18,144000.0,17188.0,9722.0,2475.0,1777.0,66625.0,122698.0,8236.0,10401.0,-391.0
135,250000.0,18000.0,120000.0,57946.0,18000.0,6000.0,12000.0,40000.0,12000.0,24000.0,9197.0,10401.0,36409.0
136,800000.0,357500.0,63000.0,87000.0,9000.0,2100.0,7300.0,0.0,300.0,0.0,3700.0,0.0,300.0
137,800000.0,357500.0,63000.0,87000.0,9000.0,2100.0,7300.0,0.0,300.0,0.0,3700.0,0.0,300.0
138,705592.0,198045.0,49001.0,73973.0,6490.0,40509.0,6667.0,5664.0,10505.0,0.0,0.0,0.0,6097.0
139,0.0,45000.0,0.0,4000.0,2000.0,1000.0,10000.0,5000.0,500.0,2500.0,9197.0,10401.0,36409.0
140,0.0,45000.0,0.0,4000.0,2000.0,1000.0,10000.0,5000.0,500.0,2500.0,9197.0,10401.0,36409.0
141,0.0,45000.0,500.0,48000.0,500.0,28172.0,5000.0,1000.0,600.0,122698.0,9197.0,10401.0,36409.0
142,255000.0,193268.0,67717.0,52373.0,31212.0,2160.0,58700.0,16549.0,6000.0,4639.0,0.0,0.0,0.0
144,20000.0,248459.0,51731.0,57946.0,41860.0,28172.0,21766.0,22122.0,14078.0,122698.0,9197.0,10401.0,36409.0
145,100000.0,248459.0,4000.0,6500.0,41860.0,28172.0,21766.0,1000.0,2400.0,2400.0,9197.0,10401.0,43079.0
146,150000.0,205000.0,80000.0,48000.0,10500.0,6000.0,23000.0,12000.0,1600.0,122698.0,9197.0,10401.0,36409.0
147,0.0,245000.0,60000.0,48000.0,25000.0,6000.0,50000.0,20000.0,1600.0,122698.0,9197.0,10401.0,36409.0
148,0.0,215000.0,60000.0,60000.0,40000.0,20000.0,25000.0,25000.0,10000.0,600000.0,9197.0,10401.0,36409.0
149,117000.0,112000.0,7100.0,32000.0,42000.0,2000.0,2000.0,8000.0,7500.0,11000.0,0.0,6000.0,36409.0
150,80000.0,60000.0,17000.0,55000.0,50000.0,30000.0,6000.0,9000.0,6000.0,6000.0,0.0,0.0,36409.0
151,300000.0,75000.0,10397.0,18000.0,0.0,1250.0,0.0,43745.0,10000.0,92621.0,5000.0,0.0,9561.0
152,447734.26,884362.23,122915.43,93008.6,35613.06,5691.05,50935.86,34941.39,271.0,14108.33,55833.7,0.0,4023.96
153,447734.26,884362.23,122915.43,93008.6,35613.06,5691.05,50935.86,34941.39,271.0,14108.33,55833.7,0.0,4023.96
154,500000.0,248459.0,51731.0,57946.0,41860.0,28172.0,21766.0,22122.0,14078.0,300000.0,9197.0,10401.0,36409.0
155,300000.0,100000.0,12000.0,137000.0,6000.0,5000.0,10000.0,22122.0,20000.0,20000.0,9197.0,10401.0,60000.0
156,300000.0,100000.0,12000.0,100000.0,6000.0,5000.0,10000.0,8000.0,20000.0,20000.0,9197.0,10401.0,60000.0
157,2297133.0,1106465.0,342692.0,159879.0,49416.0,209757.0,13995.0,222656.0,3283.0,750113.0,0.0,0.0,0.0
158,680000.0,120000.0,481214.0,164000.0,163102.0,22605.0,34150.0,83350.0,27250.0,70123.0,8405.0,55000.0,0.0
159,100000.0,75000.0,6000.0,18000.0,20000.0,3000.0,10000.0,6000.0,3000.0,20000.0,10000.0,1500.0,36409.0
161,386949.0,126000.0,125000.0,60000.0,15000.0,7500.0,3000.0,3000.0,1900.0,5200.0,9197.0,10401.0,36409.0
162,160000.0,38000.0,10000.0,62500.0,50000.0,35000.0,10000.0,5000.0,25000.0,155000.0,10000.0,0.0,180000.0
163,260000.0,60000.0,10000.0,62500.0,10000.0,25000.0,5000.0,5000.0,15000.0,150000.0,5000.0,0.0,115000.0
164,200000.0,434786.0,73922.0,91357.0,4483.0,37145.0,17001.0,891.0,9192.0,7450.0,6888.0,0.0,412.0
165,200000.0,434786.0,73922.0,91357.0,4483.0,37145.0,17001.0,891.0,9192.0,7450.0,6888.0,0.0,412.0
166,300000.0,135000.0,12500.0,36000.0,2500.0,1500.0,8500.0,8500.0,1600.0,122698.0,0.0,0.0,800.0
167,310000.0,135000.0,12500.0,24000.0,2500.0,1500.0,8500.0,8500.0,1600.0,122698.0,0.0,0.0,800.0
168,70000.0,100000.0,18000.0,40000.0,3000.0,1500.0,1500.0,15000.0,2000.0,122698.0,1000.0,0.0,3000.0
169,80000.0,120000.0,10000.0,39000.0,0.0,2500.0,0.0,25000.0,2500.0,0.0,0.0,0.0,3000.0
170,100000.0,120000.0,10000.0,40000.0,0.0,2500.0,0.0,25000.0,2500.0,0.0,0.0,0.0,3000.0
171,265000.0,125000.0,140000.0,24000.0,10000.0,5000.0,5000.0,8000.0,3000.0,122698.0,9197.0,10401.0,36409.0
172,310000.0,320000.0,20000.0,68000.0,245000.0,6500.0,52000.0,10000.0,23000.0,1900.0,9197.0,10401.0,1636.0
173,362086.0,363052.0,48021.0,67044.0,46903.0,41115.0,49646.0,39730.0,19141.0,70292.0,9197.0,10401.0,150.0
174,400000.0,100000.0,20000.0,20000.0,20000.0,28172.0,20000.0,20000.0,5000.0,122698.0,9197.0,10401.0,36409.0
179,545910.0,468708.0,46394.0,61289.0,49133.0,19854.0,16795.0,8051.0,4265.0,10709.0,5337.0,8779.0,103.0
180,80165.53,2988158.0,160685.0,352000.0,150000.0,375000.0,120400.0,89658.0,34017.0,472.0,8915.0,421564.0,14789.0
181,0.0,159142.0,18216.0,36000.0,11142.0,10535.0,29464.0,12779.0,7062.0,25515.0,955.0,0.0,0.0
182,0.0,40000.0,51731.0,37200.0,32000.0,9000.0,3000.0,9000.0,13400.0,122698.0,9197.0,10401.0,120000.0
183,0.0,40000.0,51731.0,37200.0,32000.0,9000.0,3000.0,9000.0,13400.0,122698.0,9197.0,10401.0,120000.0
185,127925.0,0.0,35000.0,0.0,0.0,0.0,0.0,0.0,0.0,0.0,1500.0,0.0,0.0
187,386949.0,248459.0,1250.0,9000.0,41860.0,28172.0,21766.0,22122.0,14078.0,122698.0,9197.0,10401.0,36409.0
189,55000.0,40000.0,12000.0,28800.0,20000.0,2500.0,25000.0,3000.0,6000.0,122698.0,9197.0,10401.0,36409.0
190,27000.0,86350.0,7300.0,19704.0,7350.0,3350.0,34000.0,5631.0,300.0,3400.0,9197.0,10401.0,1250.0
191,0.0,84200.0,5000.0,19800.0,8500.0,3500.0,15000.0,5000.0,1500.0,25000.0,9197.0,10401.0,36409.0
192,0.0,84200.0,5000.0,19800.0,8500.0,3500.0,15000.0,5000.0,1500.0,25000.0,9197.0,10401.0,36409.0
193,75344.0,62291.0,33898.0,30574.0,21531.0,9117.0,12798.0,18622.0,1292.0,5424.0,4086.0,10401.0,5713.0
194,1425059.0,125800.0,55000.0,65500.0,197500.0,10000.0,48250.0,15400.0,22800.0,58900.0,11986.0,4188.0,76300.0
196,30000.0,85000.0,10000.0,24000.0,10000.0,4000.0,15000.0,36000.0,3000.0,122698.0,9197.0,10401.0,36409.0
198,0.0,140362.92,13628.1,61344.43,21660.0,7900.0,500.0,0.0,1150.0,0.0,0.0,0.0,37626.95
199,105000.0,248459.0,3400.0,5400.0,100.0,500.0,21766.0,22122.0,14078.0,2400.0,9197.0,10401.0,600.0
201,0.0,687727.0,60571.0,55985.0,26656.0,31018.0,20489.0,17872.0,11385.0,3509.0,6365.0,0.0,0.0
202,386949.0,56530.0,34107.0,29104.0,16234.0,2053.0,13645.0,1000.0,1326.0,122698.0,6700.0,10401.0,15519.0
204,48851.0,248459.0,15000.0,22145.0,49819.0,3000.0,2000.0,11000.0,806.0,221488.0,9197.0,10401.0,36409.0
205,50000.0,248459.0,36000.0,30000.0,5000.0,2000.0,2000.0,10000.0,2500.0,122698.0,9197.0,10401.0,36409.0
206,0.0,95000.0,10000.0,36000.0,5000.0,5000.0,5000.0,15000.0,800.0,5000.0,9197.0,10401.0,36409.0
207,0.0,95000.0,10000.0,36000.0,5000.0,5000.0,5000.0,15000.0,800.0,5000.0,9197.0,10401.0,36409.0
208,125000.0,248459.0,2500.0,36000.0,30000.0,3000.0,1500.0,10000.0,14078.0,122698.0,0.0,0.0,20000.0
209,125000.0,248459.0,2500.0,36000.0,30000.0,3000.0,1500.0,10000.0,14078.0,122698.0,0.0,0.0,20000.0
210,125000.0,248459.0,2500.0,36000.0,30000.0,3000.0,2500.0,10000.0,14078.0,122698.0,0.0,0.0,20000.0
211,125000.0,248459.0,2500.0,36000.0,20000.0,3000.0,2500.0,10000.0,2000.0,122698.0,0.0,0.0,20000.0
212,150000.0,90000.0,25000.0,60000.0,30000.0,7500.0,12000.0,15000.0,4800.0,200000.0,9197.0,10401.0,36409.0
213,150000.0,90000.0,25000.0,60000.0,30000.0,7500.0,12000.0,15000.0,4800.0,200000.0,9197.0,25000.0,36409.0
214,150000.0,90000.0,25000.0,36000.0,30000.0,12500.0,20000.0,15000.0,4800.0,200000.0,9197.0,25000.0,36409.0
215,386949.0,248459.0,51731.0,24000.0,41860.0,28172.0,21766.0,22122.0,14078.0,122698.0,9197.0,10401.0,36409.0
216,0.0,150884.0,27449.0,32211.0,4074.0,17624.0,45976.8,6016.8,1717.6,4222.0,0.0,0.0,3019.0
217,0.0,150884.0,27449.0,32211.0,4074.0,17624.0,45976.8,6016.8,1717.6,4222.0,0.0,0.0,3019.0
218,0.0,150884.0,27449.0,32211.0,4074.0,17624.0,45976.8,6016.8,1717.6,4222.0,0.0,0.0,3019.0
219,0.0,150884.0,27449.0,32211.0,4074.0,17624.0,45976.8,6016.8,1717.6,4222.0,0.0,0.0,3019.0
220,0.0,150884.0,27449.0,32211.0,4074.0,17624.0,45976.8,6016.8,1717.6,4222.0,0.0,0.0,3019.0
221,804.0,248459.0,51731.0,57946.0,41860.0,28172.0,21766.0,22122.0,14078.0,122698.0,9197.0,10401.0,36409.0
222,386949.0,30000.0,0.0,132000.0,15000.0,10000.0,25000.0,50000.0,0.0,0.0,0.0,0.0,1000.0
223,388587.0,105929.0,215097.0,111993.0,10377.0,4250.0,28763.0,7079.0,42009.0,284925.0,9436.0,0.0,37667.0
224,667600.0,65000.0,12000.0,28800.0,10000.0,18000.0,60000.0,41500.0,62500.0,122698.0,0.0,0.0,17000.0
225,1867163.0,1852360.0,71650.0,215723.0,19535.0,85692.0,36191.0,25001.0,53171.0,561696.0,9197.0,10401.0,57514.0
226,274874.0,186500.0,52010.0,91871.0,61584.0,59799.0,38207.0,67050.0,23329.0,817621.0,0.0,0.0,76439.0
228,66000.0,0.0,0.0,30600.0,20700.0,2500.0,23000.0,12000.0,500.0,31000.0,0.0,10401.0,0.0
229,200000.0,100000.0,25000.0,100000.0,100000.0,25000.0,50000.0,50000.0,10000.0,25000.0,9197.0,10401.0,36409.0
230,0.0,405426.0,60235.0,61649.0,1772.0,9188.0,2795.0,30857.0,67212.0,18822.0,0.0,0.0,2705.0
231,580000.0,260000.0,32000.0,38400.0,20000.0,10000.0,32000.0,45000.0,3000.0,450000.0,8000.0,10401.0,36409.0
232,380000.0,260000.0,32000.0,38400.0,20000.0,10000.0,32000.0,45000.0,3000.0,0.0,8000.0,10401.0,36409.0
233,125000.0,410000.0,429000.0,115000.0,90000.0,25000.0,87000.0,20000.0,20000.0,345000.0,9197.0,10401.0,103000.0
234,1440000.0,463000.0,479000.0,115000.0,90000.0,25000.0,87000.0,20000.0,20000.0,25000.0,9197.0,10401.0,103000.0
235,650000.0,460000.0,200000.0,265000.0,202000.0,64000.0,41000.0,15000.0,35000.0,50000.0,0.0,0.0,0.0
236,1040000.0,330000.0,115000.0,265000.0,200000.0,64000.0,41000.0,15000.0,35000.0,0.0,0.0,0.0,0.0
237,715000.0,450000.0,450000.0,246000.0,110000.0,67000.0,21766.0,47000.0,31000.0,122698.0,15000.0,10401.0,42000.0
238,1642000.0,240546.0,55000.0,55000.0,130700.0,150150.0,117000.0,29000.0,16000.0,202000.0,7000.0,7000.0,16000.0
239,200000.0,82375.0,51731.0,57946.0,41860.0,28172.0,21766.0,22122.0,14078.0,122698.0,9197.0,10401.0,36409.0
242,300000.0,111000.0,48342.0,42536.0,41200.0,19277.0,28966.0,9875.0,1313.0,93342.0,9197.0,10401.0,1.0
243,5117705.0,248459.0,125000.0,125000.0,150000.0,25000.0,30000.0,100000.0,160000.0,250000.0,40000.0,0.0,20000.0
245,877143.0,2971513.0,399385.0,276570.0,319890.0,28172.0,21766.0,157664.0,122782.0,57671.0,9197.0,10401.0,36409.0
246,4516515.0,248459.0,930714.41,215697.0,373495.0,142450.0,21766.0,193484.0,139747.0,159961.0,9197.0,0.0,36409.0
247,877143.0,2971513.0,399385.0,276570.0,319890.0,28172.0,21766.0,157664.0,122782.0,57671.0,9197.0,10401.0,36409.0
250,420000.0,80000.0,15000.0,34000.0,65000.0,15000.0,25000.0,12000.0,12000.0,100000.0,5700.0,10401.0,40000.0
252,420000.0,80000.0,15000.0,34000.0,65000.0,15000.0,25000.0,12000.0,12000.0,100000.0,5700.0,10401.0,40000.0
253,0.0,3928229.0,1159587.0,251640.0,672706.0,144000.0,53500.0,35551.0,66500.0,317152.0,39000.0,0.0,7500.0
254,0.0,3928229.0,1077392.0,251640.0,672706.0,144000.0,53500.0,35551.0,66500.0,317152.0,39000.0,0.0,89695.0
255,0.0,3168432.0,374337.0,225593.0,249610.0,125556.0,75773.0,0.0,0.0,16930.0,31711.0,0.0,0.0
257,386949.0,1518593.0,53046.0,70499.0,48632.0,57968.0,57179.0,8609.0,133.0,24874.0,9781.0,10401.0,277197.0
258,779.0,42625.0,8858.0,15840.0,1920.0,4365.0,1441.0,10391.0,1297.0,122698.0,9197.0,10401.0,3692.0
259,779.0,42625.0,8858.0,15840.0,1920.0,4365.0,1441.0,10391.0,1297.0,122698.0,9197.0,10401.0,3692.0
260,779.0,42625.0,8858.0,15840.0,1920.0,4365.0,1441.0,10391.0,1297.0,122698.0,9197.0,10401.0,3692.0
261,161901.0,886.0,51.0,57946.0,41860.0,28172.0,201.0,22122.0,14078.0,42976.0,9197.0,10401.0,36409.0
262,386949.0,30000.0,0.0,12000.0,4800.0,28172.0,21766.0,22122.0,14078.0,0.0,9197.0,10401.0,36409.0
263,1312288.0,1087008.0,175779.0,128409.0,5161.0,23629.0,11679.0,64174.0,0.0,101193.0,5500.0,0.0,0.0
264,70000.0,40000.0,2700.0,30000.0,1000.0,5000.0,100.0,10000.0,18000.0,122698.0,1700.0,100.0,23000.0
265,70000.0,40000.0,2700.0,30000.0,1000.0,5000.0,100.0,10000.0,18000.0,122698.0,1700.0,100.0,23000.0
266,120000.0,5000.0,5000.0,36000.0,3000.0,1500.0,10000.0,1000.0,14078.0,10000.0,9197.0,10401.0,36409.0
267,425000.0,250000.0,200000.0,92000.0,30000.0,20000.0,20000.0,15000.0,5000.0,122698.0,5000.0,10401.0,47500.0
268,0.0,120000.0,12000.0,27000.0,5000.0,28172.0,5000.0,5000.0,14078.0,122698.0,9197.0,10401.0,36409.0
269,386949.0,15000.0,51731.0,22000.0,2500.0,1000.0,1000.0,1000.0,2500.0,122698.0,9197.0,10401.0,36409.0
270,45000.0,98000.0,8500.0,27000.0,5000.0,2000.0,6000.0,15000.0,35000.0,20000.0,0.0,0.0,2500.0
271,288000.0,750000.0,100000.0,70000.0,20000.0,2000.0,6000.0,22000.0,18000.0,120000.0,16000.0,1500.0,0.0
272,540000.0,15000.0,20000.0,30000.0,7000.0,4000.0,3600.0,11000.0,18000.0,91000.0,3200.0,0.0,0.0
273,824337.37,248459.0,21377.0,34836.0,37600.0,1000.0,2000.0,16986.81,7040.95,37500.0,0.0,0.0,350.0
276,386949.0,104311.0,88000.0,24000.0,16000.0,6600.0,28000.0,105000.0,39000.0,17000.0,0.0,10401.0,6027.0
278,150000.0,25000.0,30000.0,25000.0,3500.0,7000.0,10000.0,10000.0,4000.0,5000.0,5000.0,10401.0,15000.0
280,90000.0,233000.0,88400.0,83853.0,41860.0,28172.0,21766.0,22122.0,14078.0,122698.0,9197.0,10401.0,36409.0
281,90000.0,233000.0,88400.0,83853.0,41860.0,28172.0,21766.0,22122.0,14078.0,122698.0,9197.0,10401.0,36409.0
283,0.0,135900.0,29300.0,35500.0,10600.0,4200.0,11900.0,5100.0,6500.0,30100.0,39100.0,0.0,47700.0
284,1671156.0,548425.0,19000.0,82512.0,4931.0,2135.0,14159.0,25314.0,14078.0,45695.0,0.0,0.0,36409.0
285,0.0,548425.0,19000.0,82512.0,4931.0,2135.0,14159.0,25314.0,14078.0,45695.0,0.0,0.0,36409.0
286,386949.0,90000.0,15000.0,20000.0,6000.0,3000.0,1000.0,5000.0,3000.0,10000.0,9197.0,10401.0,36409.0
287,0.0,200000.0,20000.0,54000.0,10000.0,20000.0,5000.0,10000.0,6000.0,0.0,0.0,0.0,635000.0
288,0.0,0.0,20000.0,20000.0,10000.0,1500.0,21766.0,2000.0,4000.0,122698.0,9197.0,10401.0,36409.0
289,386949.0,196080.0,16680.0,30000.0,41860.0,28172.0,15189.0,2317.0,14078.0,122698.0,9197.0,10401.0,36409.0
290,216358.0,81048.0,28321.0,42295.0,17388.0,8545.0,2913.0,16791.0,2828.0,7709.0,9197.0,10401.0,84308.0
291,386949.0,98462.0,60040.0,21600.0,9122.0,5355.0,13045.0,6944.0,3846.0,46670.0,4512.0,14000.0,19242.0
294,0.0,55000.0,0.0,0.0,10000.0,2000.0,0.0,6000.0,4000.0,0.0,0.0,0.0,0.0
295,386949.0,50000.0,5000.0,30000.0,2000.0,28172.0,21766.0,5000.0,5000.0,122698.0,9197.0,10401.0,36409.0
296,400000.0,200000.0,35000.0,48000.0,5000.0,5000.0,120000.0,22122.0,5000.0,30000.0,9197.0,10401.0,36409.0
298,350000.0,80245.0,12680.0,40462.0,41860.0,1820.0,2250.0,3640.0,4352.0,8623.0,9197.0,10401.0,36409.0
299,3625942.0,248459.0,23707.0,261961.0,151456.0,93948.0,205543.0,31535.0,128647.0,2042328.0,96868.0,10401.0,89527.0
300,615601.0,809299.0,23707.0,196346.0,159131.0,125257.0,252794.0,24566.0,70839.0,1445638.0,96868.0,10401.0,79237.0
301,318000.0,178000.0,17000.0,53000.0,10000.0,20000.0,20000.0,10000.0,51000.0,61000.0,0.0,0.0,0.0
302,65200.0,77750.0,2600.0,27613.0,3300.0,1460.0,19887.0,10170.0,10167.0,56717.0,4500.0,10401.0,11500.0
303,123500.0,169000.0,3300.0,68000.0,5300.0,1600.0,3300.0,1500.0,1007.0,70000.0,2750.0,10401.0,8450.0
304,36000.0,248459.0,3000.0,7800.0,6000.0,1000.0,12000.0,21000.0,14078.0,60000.0,9197.0,10401.0,36409.0
305,85824.0,108000.0,12000.0,60000.0,41860.0,20000.0,30000.0,5000.0,1500.0,2000.0,2000.0,53000.0,25000.0
306,224000.0,38400.0,12000.0,60000.0,2000.0,10000.0,20000.0,5000.0,2500.0,2000.0,2000.0,53000.0,25000.0
307,224000.0,38400.0,12000.0,60000.0,2000.0,10000.0,20000.0,5000.0,2500.0,2000.0,2000.0,53000.0,25000.0
308,25000.0,100000.0,27000.0,9000.0,41860.0,800.0,21766.0,22122.0,14078.0,122698.0,9197.0,10401.0,220000.0
309,386949.0,120000.0,27500.0,30000.0,20000.0,5000.0,35000.0,5000.0,7500.0,122698.0,9197.0,10401.0,36409.0
311,0.0,500000.0,50000.0,50000.0,10000.0,1000.0,5000.0,20000.0,2500.0,500000.0,0.0,0.0,10000.0
312,0.0,140000.0,10000.0,30000.0,20000.0,5000.0,0.0,3000.0,5000.0,122698.0,0.0,0.0,36409.0
313,73663.0,165777.0,32776.0,0.0,0.0,6784.0,1475.0,14941.0,3831.0,36182.0,12451.0,0.0,8990.0
314,73663.0,165777.0,32776.0,0.0,0.0,6784.0,1475.0,14941.0,3831.0,36182.0,12451.0,0.0,8990.0
315,0.0,160000.0,85000.0,100000.0,25000.0,10000.0,50000.0,20000.0,10000.0,60000.0,9197.0,10401.0,36409.0
316,386949.0,5000.0,13000.0,13000.0,41860.0,1500.0,21766.0,22122.0,16000.0,1500.0,9197.0,10401.0,36409.0
317,0.0,84882.0,21772.0,23098.0,5000.0,0.0,0.0,12790.0,2000.0,16051.0,0.0,0.0,1165.0
318,243000.0,44000.0,12559.0,25200.0,15673.0,10768.0,20676.0,44214.0,11407.0,173416.0,0.0,0.0,1768.0
319,3700000.0,1100000.0,300000.0,300000.0,500000.0,100000.0,250000.0,700000.0,100000.0,122698.0,0.0,0.0,0.0
320,1150000.0,70000.0,79000.0,95000.0,32000.0,30000.0,4500.0,10000.0,41000.0,122698.0,0.0,0.0,12000.0
321,425000.0,248459.0,17000.0,95000.0,40095.0,71436.0,2900.0,12400.0,14200.0,16500.0,59000.0,16617.0,25474.0
322,1150000.0,70000.0,79000.0,95000.0,32000.0,30000.0,4500.0,10000.0,41000.0,122698.0,0.0,0.0,12000.0
323,125000.0,75000.0,15000.0,35000.0,15000.0,5000.0,25000.0,15000.0,6000.0,20000.0,9197.0,10401.0,275000.0
324,386949.0,248459.0,930.0,5400.0,41860.0,1350.0,21766.0,815.0,14078.0,5800.0,9197.0,10401.0,36409.0
325,116647.9,248459.0,3575.1,0.0,54.4,0.0,2554.76,3354.1,0.0,1988.32,377.4,0.0,0.0
326,74018.0,100017.0,11455.0,0.0,4290.0,16747.0,6920.0,17141.0,5241.0,144465.0,1402.0,2734.0,14711.0
327,1750000.0,0.0,12000.0,50000.0,5000.0,5000.0,20000.0,40000.0,6000.0,0.0,11000.0,0.0,62000.0
329,75000.0,200000.0,15000.0,20000.0,5000.0,5000.0,21766.0,5000.0,5000.0,122698.0,9197.0,10401.0,36409.0
330,500000.0,248459.0,45000.0,60000.0,10000.0,12000.0,25000.0,25000.0,10000.0,122698.0,9197.0,10401.0,36409.0
331,430000.0,248459.0,25000.0,60000.0,10000.0,12000.0,15000.0,12000.0,7500.0,122698.0,9197.0,10401.0,36409.0
332,150000.0,100000.0,10000.0,110000.0,10000.0,6000.0,5000.0,7000.0,2000.0,20000.0,9197.0,10401.0,36409.0
333,350000.0,100000.0,50000.0,100000.0,50000.0,2500.0,15000.0,5000.0,2500.0,122698.0,9197.0,10401.0,36409.0
334,219000.0,155000.0,25000.0,66000.0,6000.0,9000.0,31000.0,17000.0,5500.0,57000.0,58.0,0.0,5000.0
335,80000.0,248459.0,35000.0,57946.0,41860.0,28172.0,15000.0,22122.0,14078.0,122698.0,9197.0,10401.0,36409.0
336,250000.0,90000.0,5000.0,57946.0,1000.0,10000.0,4000.0,22122.0,700.0,70000.0,9197.0,10401.0,4000.0
337,0.0,36000.0,51731.0,18000.0,2000.0,1000.0,0.0,3000.0,5000.0,122698.0,0.0,0.0,36409.0
338,500000.0,500000.0,75000.0,40000.0,40000.0,15000.0,10000.0,20000.0,15000.0,122698.0,9197.0,10401.0,36409.0
339,250000.0,50000.0,6000.0,38000.0,12000.0,4000.0,12000.0,20000.0,8000.0,122698.0,0.0,0.0,0.0
340,386949.0,75000.0,9000.0,11000.0,6000.0,2000.0,6000.0,2000.0,4000.0,122698.0,9197.0,10401.0,36409.0
341,300000.0,25000.0,20000.0,30000.0,18000.0,5000.0,5000.0,5000.0,5000.0,120000.0,25000.0,0.0,25000.0
342,0.0,30000.0,20000.0,30000.0,18000.0,5000.0,5000.0,5000.0,5000.0,120000.0,25000.0,0.0,30000.0
343,0.0,30000.0,20000.0,30000.0,18000.0,5000.0,5000.0,5000.0,5000.0,120000.0,25000.0,0.0,30000.0
345,623515.0,2867773.0,608341.0,12118.0,51183.0,260735.0,19662.0,144142.0,50809.0,60292.0,20000.0,0.0,8111.0
346,1802000.0,222000.0,29000.0,83000.0,53000.0,50000.0,75000.0,25000.0,40000.0,122698.0,9197.0,10401.0,36409.0
347,0.0,0.0,0.0,0.0,0.0,0.0,0.0,0.0,0.0,122698.0,9197.0,10401.0,36409.0
348,1802000.0,222000.0,29000.0,83000.0,53000.0,50000.0,75000.0,25000.0,40000.0,122698.0,9197.0,10401.0,36409.0
350,386949.0,33176.0,51731.0,57946.0,41860.0,28172.0,21766.0,22122.0,14078.0,18216.0,9197.0,10401.0,36409.0
352,386949.0,33176.0,51731.0,57946.0,41860.0,28172.0,21766.0,22122.0,14078.0,18216.0,9197.0,10401.0,36409.0
354,386949.0,2189393.0,51731.0,57946.0,41860.0,28172.0,21766.0,22122.0,14078.0,851810.0,9197.0,10401.0,3943.0
355,1500000.0,248459.0,51731.0,57946.0,41860.0,28172.0,21766.0,22122.0,14078.0,122698.0,9197.0,10401.0,36409.0
356,386949.0,109344.0,51731.0,57946.0,41860.0,28172.0,21766.0,22122.0,14078.0,18216.0,9197.0,10401.0,36409.0
357,386949.0,40375.0,51731.0,57946.0,41860.0,28172.0,21766.0,22122.0,14078.0,18216.0,9197.0,10401.0,36409.0
359,280000.0,91402.95,15062.2,90262.32,41860.0,28172.0,1719.56,2004.24,14078.0,111217.64,9197.0,10401.0,36409.0
361,386949.0,248459.0,51731.0,57946.0,41860.0,28172.0,21766.0,22122.0,14078.0,7225836.0,58000.0,10401.0,36409.0
362,500000.0,500000.0,250000.0,250000.0,75000.0,75000.0,100000.0,100000.0,2750.0,0.0,9197.0,10401.0,7100.0
363,1000000.0,500000.0,35000.0,55000.0,9000.0,10000.0,12000.0,25000.0,42000.0,122698.0,9197.0,10401.0,30000.0
364,319000.0,185000.0,35000.0,55000.0,9000.0,10000.0,15000.0,25000.0,42000.0,122698.0,9197.0,10401.0,30000.0
365,386949.0,430000.0,20000.0,50000.0,20000.0,15000.0,50000.0,40000.0,10000.0,507500.0,9197.0,10401.0,36409.0
366,386949.0,45000.0,51731.0,12000.0,8000.0,2500.0,21766.0,22122.0,500.0,122698.0,14000.0,10401.0,36409.0
367,0.0,0.0,5000.0,5000.0,2500.0,1500.0,0.0,0.0,10000.0,0.0,0.0,0.0,50000.0
368,156952.0,99481.0,18481.0,37200.0,2654.0,6040.0,2534.0,13391.0,2250.0,122698.0,9197.0,176.0,3928.0
369,156455.0,110824.0,23951.0,37200.0,3867.0,13881.0,941.0,13045.0,1798.0,122698.0,4946.0,176.0,4026.0
370,152680.0,82432.0,25897.0,33733.0,4900.0,10145.0,8112.0,9658.0,1758.0,122698.0,548.0,176.0,3048.0
371,147383.0,75010.0,13608.0,22900.0,3181.0,7250.0,3474.0,7967.0,1652.0,122698.0,4641.0,176.0,2985.0
372,101585.0,74991.0,14960.0,27821.0,1223.0,6450.0,3538.0,6235.0,1681.0,122698.0,4371.0,176.0,3363.0
373,0.0,91677.0,17891.0,41098.0,4699.0,8046.0,1550.0,10462.0,1969.0,122698.0,3466.0,176.0,4694.0
374,156952.0,99481.0,18481.0,37200.0,2654.0,6040.0,2534.0,13391.0,2250.0,122698.0,9197.0,176.0,3928.0
376,386949.0,24000.0,1000.0,30000.0,300.0,900.0,21766.0,22122.0,14078.0,122698.0,9197.0,10401.0,30000.0
378,0.0,247764.0,116567.0,31177.0,0.0,9035.0,14423.0,0.0,3015.0,2403.0,0.0,0.0,957.0
379,386949.0,487292.0,5053.0,84672.0,43748.0,28172.0,23853.0,0.0,2953.0,25770.0,9197.0,10401.0,2299.0
380,200000.0,50000.0,8000.0,37000.0,8000.0,6000.0,12000.0,25000.0,12000.0,10000.0,9197.0,10401.0,36409.0
381,50000.0,50000.0,8000.0,30000.0,8000.0,6000.0,12000.0,15000.0,12000.0,10000.0,9197.0,10401.0,36409.0
382,54.0,45.0,54.0,45.0,54.0,45.0,54.0,45.0,54.0,54.0,45.0,54.0,45.0
383,386949.0,248459.0,500.0,28000.0,41860.0,3500.0,1000.0,22122.0,14078.0,122698.0,9197.0,10401.0,36409.0
384,0.0,0.0,2000.0,30000.0,500.0,2500.0,0.0,0.0,0.0,0.0,0.0,0.0,0.0
386,386949.0,248459.0,2500.0,20000.0,41860.0,28172.0,5000.0,2500.0,14078.0,122698.0,9197.0,10401.0,36409.0
387,42000.0,1800.0,24000.0,42000.0,5600.0,2700.0,3600.0,22122.0,2000.0,7500.0,0.0,0.0,0.0
388,42000.0,1800.0,24000.0,42000.0,5600.0,2700.0,3600.0,22122.0,2000.0,7500.0,0.0,0.0,0.0
389,42000.0,1800.0,24000.0,42000.0,5600.0,2700.0,3600.0,22122.0,2000.0,7500.0,0.0,0.0,0.0
390,125000.0,50000.0,5000.0,25000.0,5000.0,10000.0,5000.0,5000.0,5000.0,122698.0,9197.0,10401.0,5000.0
391,2538438.0,379677.0,117600.0,236901.0,3837.6,155923.0,119804.0,132084.0,36666.0,35866.0,18067.0,0.0,45844.0
392,75000.0,47000.0,8000.0,39000.0,5000.0,7500.0,7500.0,10000.0,14078.0,122698.0,9197.0,10401.0,36409.0
393,216360.0,81267.0,28652.0,42887.0,17864.0,8368.0,2975.0,17665.0,2750.0,7100.0,9197.0,10401.0,85000.0
394,85000.0,55000.0,28652.0,42887.0,0.0,8368.0,2975.0,0.0,2750.0,7100.0,9197.0,10401.0,36409.0
395,386949.0,14000.0,800.0,7200.0,3360.0,28172.0,1500.0,2400.0,2760.0,1000.0,9197.0,10401.0,60000.0
396,100650.0,164000.0,93602.0,40997.0,6305.0,9850.0,13755.0,16766.0,20395.0,122698.0,1586.0,10401.0,18158.0
397,386949.0,14000.0,800.0,7200.0,3360.0,28172.0,1500.0,2400.0,2760.0,1000.0,9197.0,10401.0,60000.0
398,0.0,75000.0,18000.0,55000.0,18000.0,6850.0,0.0,8000.0,3800.0,36700.0,0.0,10401.0,150000.0
399,0.0,0.0,10500.0,7700.0,2000.0,500.0,1000.0,1000.0,1300.0,25000.0,9197.0,10401.0,36409.0
400,0.0,0.0,10500.0,7700.0,2000.0,500.0,1000.0,1000.0,1300.0,25000.0,9197.0,10401.0,36409.0
401,0.0,0.0,10500.0,7700.0,2000.0,500.0,1000.0,1000.0,1300.0,25000.0,9197.0,10401.0,36409.0
402,0.0,71650.0,13100.0,26000.0,41860.0,4100.0,5500.0,3100.0,875.0,122698.0,9197.0,10401.0,8900.0
403,0.0,71650.0,23100.0,26000.0,41860.0,4100.0,5500.0,3100.0,875.0,122698.0,9197.0,10401.0,8900.0
404,0.0,30000.0,1000.0,48000.0,41860.0,2500.0,1000.0,2000.0,6258.0,0.0,9197.0,10401.0,50000.0
405,386949.0,63445.0,21221.0,67572.0,41860.0,27818.0,15516.0,12841.0,6258.0,44119.0,9197.0,10401.0,27818.0
406,270316.0,46241.0,1813.0,60637.0,300.0,23926.0,2166.0,22122.0,14078.0,104314.0,9197.0,10401.0,36409.0
408,386949.0,100000.0,5420.0,51982.0,11541.0,5140.0,25000.0,15000.0,900.0,2676.0,9197.0,10401.0,36409.0
409,0.0,75000.0,5420.0,51982.0,11541.0,5140.0,25000.0,40000.0,900.0,2676.0,9197.0,10401.0,90000.0
410,386949.0,75000.0,51731.0,32000.0,16000.0,3000.0,15000.0,20000.0,1000.0,122698.0,9197.0,10401.0,110000.0
411,410000.0,0.0,35000.0,90000.0,45000.0,12000.0,45000.0,18000.0,6000.0,0.0,0.0,0.0,12000.0
412,800000.0,175000.0,25000.0,78000.0,36000.0,15000.0,30000.0,12000.0,2500.0,10000.0,20000.0,7500.0,16000.0
413,45000.0,145000.0,50000.0,78000.0,36000.0,20000.0,40000.0,30000.0,2500.0,10000.0,13000.0,5000.0,10000.0
414,0.0,350000.0,30000.0,50000.0,10000.0,10000.0,30000.0,15000.0,6800.0,0.0,0.0,0.0,0.0
415,30000.0,0.0,0.0,3000.0,540.0,1900.0,21766.0,22122.0,2800.0,122698.0,9197.0,10401.0,36409.0
416,0.0,0.0,0.0,3000.0,540.0,1900.0,21766.0,22122.0,2800.0,122698.0,9197.0,10401.0,36409.0
417,386949.0,248459.0,51731.0,3000.0,41860.0,28172.0,21766.0,5000.0,14078.0,122698.0,9197.0,10401.0,36409.0
419,386949.0,248459.0,51731.0,57946.0,41860.0,28172.0,21766.0,22122.0,14078.0,0.0,9197.0,10401.0,36409.0
420,386949.0,334690.0,73535.0,52693.0,7326.0,11158.0,76232.0,27241.0,4720.0,66521.0,9197.0,10401.0,1050.0
422,145000.0,149334.0,72362.0,34000.0,2131.0,9000.0,92635.0,95364.0,4739.0,11157.0,5271.0,10401.0,36409.0
423,542600.0,289368.0,29292.0,56916.0,27940.0,72120.0,28075.0,2518.0,7205.0,2790.0,16200.0,0.0,0.0
424,386949.0,0.0,5000.0,12500.0,7000.0,500.0,21766.0,1000.0,14078.0,2000.0,9197.0,10401.0,50000.0
425,77939.92,48040.79,16368.95,48000.0,4613.49,14174.67,18936.72,30759.11,5777.35,12137.84,0.0,0.0,10409.0
426,386949.0,1783016.0,29936.0,167399.0,162255.0,72424.0,1387.0,47390.0,3226.0,23587.0,0.0,0.0,0.0
427,420000.0,76721.0,81924.0,26629.0,4600.0,6447.0,13873.0,1224.0,75701.0,17000.0,1101.0,55.0,36409.0
429,386949.0,92300.0,81924.0,26629.0,4600.0,6447.0,13873.0,3100.0,2500.0,17000.0,1101.0,55.0,4500.0
431,0.0,160000.0,12000.0,84000.0,41860.0,28172.0,26000.0,5000.0,14078.0,122698.0,9197.0,10401.0,36409.0
432,140800.0,75200.0,13450.0,82000.0,4500.0,11000.0,2500.0,25500.0,14078.0,12800.0,9197.0,10401.0,24300.0
433,70000.0,87800.0,17716.71,27122.77,8743.0,7013.75,4172.01,4587.46,32917.84,2562.0,0.0,0.0,0.0
434,83000.0,87800.0,17716.71,27122.77,8743.0,7013.75,4172.01,4587.46,32917.84,2562.0,0.0,0.0,0.0
435,386949.0,19000.0,2400.0,8340.0,3780.0,1500.0,21766.0,4000.0,450.0,122698.0,9197.0,10401.0,36409.0
437,386949.0,26000.0,9500.0,14000.0,1200.0,2500.0,2600.0,700.0,1100.0,1700.0,0.0,0.0,9400.0
439,1106000.0,483000.0,57000.0,220000.0,375000.0,520000.0,15000.0,34000.0,75000.0,62000.0,9197.0,10401.0,108000.0
440,0.0,7519.0,11987.0,49080.0,3676.0,650.0,0.0,13737.0,1845.0,25905.0,0.0,0.0,153.0
442,386949.0,248459.0,51731.0,57946.0,41860.0,28172.0,21766.0,22122.0,14078.0,12000.0,9197.0,10401.0,36409.0
443,386949.0,57000.0,51731.0,6000.0,41860.0,28172.0,21766.0,22122.0,14078.0,13000.0,9197.0,10401.0,36409.0
444,60000.0,85000.0,95000.0,54000.0,24000.0,11000.0,13000.0,10000.0,0.0,0.0,0.0,0.0,2400.0
446,5169000.0,248459.0,267000.0,635000.0,475000.0,235000.0,181000.0,210000.0,132000.0,820000.0,0.0,0.0,0.0
447,600000.0,200000.0,10000.0,50000.0,10000.0,50000.0,10000.0,10000.0,50000.0,122698.0,10000.0,10000.0,100000.0
448,0.0,0.0,51731.0,0.0,3000.0,400.0,500.0,100.0,1800.0,500.0,0.0,0.0,36409.0
449,386949.0,100000.0,15000.0,32000.0,15000.0,5000.0,25000.0,15000.0,10000.0,170000.0,9197.0,10401.0,36409.0
450,60500.0,248459.0,12350.0,37080.0,8800.0,3500.0,3000.0,3250.0,4800.0,55250.0,9197.0,10401.0,35000.0
451,386949.0,50000.0,11576.0,16438.0,12530.0,2500.0,2500.0,12000.0,3000.0,23446.0,9197.0,10401.0,36409.0
452,4544000.0,670000.0,7500.0,20549.0,295000.0,33000.0,9000.0,14300.0,62000.0,12800.0,255.0,0.0,36409.0
453,4250000.0,670000.0,7500.0,20549.0,295000.0,33000.0,9000.0,14300.0,62000.0,12800.0,255.0,0.0,36409.0
454,386949.0,124.0,1148.0,57946.0,17610.0,9099.0,1917.0,5519.0,11237.0,80947.0,9197.0,10401.0,36409.0
455,50000.0,25000.0,12000.0,1000.0,1250.0,500.0,1500.0,1000.0,4000.0,12000.0,5000.0,6000.0,85000.0
457,386949.0,50000.0,150000.0,60000.0,5000.0,5000.0,25000.0,10000.0,14078.0,122698.0,9197.0,10401.0,36409.0
458,386949.0,275000.0,32700.0,81100.0,45000.0,43500.0,45500.0,21500.0,19000.0,122698.0,15900.0,10401.0,69600.0
459,12000.0,70000.0,24000.0,30000.0,12000.0,12000.0,6000.0,0.0,6000.0,0.0,0.0,0.0,120000.0
460,40000.0,248459.0,20000.0,15000.0,25000.0,5000.0,15000.0,10000.0,3000.0,122698.0,5000.0,10401.0,20000.0
461,0.0,0.0,51731.0,0.0,41860.0,0.0,0.0,22122.0,14078.0,0.0,9197.0,10401.0,36409.0
464,0.0,125000.0,121000.0,27922.0,17000.0,9500.0,29000.0,24500.0,4382.0,60253.0,9641.0,0.0,17356.0
465,135000.0,350000.0,400000.0,75000.0,41860.0,28172.0,21766.0,22122.0,14078.0,275000.0,9197.0,10401.0,36409.0
466,120000.0,35000.0,5000.0,10000.0,15000.0,1200.0,6000.0,1000.0,1000.0,100000.0,9197.0,10401.0,36409.0
467,671339.0,386158.0,37144.0,228943.0,83861.0,334367.0,31406.0,78692.0,5608.0,122698.0,9133.0,23144.0,134028.0
469,386949.0,47000.0,51731.0,12000.0,10000.0,2400.0,15600.0,22122.0,14078.0,8000.0,9197.0,10401.0,36409.0
470,70000.0,70000.0,51731.0,57946.0,41860.0,28172.0,21766.0,22122.0,14078.0,122698.0,9197.0,10401.0,36409.0
474,386949.0,140000.0,32000.0,24000.0,37000.0,2400.0,10000.0,22122.0,14078.0,122698.0,9197.0,10401.0,110000.0
475,386949.0,140000.0,32000.0,24000.0,37000.0,2400.0,10000.0,22122.0,14078.0,122698.0,9197.0,10401.0,110000.0
476,386949.0,71783.64,33118.89,23000.0,4266.0,1500.0,2000.0,22122.0,14078.0,122698.0,9197.0,10401.0,36409.0
477,386949.0,115000.0,24000.0,12000.0,3500.0,7500.0,21766.0,75000.0,6500.0,122698.0,9197.0,10401.0,105000.0
478,20000.0,248459.0,1000.0,57946.0,19000.0,28172.0,10000.0,22122.0,14078.0,122698.0,9197.0,10401.0,200000.0
479,386949.0,20000.0,51731.0,57946.0,19000.0,2000.0,10000.0,22122.0,4000.0,122698.0,9197.0,10401.0,220000.0
480,0.0,95000.0,24000.0,48000.0,9000.0,2000.0,10000.0,3000.0,14078.0,15000.0,9197.0,10401.0,36409.0
481,335000.0,80000.0,100000.0,84000.0,15000.0,5000.0,24000.0,10000.0,14078.0,240000.0,9197.0,10401.0,36409.0
482,245000.0,700000.0,60000.0,170000.0,150000.0,73000.0,70000.0,10000.0,18000.0,140000.0,14000.0,0.0,23000.0
483,731030.0,489313.0,94560.0,102878.0,90750.0,47807.0,48966.0,15464.0,17000.0,42580.0,0.0,0.0,100476.0
484,542584.0,165464.0,49038.0,99663.0,50860.0,67232.0,19615.0,93518.0,14078.0,313404.0,9197.0,10401.0,36409.0
485,386949.0,65000.0,10000.0,0.0,500.0,3500.0,10000.0,35000.0,2000.0,122698.0,0.0,0.0,80000.0
486,72395.0,61670.0,10000.0,31770.0,5000.0,1330.0,6000.0,7500.0,18328.0,84500.0,8735.0,10401.0,36409.0
487,125000.0,100000.0,240000.0,120000.0,41860.0,28172.0,21766.0,22122.0,14078.0,122698.0,9197.0,10401.0,36409.0
488,48000.0,98000.0,4000.0,12700.0,24000.0,4000.0,24000.0,24000.0,1000.0,25000.0,9197.0,10401.0,36409.0
489,386949.0,65000.0,12000.0,19200.0,5000.0,6000.0,5000.0,5000.0,5000.0,122698.0,9197.0,10401.0,162800.0
490,0.0,0.0,2000.0,12500.0,8300.0,1200.0,2500.0,1200.0,8400.0,19000.0,9197.0,10401.0,36409.0
491,350000.0,115000.0,25000.0,250000.0,50000.0,10000.0,300000.0,20000.0,5000.0,500000.0,9197.0,10401.0,36409.0
492,0.0,0.0,0.0,0.0,0.0,0.0,0.0,0.0,0.0,0.0,0.0,0.0,0.0
494,386949.0,165000.0,500.0,3200.0,500.0,1000.0,10000.0,5000.0,1500.0,122698.0,9197.0,10401.0,175000.0
495,300000.0,120000.0,36000.0,110000.0,0.0,2000.0,1000.0,20000.0,4000.0,122698.0,0.0,0.0,40000.0
496,386949.0,0.0,0.0,6000.0,3900.0,0.0,4800.0,8300.0,0.0,122698.0,0.0,0.0,110220.0
497,24000.0,248459.0,12000.0,57946.0,2000.0,500.0,21766.0,22122.0,0.0,122698.0,9197.0,10401.0,36409.0
498,4000.0,198525.0,7964.0,66050.0,22355.0,23500.0,67210.0,72750.0,3281.0,122698.0,20265.0,10401.0,36409.0
499,386949.0,248459.0,5000.0,57946.0,7000.0,1000.0,5000.0,2000.0,300.0,122698.0,9197.0,10401.0,30000.0
500,38000.0,248459.0,2500.0,12000.0,23000.0,2500.0,1000.0,3000.0,3200.0,122698.0,9197.0,10401.0,11000.0
501,450000.0,300000.0,200000.0,85000.0,200000.0,30000.0,12000.0,12000.0,18000.0,122698.0,0.0,0.0,36409.0
502,70000.0,248459.0,1000.0,15000.0,5000.0,2000.0,1000.0,3000.0,14078.0,122698.0,9197.0,10401.0,36409.0
504,386949.0,0.0,5810.0,57946.0,595.0,2000.0,21766.0,3332.0,14078.0,17539.0,9197.0,10401.0,36409.0
505,386949.0,29741.0,6235.0,57946.0,41860.0,1975.0,21766.0,1527.0,14078.0,122698.0,9197.0,10401.0,36409.0
506,14000.0,41000.0,3200.0,26676.0,8712.0,560.0,1560.0,22122.0,9212.0,24800.0,9197.0,10401.0,36409.0
508,192000.0,167000.0,62380.0,57946.0,41860.0,18000.0,25000.0,15000.0,17300.0,79956.0,9197.0,10401.0,4000.0
510,1300000.0,200000.0,51731.0,60000.0,100000.0,20000.0,21766.0,22122.0,14078.0,122698.0,9197.0,10401.0,36409.0
511,386949.0,470194.0,24810.35,47683.62,31717.31,116783.6,107180.43,95309.09,18097.18,9050.0,9197.0,10401.0,12989.93
512,1000.0,1000.0,500.0,500.0,200.0,100.0,200.0,200.0,200.0,200.0,200.0,200.0,1000.0
513,1600000.0,248459.0,51731.0,182000.0,112000.0,28172.0,21766.0,350000.0,172000.0,220000.0,0.0,0.0,36409.0
514,279959.0,248459.0,47695.0,50520.0,12296.0,17689.0,23957.0,39451.0,4072.0,35227.0,9197.0,10401.0,37850.0
515,386949.0,7000.0,2000.0,15000.0,8000.0,1000.0,3000.0,2400.0,1800.0,122698.0,9197.0,10401.0,36409.0
517,106545.0,248459.0,91693.0,27600.0,15538.0,40425.0,15542.0,22122.0,956.0,240.0,9197.0,10401.0,20206.0
519,900000.0,300000.0,100000.0,120000.0,200000.0,80000.0,50000.0,50000.0,100000.0,122698.0,9197.0,10401.0,40000.0
520,120000.0,0.0,6000.0,15600.0,45000.0,7000.0,4000.0,3600.0,5000.0,15000.0,1000.0,0.0,700.0
521,110000.0,0.0,6000.0,15600.0,45000.0,7000.0,4000.0,3600.0,5000.0,15000.0,1000.0,0.0,700.0
523,55000.0,5000.0,5000.0,6000.0,1500.0,3000.0,5000.0,5000.0,2500.0,5000.0,9197.0,10401.0,36409.0
524,386949.0,575682.0,76439.0,67283.0,123069.0,33661.0,244514.0,21109.0,14579.0,122698.0,9197.0,10401.0,2363.0
525,50000.0,50000.0,51731.0,25000.0,15000.0,28172.0,20000.0,22122.0,14078.0,122698.0,9197.0,10401.0,36409.0
526,386949.0,75000.0,10000.0,48000.0,41860.0,28172.0,21766.0,22122.0,14078.0,122698.0,9197.0,10401.0,4600.0
527,386949.0,75000.0,10000.0,48000.0,41860.0,28172.0,7500.0,22122.0,14078.0,122698.0,9197.0,10401.0,4600.0
528,386949.0,260000.0,10000.0,60000.0,10000.0,28172.0,21766.0,10000.0,1000.0,122698.0,9197.0,10401.0,760000.0
529,0.0,72000.0,6000.0,10000.0,2000.0,2000.0,6000.0,2000.0,0.0,100000.0,0.0,0.0,25000.0
530,0.0,72000.0,6000.0,10000.0,2000.0,2000.0,6000.0,2000.0,0.0,100000.0,0.0,0.0,25000.0
531,0.0,6000.0,2400.0,3000.0,12000.0,2000.0,2000.0,8400.0,300.0,122698.0,9197.0,10401.0,7776.0
534,0.0,125000.0,5000.0,40000.0,41860.0,28172.0,21766.0,10000.0,14078.0,122698.0,9197.0,10401.0,36409.0
536,180000.0,105000.0,150000.0,30000.0,2000.0,1200.0,2000.0,5000.0,5000.0,48000.0,9197.0,10401.0,36409.0
537,85028.0,0.0,119602.0,21600.0,6734.0,28172.0,8983.0,4415.0,14078.0,4419.0,9197.0,10401.0,36409.0
538,300000.0,125000.0,20000.0,72000.0,30000.0,10000.0,5000.0,5000.0,14078.0,122698.0,9197.0,10401.0,36409.0
539,386949.0,248459.0,51731.0,57946.0,41860.0,28172.0,21766.0,22122.0,14078.0,50000.0,9197.0,10401.0,23400.0
540,386949.0,248459.0,12324.0,19200.0,3708.0,28172.0,21766.0,22122.0,2220.0,122698.0,9197.0,10401.0,15000.0
541,600600.0,213633.0,247795.0,31000.0,41860.0,57909.0,-23063.0,52000.0,14078.0,122698.0,9197.0,10401.0,6166.0
542,130740.48,264416.91,105854.31,46259.52,23852.72,50916.0,54799.7,40632.35,3063.38,39307.28,9223.1,0.0,0.0
543,386949.0,248459.0,37500.0,57946.0,41860.0,28172.0,21766.0,22122.0,14078.0,122698.0,9197.0,10401.0,36409.0
547,62660.0,248459.0,9600.0,9000.0,2500.0,2400.0,1200.0,6500.0,1500.0,122698.0,2500.0,10401.0,60000.0
548,552000.0,100000.0,24400.0,106000.0,175000.0,51200.0,82800.0,28239.0,143000.0,122698.0,9197.0,10401.0,36409.0
549,100000.0,50000.0,10000.0,10000.0,10000.0,10000.0,10000.0,5000.0,1000.0,122698.0,9197.0,10401.0,36409.0
550,0.0,0.0,0.0,0.0,3600.0,500.0,21766.0,22122.0,14078.0,20000.0,9197.0,10401.0,36409.0
553,386949.0,318000.0,21000.0,49000.0,21000.0,23700.0,14674.0,32826.0,72210.0,40562.0,9197.0,10401.0,148000.0
554,136037.0,0.0,10000.0,46500.0,15000.0,15500.0,10000.0,5000.0,10000.0,172000.0,0.0,0.0,42884.0
555,0.0,100000.0,15000.0,50000.0,25000.0,15000.0,5000.0,25000.0,14078.0,122698.0,9197.0,10401.0,36409.0
556,0.0,1274000.0,110000.0,110000.0,180000.0,18000.0,50000.0,40000.0,52000.0,4240000.0,9197.0,160000.0,66000.0
557,1100000.0,2000000.0,150000.0,412000.0,526000.0,178000.0,170000.0,22122.0,61000.0,122698.0,9197.0,10401.0,155000.0
558,186000.0,305000.0,51731.0,57946.0,41860.0,28172.0,21766.0,22122.0,14078.0,1543000.0,342000.0,10401.0,36409.0
559,495000.0,1500000.0,87000.0,400000.0,200000.0,182000.0,78000.0,139000.0,57000.0,122698.0,9197.0,10401.0,124000.0
560,46000.0,68000.0,40000.0,48000.0,46000.0,1800.0,40000.0,20000.0,15000.0,0.0,2000.0,0.0,300.0
561,116923.0,19935.0,27433.0,22882.0,7142.0,1600.0,2106.0,1770.0,9252.0,38009.0,1855.0,12292.0,36267.0
562,142747.0,28411.0,36258.0,22800.0,8429.0,7290.0,2106.0,1419.0,6203.0,243.0,0.0,0.0,0.0
563,0.0,25170.0,1463.0,13539.0,1482.0,545.0,0.0,450.0,2866.0,6200.0,0.0,0.0,1822.0
564,200000.0,248459.0,51731.0,25000.0,10000.0,10000.0,21766.0,22122.0,14078.0,122698.0,9197.0,10401.0,36409.0
566,386949.0,94985.0,77149.0,30425.0,2839.0,8275.0,2591.0,2839.0,6656.0,13558.0,9197.0,10401.0,1174.0
567,180000.0,248459.0,5000.0,75000.0,10000.0,15000.0,5000.0,10000.0,14078.0,122698.0,9197.0,10401.0,36409.0
569,386949.0,248459.0,2500.0,15000.0,41860.0,28172.0,2500.0,22122.0,14078.0,122698.0,9197.0,10401.0,36409.0
570,386949.0,288000.0,65000.0,68000.0,41860.0,28172.0,21766.0,22122.0,14078.0,559000.0,9197.0,10401.0,36409.0
571,386949.0,248459.0,12324.0,19200.0,2208.0,28172.0,21766.0,22122.0,2220.0,122698.0,9197.0,10401.0,15000.0
573,2000000.0,850000.0,400000.0,336000.0,20000.0,60000.0,25000.0,40000.0,10000.0,750000.0,10000.0,10401.0,36409.0
575,386949.0,52344.0,15000.0,55314.0,19200.0,3600.0,21766.0,6000.0,1500.0,122698.0,9197.0,10401.0,36409.0
576,1093629.0,2180181.0,181040.0,376301.0,422611.0,14879.0,13000.0,28612.0,11898.0,773858.0,6540.0,383134.0,1600.0
577,1093629.0,2180181.0,181040.0,376301.0,422611.0,14879.0,13000.0,28612.0,11898.0,773858.0,6540.0,383134.0,1600.0
578,523757.0,174586.0,70745.0,117997.0,108604.0,65977.0,147929.0,214613.0,24046.0,125144.0,52881.0,0.0,5014.0
579,250000.0,248459.0,100000.0,60000.0,60000.0,30000.0,25000.0,30000.0,20000.0,122698.0,100000.0,10401.0,36409.0
580,0.0,12000.0,10000.0,9600.0,25000.0,0.0,10000.0,12000.0,1000.0,122698.0,0.0,0.0,130000.0
581,60331.0,248459.0,10887.0,32187.0,25038.0,88403.0,3516.0,2342.0,21356.0,5815.0,9070.0,9298.0,36409.0
582,126280.65,248459.0,23217.31,81741.18,58612.61,212303.87,14370.95,11019.66,21361.0,19302.06,14365.44,12524.64,696.33
584,0.0,127240.0,14800.0,28428.0,34729.0,168000.0,15000.0,12000.0,9000.0,6000.0,9197.0,10401.0,36409.0
587,160000.0,26000.0,50000.0,29000.0,16600.0,2500.0,0.0,40000.0,6775.0,43000.0,9197.0,10401.0,36409.0
592,386949.0,356290.78,27998.39,83326.42,196398.13,62192.48,16508.62,26821.02,24635.55,8073.84,11044.94,10401.0,285.0
593,386949.0,480139.78,31878.4,85421.35,148571.06,131306.48,10973.55,67557.58,25146.88,73871.41,15949.95,10401.0,184.54
594,386949.0,164050.6,20125.45,36103.8,24768.06,6742.36,14388.32,11501.02,5696.8,86093.49,9739.16,10401.0,1014.0
595,823930.86,7856.62,28445.93,171467.11,63461.15,8116.8,46050.86,42513.81,88866.95,70831.02,47210.0,10401.0,141497.24
596,307582.56,442066.32,28445.93,165094.2,65819.5,8116.8,46050.86,42513.81,88866.95,70831.02,47210.0,10401.0,141497.24
597,386949.0,91002.0,34036.0,22529.0,51900.0,13131.0,26114.0,16776.0,1788.0,8800.0,18050.0,10401.0,8616.0
598,125000.0,50000.0,51731.0,43000.0,6000.0,6000.0,11000.0,10000.0,14078.0,122698.0,9197.0,10401.0,36409.0
599,125000.0,50000.0,51731.0,43000.0,6000.0,6000.0,11000.0,10000.0,14078.0,122698.0,9197.0,10401.0,36409.0
601,0.0,0.0,5000.0,0.0,5000.0,0.0,1500.0,0.0,5000.0,28000.0,2000.0,0.0,5000.0
602,0.0,0.0,0.0,0.0,0.0,0.0,0.0,0.0,0.0,122698.0,0.0,0.0,0.0
603,386949.0,248459.0,6000.0,57946.0,2000.0,28172.0,21766.0,2000.0,14078.0,122698.0,9197.0,10401.0,36409.0
604,210000.0,50000.0,15000.0,41000.0,4000.0,20000.0,7000.0,20000.0,3000.0,122698.0,9197.0,10401.0,36409.0
605,0.0,68000.0,12000.0,18000.0,5000.0,4000.0,12000.0,18000.0,2000.0,122698.0,9197.0,10401.0,144000.0
606,0.0,35600.0,11700.0,57946.0,4600.0,3400.0,21766.0,3000.0,6300.0,122698.0,9197.0,5200.0,12000.0
607,386949.0,40000.0,10000.0,8000.0,5000.0,5000.0,5000.0,2000.0,14078.0,122698.0,9197.0,10401.0,36409.0
608,50000.0,3700.0,2661.0,15600.0,4765.0,250.0,3623.0,1000.0,532.0,122698.0,0.0,0.0,8900.0
609,50000.0,3700.0,2661.0,15600.0,4765.0,250.0,3623.0,1000.0,532.0,122698.0,0.0,0.0,8900.0
610,50000.0,3700.0,2661.0,15600.0,4765.0,250.0,3623.0,1000.0,532.0,122698.0,0.0,0.0,8900.0
611,0.0,50000.0,10000.0,30000.0,8000.0,10000.0,10000.0,3000.0,10000.0,122698.0,9197.0,10401.0,12500.0
613,386949.0,100000.0,20000.0,18000.0,15000.0,3000.0,5000.0,25000.0,2000.0,122698.0,9197.0,10401.0,125000.0
614,386949.0,190000.0,73000.0,35000.0,11000.0,3000.0,10000.0,8000.0,500.0,50000.0,9197.0,10401.0,3000.0
615,386949.0,190000.0,73000.0,35000.0,11000.0,3000.0,10000.0,8000.0,500.0,122698.0,9197.0,10401.0,3000.0
616,0.0,0.0,0.0,0.0,0.0,1000.0,21766.0,500.0,1500.0,0.0,9197.0,10401.0,36409.0
617,0.0,0.0,500.0,57946.0,2000.0,750.0,1000.0,1000.0,2400.0,0.0,9197.0,10401.0,1200.0
618,386949.0,1000.0,2400.0,20000.0,12000.0,800.0,1000.0,1000.0,4500.0,122698.0,9197.0,10401.0,3600.0
620,0.0,44253.0,90000.0,12000.0,10000.0,2500.0,20000.0,5000.0,4467.0,50000.0,9197.0,10401.0,23000.0
621,0.0,44253.0,90000.0,12000.0,10000.0,2500.0,20000.0,5000.0,4467.0,50000.0,9197.0,10401.0,23000.0
622,386949.0,248459.0,51731.0,57946.0,41860.0,28172.0,21766.0,22122.0,14078.0,27484.23,9197.0,10401.0,36409.0
624,40000.0,248459.0,20000.0,40000.0,41860.0,28172.0,21766.0,22122.0,14078.0,122698.0,9197.0,10401.0,36409.0
625,60000.0,358000.0,32000.0,60000.0,15000.0,6000.0,40000.0,21000.0,26000.0,45000.0,9197.0,10401.0,36409.0
628,386949.0,40000.0,10000.0,13920.0,11840.0,1847.0,4000.0,10000.0,368.0,122698.0,9197.0,10401.0,36409.0
629,386949.0,40000.0,3139.0,13920.0,8583.0,4065.0,4000.0,4351.0,4411.0,3300.0,9197.0,10401.0,36409.0
630,386949.0,248459.0,51731.0,24000.0,41860.0,28172.0,21766.0,0.0,14078.0,0.0,9197.0,10401.0,0.0
631,386949.0,37000.0,5000.0,20000.0,1000.0,4000.0,2000.0,3000.0,2000.0,122698.0,9197.0,10401.0,159000.0
632,0.0,108261.2,8028.97,23248.2,1996.45,4387.0,485.0,4105.22,1543.83,16680.43,9197.0,10401.0,4873.15
633,0.0,108261.2,8028.97,23248.2,1996.45,4387.0,485.0,4105.22,1543.83,16680.43,9197.0,10401.0,4873.15
634,386949.0,248459.0,6000.0,6000.0,3000.0,28172.0,21766.0,6000.0,3000.0,122698.0,9197.0,10401.0,3000.0
635,42000.0,48984.0,2000.0,72828.0,2000.0,1200.0,21766.0,5000.0,2400.0,73152.0,9197.0,10401.0,75000.0
636,386949.0,50000.0,51731.0,5000.0,41860.0,2000.0,2000.0,8000.0,2000.0,122698.0,9197.0,10401.0,5000.0
637,0.0,20000.0,10000.0,19200.0,5000.0,1000.0,2000.0,2000.0,5000.0,0.0,0.0,0.0,20000.0
638,152040.0,119046.0,42426.0,85660.0,36284.0,13167.0,18615.0,12913.0,9092.0,25088.0,5622.0,0.0,15921.0
639,386949.0,300000.0,18000.0,130000.0,5000.0,20000.0,3000.0,8000.0,10000.0,122698.0,0.0,10401.0,100000.0
640,386949.0,85155.0,8450.0,14779.0,10347.0,28172.0,2301.0,13530.0,2032.0,51000.0,9197.0,10401.0,36409.0
643,386949.0,57300.0,3951.0,19735.0,1965.0,4556.0,2720.0,11854.0,793.0,122698.0,914.0,625.0,4767.0
645,300000.0,125000.0,10000.0,30000.0,6000.0,3000.0,25000.0,10000.0,3000.0,10000.0,9197.0,10401.0,36409.0
646,150000.0,150000.0,3700.0,46000.0,26000.0,2000.0,3000.0,4500.0,1300.0,30000.0,46000.0,10401.0,33000.0
647,386949.0,70000.0,50000.0,54000.0,10000.0,10000.0,15000.0,24000.0,5000.0,122698.0,9197.0,10401.0,36409.0
648,73600.0,50000.0,8500.0,26000.0,6500.0,1500.0,2750.0,1500.0,750.0,2500.0,13500.0,14800.0,7500.0
649,73600.0,50000.0,8500.0,26000.0,6500.0,1500.0,2750.0,1500.0,750.0,2500.0,13500.0,14800.0,7500.0
650,386949.0,248459.0,51731.0,57946.0,41860.0,28172.0,21766.0,22122.0,14078.0,384000.0,9197.0,10401.0,36409.0
651,386949.0,248459.0,51731.0,57946.0,41860.0,28172.0,21766.0,22122.0,14078.0,384000.0,9197.0,10401.0,36409.0
652,386949.0,98900.0,1508.0,22800.0,2552.0,1476.0,1000.0,415.0,6380.0,5216.0,9197.0,10401.0,7480.0
653,386949.0,5000.0,2000.0,7200.0,8300.0,3000.0,1000.0,4000.0,14078.0,4000.0,9197.0,10401.0,36409.0
654,386949.0,24000.0,3300.0,14400.0,9500.0,28172.0,21766.0,22122.0,14078.0,122698.0,9197.0,10401.0,36409.0
655,386949.0,24000.0,3300.0,14400.0,9500.0,28172.0,21766.0,22122.0,14078.0,122698.0,9197.0,10401.0,36409.0
656,386949.0,248459.0,6000.0,11000.0,6000.0,28172.0,21766.0,22122.0,14078.0,122698.0,9197.0,10401.0,36409.0
657,386949.0,248459.0,6000.0,11000.0,6000.0,28172.0,21766.0,22122.0,14078.0,122698.0,9197.0,10401.0,36409.0
659,0.0,35000.0,51731.0,10000.0,41860.0,28172.0,21766.0,22122.0,14078.0,122698.0,9197.0,10401.0,36409.0
660,65000.0,35000.0,10000.0,15600.0,2500.0,2600.0,5000.0,3500.0,2400.0,122698.0,0.0,10401.0,30000.0
663,386949.0,36214.0,23933.0,29454.0,41860.0,450.0,3466.0,14882.0,5479.0,15137.0,6490.0,10401.0,10092.0
664,0.0,0.0,51731.0,57946.0,41860.0,28172.0,21766.0,22122.0,14078.0,122698.0,9197.0,10401.0,36409.0
665,163000.0,138000.0,112000.0,49800.0,41860.0,800.0,700.0,1100.0,1200.0,122698.0,9197.0,10401.0,0.0
666,100000.0,248459.0,20000.0,57946.0,41860.0,28172.0,21766.0,22122.0,14078.0,122698.0,9197.0,10401.0,36409.0
667,12000.0,12000.0,2000.0,11000.0,1000.0,1000.0,1000.0,2000.0,500.0,122698.0,0.0,0.0,0.0
668,0.0,0.0,70000.0,0.0,6000.0,0.0,4000.0,2000.0,2500.0,42500.0,0.0,0.0,129000.0
669,0.0,100000.0,20000.0,10000.0,10000.0,10000.0,20000.0,10000.0,14078.0,20000.0,9197.0,10401.0,36409.0
670,0.0,54000.0,25000.0,0.0,5000.0,3000.0,0.0,15000.0,3000.0,0.0,0.0,0.0,135000.0
672,386949.0,26828.0,4738.0,17004.0,1645.0,2288.0,5000.0,3000.0,1051.0,8400.0,9197.0,10401.0,36409.0
673,386949.0,0.0,0.0,0.0,0.0,0.0,0.0,22122.0,0.0,122698.0,9197.0,10401.0,0.0
674,386949.0,69000.0,5000.0,12000.0,8000.0,28172.0,10000.0,3000.0,14078.0,30000.0,9197.0,10401.0,36409.0
675,386949.0,248459.0,309940.0,57946.0,41860.0,28172.0,21766.0,22122.0,14078.0,122698.0,9197.0,10401.0,36409.0
677,0.0,0.0,7500.0,19700.0,3000.0,300.0,750.0,2500.0,250.0,20000.0,0.0,0.0,12500.0
678,20800.0,15000.0,24875.0,12175.0,2900.0,28172.0,7250.0,850.0,14078.0,122698.0,9197.0,10401.0,3000.0
679,0.0,27394.0,2247.0,7682.0,1000.0,4460.0,400.0,1000.0,4158.0,24737.0,8534.0,0.0,2458.0
680,0.0,130000.0,10000.0,36000.0,2000.0,2000.0,15000.0,20000.0,2000.0,0.0,0.0,0.0,2000.0
681,386949.0,176538.0,0.0,0.0,0.0,0.0,0.0,0.0,0.0,266537.0,0.0,10401.0,0.0
682,386949.0,919809.0,0.0,0.0,0.0,0.0,0.0,0.0,0.0,702890.0,9197.0,10401.0,0.0
683,340134.0,93800.44,15092.61,13650.0,17106.71,7468.05,19047.67,7946.31,1056.55,9333.19,1544.0,10401.0,200.0
684,387087.46,96820.4,19939.39,12350.0,7860.43,6304.0,16590.94,4708.12,1436.54,11789.58,1544.0,10401.0,200.0
685,386949.0,80127.11,24450.27,0.0,2044.56,2519.0,8074.23,7246.09,6851.83,122698.0,9197.0,10401.0,5771.29
686,0.0,175453.0,15420.0,50520.0,18873.0,31973.0,13892.0,15121.0,9987.0,164592.74,0.0,0.0,980.87
687,0.0,175453.0,15420.0,50520.0,18873.0,31973.0,13892.0,15121.0,9987.0,164592.74,0.0,0.0,980.87
688,67760.0,58211.0,54748.0,36258.0,41860.0,28172.0,2000.0,62045.0,14078.0,122698.0,0.0,0.0,36409.0
691,0.0,0.0,0.0,0.0,900.0,5378.0,0.0,0.0,0.0,0.0,0.0,0.0,0.0
695,54000.0,86000.0,17000.0,67200.0,6500.0,28172.0,21766.0,27000.0,7920.0,122698.0,9197.0,10401.0,145000.0
696,230000.0,310000.0,5000.0,60000.0,10000.0,3000.0,20000.0,5000.0,2000.0,50000.0,9197.0,10401.0,36409.0
697,386949.0,8000.0,2000.0,24000.0,0.0,1000.0,8000.0,3000.0,0.0,122698.0,0.0,0.0,4000.0
698,0.0,8500.0,51731.0,57946.0,1000.0,500.0,21766.0,4000.0,550.0,240000.0,9197.0,10401.0,200000.0
699,386949.0,100000.0,55000.0,57946.0,10000.0,5000.0,21766.0,22122.0,2500.0,25000.0,9197.0,10401.0,36409.0
700,0.0,150000.0,51731.0,30000.0,2000.0,2000.0,21766.0,20000.0,5000.0,57000.0,9197.0,10401.0,36409.0
701,386949.0,248459.0,51731.0,11250.0,4995.0,2350.0,5103.0,14725.0,1950.0,3950.0,13787.0,10401.0,36409.0
702,74500.0,31500.0,14000.0,13500.0,41860.0,1500.0,4500.0,5500.0,500.0,122698.0,9197.0,10401.0,36409.0
703,74500.0,31500.0,14000.0,13500.0,41860.0,1500.0,4500.0,5500.0,500.0,122698.0,9197.0,10401.0,36409.0
704,175382.0,248459.0,51731.0,74466.0,3000.0,6500.0,48600.0,2000.0,3500.0,122698.0,1400.0,761.0,36409.0
705,386949.0,248459.0,51731.0,57946.0,0.0,0.0,0.0,22122.0,14078.0,130000.0,9197.0,10401.0,0.0
706,386949.0,180492.0,2858.0,32571.0,14844.0,2930.0,10300.0,6789.0,1625.0,240400.0,14585.0,10401.0,5942.0
709,0.0,0.0,36000.0,0.0,0.0,0.0,0.0,0.0,0.0,0.0,0.0,0.0,0.0
710,386949.0,60967.71,2291.68,25200.0,5676.71,10601.79,20020.33,46375.8,1014.34,2102.85,9197.0,10401.0,13637.37
711,0.0,25000.0,3500.0,18000.0,6000.0,1000.0,21766.0,1500.0,3000.0,122698.0,9197.0,10401.0,36409.0
712,80000.0,15600.0,51731.0,0.0,41860.0,28172.0,21766.0,22122.0,14078.0,122698.0,9197.0,10401.0,36409.0
713,386949.0,35000.0,10171.0,25000.0,10000.0,7500.0,75000.0,8400.0,37000.0,122698.0,9197.0,10401.0,0.0
714,125000.0,154054.0,45334.0,43388.0,23372.0,24721.0,2209.0,13767.0,1186.0,0.0,0.0,0.0,0.0
715,81007.0,0.0,40000.0,24000.0,3500.0,5000.0,2500.0,5000.0,5000.0,5000.0,120.0,10401.0,18500.0
716,81007.0,0.0,40000.0,24000.0,3500.0,5000.0,2500.0,5000.0,5000.0,5000.0,120.0,10401.0,18500.0
717,66667.01,100579.5,19553.91,32159.45,0.0,15.0,6744.58,36730.69,7868.11,275.0,0.0,0.0,0.0
718,0.0,248459.0,110000.0,0.0,0.0,0.0,0.0,2000.0,4000.0,0.0,0.0,0.0,10000.0
720,507111.0,395415.0,4943.0,96000.0,111473.0,95294.0,37133.0,39592.0,34216.0,292424.0,9197.0,10401.0,74340.0
721,386949.0,20182.0,26661.0,18000.0,515.0,3226.0,21937.0,4947.0,1522.0,122698.0,9197.0,10401.0,7065.0
722,90000.0,12000.0,15000.0,35000.0,3000.0,2500.0,10000.0,10000.0,1200.0,122698.0,5000.0,10401.0,36409.0
723,386949.0,54000.0,1900.0,2528.0,6700.0,28172.0,7500.0,9964.0,5600.0,122698.0,6136.0,10401.0,6500.0
724,386949.0,160000.0,27000.0,31000.0,12000.0,13000.0,46000.0,12000.0,1000.0,122698.0,9197.0,10401.0,12000.0
728,0.0,50000.0,96000.0,22800.0,15221.0,10000.0,420.0,1000.0,0.0,0.0,0.0,0.0,100000.0
729,0.0,40000.0,10000.0,10000.0,500.0,1000.0,0.0,22122.0,14078.0,122698.0,9197.0,10401.0,36409.0
730,386949.0,34814.48,1688.6,18209.04,41860.0,2816.92,1253.22,1257.87,6128.2,9848.81,9197.0,10401.0,3904.13
731,386949.0,42400.0,1688.6,18209.04,41860.0,2816.92,1253.22,1257.87,6128.2,9848.81,9197.0,10401.0,3904.13
733,386949.0,234000.0,33935.0,68545.0,72245.0,4000.0,30700.0,7008.0,26131.0,318885.0,0.0,0.0,4152.0
734,386949.0,234000.0,33935.0,68545.0,72245.0,4000.0,30700.0,7008.0,26131.0,318885.0,0.0,0.0,4152.0
735,285000.0,248459.0,51731.0,57946.0,41860.0,28172.0,21766.0,22122.0,14078.0,122698.0,9197.0,10401.0,36409.0
736,386949.0,264703.0,51731.0,57946.0,41860.0,28172.0,21766.0,22122.0,14078.0,200000.0,9197.0,10401.0,36409.0
737,25896.0,3278.0,5633.0,2190.0,10017.0,2040.0,8359.0,11369.0,4250.0,18034.0,9197.0,10401.0,1437.53
738,25896.0,3278.0,5633.0,2190.0,10017.0,2040.0,8359.0,11369.0,4250.0,18034.0,9197.0,10401.0,1437.53
739,249000.0,100000.0,10000.0,30000.0,1140.0,2000.0,6000.0,6000.0,2000.0,122698.0,9197.0,10401.0,176694.72
741,60000.0,248459.0,4000.0,36000.0,2000.0,28172.0,21766.0,22122.0,3000.0,122698.0,9197.0,10401.0,36409.0
742,54125.0,44265.0,69530.0,109335.0,800.0,3553.0,5869.0,40973.0,20650.0,15627.0,9197.0,10401.0,11367.0
743,386949.0,248459.0,51731.0,18000.0,9000.0,28172.0,21766.0,22122.0,14078.0,96083.0,9197.0,10401.0,36409.0
744,386949.0,248459.0,51731.0,18000.0,9000.0,28172.0,21766.0,22122.0,14078.0,96083.0,9197.0,10401.0,36409.0
745,0.0,48000.0,36000.0,30600.0,12000.0,3500.0,3000.0,5000.0,5500.0,122698.0,9197.0,10401.0,36409.0
746,0.0,48000.0,13000.0,30600.0,12000.0,3500.0,3000.0,5000.0,5500.0,120000.0,9197.0,10401.0,36409.0
751,131320.8,248459.0,50671.95,46800.0,14623.78,9969.73,3060.44,15512.18,12390.28,19062.09,9197.0,10401.0,22029.12
752,0.0,0.0,0.0,0.0,0.0,0.0,0.0,0.0,2889.0,0.0,0.0,0.0,31262.0
753,0.0,0.0,0.0,0.0,0.0,0.0,0.0,0.0,2889.0,40000.0,0.0,0.0,31262.0
754,0.0,0.0,0.0,0.0,0.0,0.0,0.0,0.0,0.0,0.0,0.0,0.0,0.0
755,25000.0,248459.0,5000.0,12000.0,3600.0,4000.0,21766.0,2500.0,500.0,4000.0,9197.0,10401.0,500.0
756,386949.0,60000.0,20000.0,30000.0,8000.0,2000.0,4000.0,4000.0,5000.0,122698.0,9197.0,10401.0,75000.0
757,386949.0,60000.0,3000.0,36000.0,15000.0,2000.0,1500.0,5000.0,2000.0,122698.0,9197.0,10401.0,36409.0
758,386949.0,60000.0,3000.0,36000.0,15000.0,2000.0,1500.0,5000.0,2000.0,122698.0,9197.0,10401.0,36409.0
759,0.0,29225.0,1385.0,34650.0,1595.0,5742.0,755.0,7951.0,948.0,122698.0,9197.0,10401.0,13304.0
760,386949.0,245000.0,136000.0,88000.0,49202.0,9181.0,55430.0,38571.0,1541.0,474000.0,9197.0,10401.0,36409.0
761,386949.0,40000.0,2375.0,9600.0,733.0,3081.0,1870.0,12612.0,1696.0,1596.0,632.0,10401.0,16353.0
762,386949.0,110000.0,7600.0,900.0,7500.0,1500.0,8019.0,24000.0,287.0,122698.0,9197.0,10401.0,36409.0
763,386949.0,248459.0,51731.0,13200.0,41860.0,28172.0,21766.0,22122.0,14078.0,122698.0,9197.0,10401.0,36409.0
764,0.0,0.0,51731.0,28800.0,4200.0,28172.0,3500.0,3000.0,14078.0,10500.0,9197.0,10401.0,36409.0
765,0.0,1100000.0,2400.0,200000.0,33420.0,20000.0,10000.0,10200.0,3600.0,122698.0,9197.0,10401.0,500000.0
766,121600.0,467383.0,81347.0,112764.0,38646.0,40125.0,100000.0,28827.0,41154.0,95697.0,15340.0,10401.0,9463.0
767,386949.0,248459.0,51731.0,12000.0,1620.0,28172.0,21766.0,3000.0,14078.0,122698.0,9197.0,10401.0,36409.0
768,131320.8,248459.0,50671.95,46800.0,14623.78,9969.73,3060.44,15512.18,12390.28,64000.0,9197.0,10401.0,22029.12
769,100000.0,248459.0,5000.0,50000.0,41860.0,28172.0,2500.0,3500.0,14078.0,122698.0,9197.0,10401.0,36409.0
770,588.0,248459.0,3602.0,15382.0,41860.0,28172.0,2971.0,22122.0,14078.0,122000.0,9197.0,10401.0,44000.0
772,190000.0,86500.0,67000.0,40140.0,11000.0,15000.0,27000.0,13000.0,15000.0,142228.0,4642.0,23709.0,37000.0
774,0.0,231545.0,84456.0,37000.0,98413.0,628985.0,264067.0,22122.0,12425.0,60000.0,0.0,0.0,0.0
775,0.0,272800.0,60000.0,24000.0,32000.0,20000.0,16000.0,16000.0,12425.0,122698.0,0.0,0.0,0.0
776,189220.0,85123.0,27003.0,80086.0,19444.0,2395.0,15332.0,5318.0,3657.0,16625.0,920.0,5464.0,47946.0
777,267000.0,94000.0,50000.0,48000.0,49000.0,5000.0,22000.0,7000.0,12000.0,10000.0,200.0,200.0,40000.0
778,0.0,0.0,0.0,0.0,0.0,0.0,0.0,0.0,0.0,122698.0,9197.0,10401.0,0.0
779,300000.0,300000.0,51731.0,57946.0,41860.0,28172.0,21766.0,22122.0,14078.0,500000.0,9197.0,10401.0,36409.0
