id,firmannualreportid,ispassive,isadvisor,age,ownershippercent,yearjoinedfirm
1,1,False,True,71.0,50.0,1986.0
2,1,False,True,69.0,50.0,1998.0
3,2,False,True,56.0,100.0,1996.0
4,3,False,True,56.0,100.0,1996.0
5,4,False,True,78.0,100.0,1985.0
6,5,False,True,78.0,50.0,1985.0
7,5,False,True,45.0,25.0,1999.0
8,5,True,False,66.0,25.0,2010.0
9,6,False,True,78.0,75.0,1985.0
10,6,False,True,45.0,23.0,1999.0
11,6,False,True,23.0,1.0,2017.0
12,6,True,False,24.0,1.0,2016.0
13,7,False,True,59.0,80.0,1994.0
14,7,False,False,45.0,20.0,2004.0
15,8,False,True,36.0,26.0,2009.0
16,8,False,True,35.0,26.0,2010.0
17,8,False,False,55.0,26.0,2015.0
18,8,False,False,57.0,7.0,2015.0
19,8,False,True,40.0,12.5,2015.0
20,9,False,True,36.0,29.0,2009.0
21,9,False,True,35.0,29.0,2010.0
22,9,False,False,55.0,29.0,2015.0
23,9,False,False,57.0,7.0,2015.0
24,9,False,True,40.0,12.5,2015.0
25,9,False,False,36.0,1.0,2010.0
26,10,False,True,44.0,50.0,2009.0
27,10,False,False,57.0,50.0,2013.0
28,11,False,True,57.0,100.0,2004.0
29,12,False,True,69.0,100.0,1980.0
30,13,False,True,51.0,100.0,1980.0
31,14,False,True,69.0,33.33,1999.0
32,14,False,True,60.0,33.33,1999.0
33,14,False,True,43.0,16.67,1999.0
34,15,False,False,65.0,70.0,2003.0
35,15,False,True,45.0,30.0,2008.0
36,16,False,True,69.0,25.0,2003.0
37,16,False,True,60.0,25.0,2003.0
38,16,False,True,53.0,25.0,2003.0
39,16,False,True,43.0,13.0,2003.0
40,17,False,True,69.0,60.0,2003.0
41,17,False,True,60.0,40.0,2003.0
42,18,False,True,69.0,60.0,2003.0
43,18,False,True,60.0,40.0,2003.0
44,19,True,False,55.0,29.0,2001.0
45,19,False,True,50.0,28.0,2001.0
46,19,False,False,45.0,7.0,2001.0
47,20,True,False,55.0,29.0,2001.0
48,20,False,True,50.0,28.0,2001.0
49,20,False,False,45.0,7.0,2001.0
50,21,False,False,70.0,100.0,1994.0
51,22,False,True,70.0,100.0,1994.0
52,23,False,True,62.0,100.0,1994.0
53,24,False,True,38.0,70.0,2004.0
54,24,False,True,46.0,30.0,2004.0
55,25,False,True,39.0,70.0,2004.0
56,25,False,True,47.0,30.0,2004.0
57,26,False,True,40.0,70.0,1999.0
58,26,False,True,48.0,30.0,2004.0
59,27,False,True,60.0,45.0,1989.0
60,27,False,True,68.0,45.0,1989.0
61,27,False,True,27.0,10.0,2014.0
62,28,False,True,62.0,43.5,1977.0
63,28,False,True,70.0,43.5,1981.0
64,28,False,True,29.0,13.0,2014.0
65,29,False,True,62.0,43.5,1977.0
66,29,False,True,70.0,43.5,1981.0
67,29,False,True,29.0,13.0,2014.0
68,30,False,True,62.0,50.0,2011.0
69,30,False,True,51.0,50.0,2011.0
70,31,False,True,58.0,50.0,2007.0
71,31,False,True,57.0,50.0,2007.0
72,32,False,True,36.0,100.0,2007.0
73,33,False,True,55.0,100.0,1990.0
74,34,False,True,55.0,100.0,1982.0
75,35,False,True,70.0,100.0,2002.0
76,36,True,True,55.0,100.0,2003.0
77,37,False,True,35.0,50.0,2011.0
78,37,False,True,54.0,25.0,2011.0
79,37,False,True,55.0,25.0,2011.0
80,38,False,True,76.0,100.0,1984.0
81,39,False,True,50.0,44.0,2002.0
82,39,False,True,43.0,23.0,2002.0
83,39,True,False,59.0,33.0,2002.0
84,40,False,True,50.0,44.0,2002.0
85,40,False,True,43.0,23.0,2002.0
86,40,True,False,59.0,33.0,2002.0
87,41,False,True,36.0,100.0,2012.0
88,42,False,True,45.0,100.0,2010.0
89,43,False,True,69.0,100.0,1999.0
90,44,False,True,68.0,100.0,2010.0
91,45,False,False,50.0,100.0,2006.0
92,46,False,True,35.0,50.0,2010.0
93,46,False,True,35.0,50.0,2010.0
94,47,False,True,65.0,100.0,1981.0
95,48,False,True,59.0,100.0,2003.0
96,49,False,True,59.0,100.0,2003.0
97,50,False,True,59.0,100.0,2003.0
98,51,True,False,47.0,26.2,2001.0
99,51,False,False,54.0,25.7,2001.0
100,51,False,True,65.0,17.7,2002.0
101,52,False,True,45.0,50.0,2009.0
102,52,False,True,41.0,50.0,2009.0
103,53,False,True,56.0,100.0,2006.0
104,54,False,True,70.0,100.0,1985.0
105,55,False,True,52.0,37.0,2003.0
106,55,False,True,49.0,37.0,2003.0
107,55,False,True,50.0,20.0,2005.0
108,55,False,True,36.0,5.0,2003.0
109,55,False,True,40.0,1.0,2008.0
110,56,False,True,68.0,60.0,1998.0
111,56,True,False,53.0,40.0,1998.0
112,57,False,True,37.0,45.4,2004.0
113,57,False,True,43.0,45.4,2006.0
114,57,True,False,67.0,6.0,2004.0
115,57,True,False,69.0,3.2,2010.0
116,58,False,True,37.0,45.4,2004.0
117,58,False,True,43.0,45.4,2006.0
118,58,True,False,67.0,6.0,2004.0
119,58,True,False,69.0,3.2,2010.0
120,59,False,True,54.0,50.0,2010.0
121,59,False,True,54.0,50.0,2010.0
122,60,False,True,56.0,100.0,2008.0
123,61,False,True,45.0,70.0,2011.0
124,61,False,True,43.0,30.0,2013.0
125,62,False,True,49.0,100.0,2003.0
126,63,False,True,45.0,20.0,1970.0
127,64,False,True,38.0,49.5,2014.0
128,64,False,True,42.0,49.5,2014.0
129,64,False,True,36.0,1.0,2014.0
130,65,False,True,50.0,100.0,2000.0
131,66,False,True,42.0,100.0,2014.0
132,67,False,True,44.0,98.0,2014.0
133,67,False,True,34.0,2.0,2014.0
134,68,False,True,48.0,50.0,1996.0
135,68,False,True,48.0,50.0,2003.0
136,69,False,True,54.0,100.0,2004.0
137,70,False,True,54.0,100.0,2004.0
138,71,False,True,58.0,100.0,2011.0
139,72,False,True,52.0,50.0,1996.0
140,72,True,False,60.0,50.0,1996.0
141,73,False,True,63.0,100.0,2002.0
142,74,False,True,40.0,100.0,1998.0
143,75,False,True,52.0,50.0,1996.0
144,75,True,False,60.0,50.0,1996.0
145,76,False,True,63.0,100.0,2002.0
146,77,False,True,57.0,100.0,1979.0
147,78,False,True,66.0,100.0,2000.0
148,79,False,True,54.0,100.0,2009.0
149,80,False,True,53.0,100.0,2009.0
150,81,False,True,53.0,100.0,2009.0
151,82,False,True,53.0,100.0,2009.0
152,83,False,True,71.0,100.0,1990.0
153,84,False,True,48.0,60.0,2007.0
154,84,True,False,70.0,5.0,2003.0
155,84,False,True,65.0,5.0,2007.0
156,84,True,False,70.0,6.0,2003.0
157,84,True,False,60.0,24.0,2003.0
158,85,True,False,74.0,45.0,1987.0
159,85,False,True,49.0,20.0,2004.0
160,85,False,False,50.0,20.0,2009.0
161,85,False,False,45.0,7.0,2008.0
162,85,False,True,59.0,5.0,2015.0
163,85,False,True,50.0,3.0,2008.0
164,86,False,True,74.0,45.0,1987.0
165,86,False,True,49.0,20.0,2004.0
166,86,False,False,50.0,20.0,2009.0
167,86,False,False,45.0,7.0,2008.0
168,86,False,True,59.0,5.0,2015.0
169,86,False,True,50.0,3.0,2008.0
170,87,False,True,70.0,50.0,2012.0
171,87,False,True,36.0,50.0,2012.0
172,88,False,True,71.0,50.0,2013.0
173,88,False,True,38.0,50.0,2013.0
174,89,False,True,52.0,51.0,2011.0
175,89,True,False,41.0,49.0,2011.0
176,90,False,True,58.0,100.0,1990.0
177,91,False,True,59.0,20.0,2003.0
178,91,False,True,58.0,18.0,2003.0
179,92,False,True,34.0,50.0,2013.0
180,92,False,True,34.0,50.0,2013.0
181,93,False,True,45.0,100.0,2014.0
182,94,False,True,56.0,100.0,2005.0
183,95,False,True,56.0,100.0,2005.0
184,96,False,True,47.0,47.1,1995.0
185,96,False,True,47.0,23.5,2004.0
186,96,False,True,45.0,7.2,2001.0
187,96,False,True,57.0,9.1,1997.0
188,96,False,True,36.0,1.8,2006.0
189,96,False,True,50.0,1.8,2008.0
190,96,False,True,52.0,4.25,1993.0
191,96,False,True,55.0,4.25,1993.0
192,96,False,True,52.0,1.0,2007.0
193,97,False,True,72.0,80.0,1980.0
194,97,False,True,48.0,20.0,2001.0
195,98,False,True,49.0,42.2,1995.0
196,98,False,True,49.0,20.9,2004.0
197,98,False,True,50.0,9.0,1996.0
198,98,False,True,59.0,8.1,1997.0
199,98,False,True,47.0,6.4,2001.0
200,98,False,True,54.0,4.0,1995.0
201,98,False,True,62.0,3.0,2002.0
202,98,False,True,38.0,1.7,2006.0
203,98,False,True,52.0,1.7,2007.0
204,98,False,True,58.0,1.0,1995.0
205,98,False,True,54.0,1.0,2007.0
206,98,False,True,56.0,1.0,2007.0
207,99,False,True,47.0,47.1,1995.0
208,99,False,True,47.0,23.5,2004.0
209,99,False,True,45.0,7.2,2001.0
210,99,False,True,57.0,9.1,1997.0
211,99,False,True,36.0,1.8,2006.0
212,99,False,True,50.0,1.8,2008.0
213,99,False,True,52.0,4.25,1993.0
214,99,False,True,55.0,4.25,1993.0
215,99,False,True,52.0,1.0,2007.0
216,100,False,True,61.0,20.0,2000.0
217,100,False,True,59.0,20.0,2000.0
218,100,False,True,60.0,20.0,2004.0
219,100,False,True,57.0,20.0,2004.0
220,100,False,True,60.0,20.0,2006.0
221,101,False,True,61.0,20.0,2000.0
222,101,False,True,59.0,20.0,2000.0
223,101,False,True,60.0,20.0,2004.0
224,101,False,True,57.0,20.0,2004.0
225,101,False,True,60.0,20.0,2006.0
226,102,False,True,56.0,99.0,2003.0
227,102,False,True,50.0,1.0,2010.0
228,103,False,True,41.0,9.5,2014.0
229,103,False,True,39.0,9.5,2014.0
230,103,False,True,42.0,12.0,2014.0
231,103,True,False,60.0,69.0,2014.0
232,104,False,True,54.0,70.0,2000.0
233,104,False,True,46.0,30.0,1998.0
234,105,False,True,33.0,82.14,2008.0
235,105,True,False,52.0,8.8,2003.0
236,106,False,True,42.0,40.0,2006.0
237,106,False,True,71.0,60.0,2006.0
238,107,False,True,67.0,50.0,1991.0
239,107,False,True,56.0,50.0,1991.0
240,108,False,True,60.0,100.0,2001.0
241,109,False,True,63.0,100.0,2004.0
242,110,False,True,57.0,100.0,1996.0
243,111,False,True,48.0,75.0,1999.0
244,111,False,True,55.0,25.0,2006.0
245,112,False,True,48.0,75.0,1999.0
246,112,False,True,55.0,25.0,2006.0
247,113,False,True,45.0,68.0,2008.0
248,113,False,True,48.0,23.0,2003.0
249,113,False,True,59.0,9.0,2003.0
250,114,False,True,60.0,100.0,2012.0
251,115,False,True,45.0,100.0,2012.0
252,116,False,True,67.0,85.0,2006.0
253,116,False,True,33.0,15.0,2006.0
254,117,False,True,51.0,100.0,1987.0
255,118,False,True,45.0,100.0,1991.0
256,119,False,True,44.0,100.0,2013.0
257,120,False,True,46.0,100.0,2013.0
258,121,False,True,47.0,100.0,2013.0
259,122,False,True,50.0,100.0,2000.0
260,123,False,True,50.0,30.0,1998.0
261,123,False,False,63.0,30.0,2001.0
262,123,False,True,46.0,30.0,2006.0
263,123,False,False,53.0,10.0,2004.0
264,124,False,True,46.0,100.0,2013.0
265,125,False,True,47.0,100.0,2013.0
266,126,False,True,40.0,25.0,2001.0
267,127,False,True,47.0,25.0,2003.0
268,128,False,True,56.0,25.0,2003.0
269,129,False,True,55.0,25.0,2003.0
270,130,False,True,47.0,25.0,2003.0
271,130,False,True,40.0,25.0,2010.0
272,130,False,True,56.0,25.0,2003.0
273,130,False,True,55.0,25.0,2003.0
274,131,False,True,46.0,50.0,1999.0
275,131,False,True,42.0,50.0,1999.0
276,132,False,True,42.0,50.0,1999.0
277,132,False,True,47.0,50.0,1999.0
278,133,False,True,43.0,50.0,1999.0
279,133,False,True,48.0,50.0,1999.0
280,134,False,True,62.0,100.0,1990.0
281,135,False,True,47.0,100.0,2014.0
282,136,False,True,47.0,100.0,2014.0
283,137,False,True,50.0,100.0,1993.0
284,138,False,True,66.0,50.0,2002.0
285,138,False,True,42.0,50.0,2002.0
286,139,False,True,52.0,100.0,2005.0
287,140,False,False,40.0,100.0,2012.0
288,141,False,True,43.0,100.0,2007.0
289,142,True,True,67.0,25.0,1983.0
290,142,False,True,36.0,25.0,2011.0
291,142,False,True,36.0,25.0,2011.0
292,142,False,True,45.0,25.0,1998.0
293,143,True,True,68.0,25.0,1983.0
294,143,False,True,37.0,25.0,2011.0
295,143,False,True,37.0,25.0,2011.0
296,143,False,True,46.0,25.0,1998.0
297,144,False,True,38.0,33.0,2011.0
298,144,False,True,47.0,34.0,1995.0
299,144,False,True,38.0,33.0,2007.0
300,145,False,True,46.0,100.0,2007.0
301,146,False,True,48.0,85.0,2007.0
302,146,False,True,57.0,5.0,2015.0
303,146,False,False,47.0,10.0,2007.0
304,147,False,True,57.0,90.0,1999.0
305,147,False,True,26.0,10.0,2011.0
306,148,False,True,63.0,50.0,1994.0
307,148,False,True,58.0,50.0,1994.0
308,149,False,True,63.0,50.0,1994.0
309,149,False,True,58.0,50.0,1994.0
310,150,False,True,72.0,65.0,2008.0
311,150,False,True,48.0,17.0,2008.0
312,150,False,True,47.0,18.0,2008.0
313,151,False,True,72.0,65.0,2008.0
314,151,False,True,48.0,17.0,2008.0
315,151,False,True,47.0,18.0,2008.0
316,152,False,True,72.0,65.0,2008.0
317,152,False,True,48.0,17.0,2008.0
318,152,False,True,47.0,18.0,2008.0
319,153,False,True,49.0,27.8,2010.0
320,153,False,True,46.0,27.8,2010.0
321,153,False,True,43.0,12.0,2009.0
322,153,False,True,41.0,4.5,2010.0
323,153,False,False,46.0,27.8,2010.0
324,154,False,True,59.0,50.0,1997.0
325,154,False,True,64.0,50.0,1997.0
326,155,False,True,53.0,100.0,1992.0
327,156,False,True,55.0,100.0,1992.0
328,157,False,True,48.0,100.0,2000.0
329,158,False,True,48.0,100.0,2015.0
330,159,False,True,48.0,100.0,2015.0
331,160,False,True,62.0,40.0,1999.0
332,160,True,False,52.0,60.0,2011.0
333,161,False,True,62.0,40.0,1999.0
334,161,True,False,52.0,60.0,2011.0
335,162,False,True,56.0,50.0,1998.0
336,162,True,False,57.0,50.0,2003.0
337,163,False,True,56.0,100.0,1998.0
338,164,False,True,43.0,50.0,2006.0
339,164,False,True,42.0,50.0,2006.0
340,165,False,True,44.0,50.0,2006.0
341,165,False,True,43.0,50.0,2006.0
342,166,False,True,45.0,50.0,2006.0
343,166,False,True,44.0,50.0,2006.0
344,167,False,True,62.0,100.0,2008.0
345,168,False,True,62.0,100.0,1994.0
346,169,False,True,58.0,40.0,1997.0
347,169,False,True,63.0,40.0,1997.0
348,169,False,True,37.0,20.0,2007.0
349,170,False,True,40.0,100.0,2015.0
350,171,False,True,45.0,100.0,2005.0
351,172,False,True,45.0,100.0,2005.0
352,173,False,True,45.0,100.0,2005.0
353,174,False,True,46.0,50.0,2009.0
354,174,False,True,46.0,50.0,2009.0
355,175,False,True,46.0,50.0,2009.0
356,175,False,True,46.0,50.0,2009.0
357,176,False,False,50.0,40.7,1987.0
358,176,False,False,36.0,39.11,2010.0
359,176,False,True,54.0,20.19,2015.0
360,177,False,True,47.0,50.0,2005.0
361,177,False,True,55.0,50.0,2005.0
362,178,False,True,59.0,33.3,2001.0
363,178,False,True,49.0,33.3,2005.0
364,178,False,True,65.0,33.3,2001.0
365,179,False,True,59.0,33.3,2001.0
366,179,False,True,49.0,33.3,2005.0
367,179,False,True,65.0,33.3,2001.0
368,180,False,True,56.0,100.0,1985.0
369,181,False,True,69.0,100.0,2004.0
370,182,False,True,55.0,100.0,2012.0
371,183,False,True,56.0,100.0,2012.0
372,184,False,True,56.0,100.0,1984.0
373,185,False,True,54.0,33.34,1984.0
374,185,False,True,46.0,33.33,2001.0
375,185,False,True,58.0,33.33,2010.0
376,186,False,True,45.0,100.0,2004.0
377,187,False,True,47.0,100.0,2004.0
378,188,False,True,47.0,100.0,2004.0
379,189,False,True,55.0,100.0,2003.0
380,189,True,True,67.0,0.0,2003.0
381,190,False,True,56.0,99.0,1994.0
382,190,False,False,52.0,1.0,2003.0
383,191,False,True,53.0,100.0,2012.0
384,192,False,True,53.0,100.0,2012.0
385,193,False,True,52.0,50.0,2009.0
386,193,False,True,55.0,50.0,2009.0
387,194,False,True,52.0,50.0,2009.0
388,194,False,True,55.0,50.0,2009.0
389,195,False,True,65.0,100.0,2010.0
390,196,False,False,40.0,100.0,2008.0
391,197,False,False,40.0,100.0,2008.0
392,198,False,True,45.0,45.0,2014.0
393,198,False,True,77.0,30.0,2014.0
394,198,False,True,68.0,25.0,2014.0
395,199,False,True,49.0,60.0,2009.0
396,199,False,True,41.0,40.0,2009.0
397,200,False,True,43.0,100.0,2004.0
398,201,False,True,45.0,100.0,2004.0
399,202,False,True,45.0,100.0,2004.0
400,203,False,True,53.0,50.0,2004.0
401,203,False,True,52.0,50.0,2004.0
402,204,False,True,53.0,50.0,2004.0
403,204,False,True,52.0,50.0,2004.0
404,205,False,True,55.0,50.0,2004.0
405,205,False,True,54.0,50.0,2004.0
406,206,False,True,55.0,50.0,2004.0
407,206,False,True,54.0,50.0,2004.0
408,207,False,True,51.0,100.0,2009.0
409,208,False,True,51.0,100.0,2009.0
410,209,False,True,51.0,100.0,2009.0
411,210,False,True,43.0,50.0,2012.0
412,210,False,True,46.0,50.0,2012.0
413,211,False,True,57.0,100.0,2003.0
414,212,False,True,48.0,100.0,2004.0
415,213,False,True,67.0,100.0,2003.0
416,214,False,True,51.0,40.0,2003.0
417,214,False,True,68.0,40.0,2003.0
418,214,False,True,47.0,20.0,2003.0
419,215,False,True,46.0,100.0,2009.0
420,216,False,True,52.0,10.0,1997.0
421,216,False,True,52.0,20.0,1997.0
422,216,False,True,52.0,20.0,1997.0
423,216,False,True,52.0,20.0,1997.0
424,216,False,True,52.0,10.0,1997.0
425,216,False,True,52.0,20.0,1997.0
426,217,False,True,66.0,100.0,1993.0
427,218,False,True,58.0,100.0,1999.0
428,219,False,True,51.0,80.0,2008.0
429,219,False,True,67.0,20.0,2008.0
430,220,False,True,55.0,40.0,1991.0
431,220,False,True,54.0,40.0,1991.0
432,220,False,True,50.0,10.0,2007.0
433,220,False,True,50.0,10.0,2010.0
434,221,False,True,52.0,50.0,2005.0
435,221,False,True,48.0,50.0,2005.0
436,222,False,True,52.0,75.0,2003.0
437,222,False,True,52.0,25.0,2003.0
438,223,False,True,67.0,100.0,2014.0
439,224,False,True,53.0,50.0,2010.0
440,224,False,True,25.0,50.0,2014.0
441,225,False,True,60.0,100.0,1980.0
442,226,False,True,41.0,50.0,2002.0
443,226,False,True,46.0,50.0,2001.0
444,227,False,True,41.0,50.0,2002.0
445,227,False,True,46.0,50.0,2001.0
446,228,False,True,72.0,80.0,1980.0
447,228,False,True,48.0,20.0,2001.0
448,229,False,True,72.0,80.0,1992.0
449,229,False,True,48.0,20.0,2001.0
450,230,False,True,70.0,56.6,2006.0
451,230,False,True,47.0,28.4,2006.0
452,230,False,True,65.0,10.0,2014.0
453,230,False,True,34.0,5.0,2009.0
454,231,False,True,70.0,56.6,2006.0
455,231,False,True,47.0,28.4,2006.0
456,231,False,True,65.0,10.0,2014.0
457,231,False,True,34.0,5.0,2009.0
458,232,False,True,62.0,95.0,1998.0
459,232,False,True,57.0,5.0,2010.0
460,233,False,True,65.0,52.0,1989.0
461,233,False,True,53.0,46.0,2003.0
462,233,False,True,39.0,2.0,2006.0
463,234,False,True,44.0,100.0,1996.0
464,235,False,True,36.0,50.0,2002.0
465,235,False,True,40.0,50.0,2015.0
466,236,False,True,38.0,100.0,2001.0
467,237,False,True,59.0,50.0,1988.0
468,237,False,True,48.0,50.0,1995.0
469,238,False,True,43.0,80.0,1998.0
470,238,False,True,53.0,5.0,2007.0
471,238,False,True,38.0,5.0,2010.0
472,238,False,True,50.0,5.0,2008.0
473,238,False,True,41.0,5.0,2015.0
474,239,False,True,42.0,75.0,1998.0
475,239,False,True,36.0,15.0,2003.0
476,239,False,True,36.0,2.5,2010.0
477,239,False,True,51.0,2.5,2010.0
478,239,False,True,52.0,5.0,2007.0
479,240,False,True,45.0,70.5,1998.0
480,240,False,True,55.0,2.0,2007.0
481,240,False,True,40.0,5.0,2009.0
482,240,False,True,51.0,5.0,2009.0
483,240,False,True,44.0,5.0,2015.0
484,240,False,True,45.0,10.0,2017.0
485,240,False,True,37.0,2.5,2010.0
486,241,False,True,43.0,80.0,1998.0
487,241,False,True,53.0,5.0,2007.0
488,241,False,True,38.0,5.0,2010.0
489,241,False,True,50.0,5.0,2008.0
490,241,False,True,41.0,5.0,2015.0
491,242,False,True,45.0,70.5,1998.0
492,242,False,True,55.0,2.0,2007.0
493,242,False,True,40.0,5.0,2009.0
494,242,False,True,51.0,5.0,2009.0
495,242,False,True,44.0,5.0,2015.0
496,242,False,True,45.0,10.0,2017.0
497,242,False,True,37.0,2.5,2010.0
498,243,False,True,63.0,100.0,1998.0
499,244,False,True,63.0,100.0,1998.0
500,245,True,False,45.0,30.0,1990.0
501,245,True,False,45.0,30.0,2000.0
502,246,True,False,45.0,30.0,1990.0
503,246,True,False,45.0,30.0,2000.0
504,247,False,True,43.0,50.0,2008.0
505,247,False,True,59.0,50.0,2008.0
506,248,False,False,56.0,100.0,1995.0
507,249,False,True,56.0,100.0,2005.0
508,250,False,True,50.0,100.0,2014.0
509,251,False,True,51.0,100.0,2014.0
510,252,False,True,50.0,100.0,2014.0
511,253,False,True,57.0,100.0,1988.0
512,254,False,True,45.0,100.0,1996.0
513,255,False,True,62.0,34.0,1985.0
514,255,False,True,58.0,33.0,1988.0
515,255,False,True,51.0,33.0,1999.0
516,256,False,True,43.0,100.0,1995.0
517,257,False,True,43.0,100.0,1995.0
518,258,False,True,40.0,100.0,1999.0
519,259,False,False,60.0,100.0,1985.0
520,260,False,True,49.0,100.0,1994.0
521,261,False,True,54.0,100.0,1998.0
522,262,False,True,64.0,100.0,1977.0
523,263,False,True,35.0,100.0,2008.0
524,264,False,True,35.0,100.0,2008.0
525,265,False,True,36.0,100.0,2008.0
526,266,False,True,65.0,25.0,1986.0
527,266,False,True,45.0,25.0,1986.0
528,266,False,True,45.0,25.0,1986.0
529,266,False,True,45.0,25.0,1987.0
530,267,False,True,46.0,100.0,2005.0
531,268,False,True,46.0,100.0,2005.0
532,269,False,True,45.0,100.0,1995.0
533,270,False,True,64.0,100.0,2004.0
534,271,False,True,61.0,50.0,1998.0
535,271,False,True,52.0,50.0,1998.0
536,272,False,True,55.0,100.0,1984.0
537,273,False,True,55.0,100.0,1984.0
538,274,False,True,43.0,100.0,2004.0
539,275,False,True,46.0,100.0,1993.0
540,276,False,True,49.0,50.0,2008.0
541,276,False,True,45.0,50.0,2008.0
542,277,False,True,49.0,50.0,2008.0
543,277,False,True,45.0,50.0,2008.0
544,278,False,True,59.0,100.0,2004.0
545,279,False,True,53.0,100.0,1993.0
546,280,False,True,61.0,50.0,2004.0
547,280,False,True,36.0,35.0,2004.0
548,280,False,True,34.0,15.0,2006.0
549,281,False,True,69.0,55.0,1984.0
550,281,False,True,41.0,45.0,2002.0
551,282,False,True,63.0,100.0,1981.0
552,283,False,True,56.0,100.0,1990.0
553,284,False,True,45.0,50.0,2008.0
554,284,False,True,49.0,50.0,2008.0
555,285,False,True,51.0,70.0,2008.0
556,285,False,True,35.0,30.0,2008.0
557,286,False,True,46.0,100.0,1992.0
558,287,False,True,54.0,100.0,1998.0
559,288,False,True,49.0,100.0,1990.0
560,289,False,True,47.0,50.0,2012.0
561,289,False,True,34.0,50.0,2012.0
562,290,False,True,60.0,100.0,1982.0
563,291,False,True,65.0,37.67,1980.0
564,291,False,True,72.0,14.46,1991.0
565,291,False,True,46.0,5.08,2000.0
566,291,False,True,58.0,5.14,1990.0
567,291,False,False,41.0,5.08,2001.0
568,291,False,True,80.0,1.62,1992.0
569,292,False,True,65.0,37.67,1980.0
570,292,False,True,72.0,14.46,1991.0
571,292,False,True,46.0,5.08,2000.0
572,292,False,True,58.0,5.14,1990.0
573,292,False,False,41.0,5.08,2001.0
574,292,False,True,80.0,1.62,1992.0
575,293,False,True,55.0,100.0,2012.0
576,294,False,True,52.0,100.0,2009.0
577,295,False,True,55.0,100.0,2013.0
578,296,False,True,51.0,100.0,2010.0
579,297,False,True,39.0,100.0,2007.0
580,298,False,True,40.0,100.0,2007.0
581,299,False,True,40.0,100.0,2007.0
582,300,False,True,52.0,100.0,1996.0
583,301,False,True,45.0,100.0,2002.0
584,302,False,True,57.0,100.0,1986.0
585,303,False,True,59.0,100.0,1979.0
586,304,False,True,68.0,90.0,1977.0
587,304,False,True,37.0,10.0,2008.0
588,305,False,True,57.0,51.0,1989.0
589,305,False,True,56.0,49.0,1996.0
590,306,False,True,57.0,51.0,1989.0
591,306,False,True,56.0,49.0,1996.0
592,307,False,True,58.0,100.0,1990.0
593,308,False,True,43.0,100.0,1996.0
594,309,False,True,59.0,100.0,1999.0
595,310,False,True,47.0,100.0,1996.0
596,311,False,True,56.0,100.0,1995.0
597,312,False,True,45.0,33.3,2007.0
598,312,False,True,60.0,33.3,2007.0
599,312,False,True,67.0,33.3,2007.0
600,313,False,True,67.0,33.33,2007.0
601,313,False,True,47.0,33.33,2007.0
602,313,False,True,61.0,33.33,2007.0
603,314,False,True,45.0,33.3,2007.0
604,314,False,True,60.0,33.3,2007.0
605,314,False,True,67.0,33.3,2007.0
606,315,False,True,51.0,100.0,2012.0
607,316,False,True,61.0,100.0,1997.0
608,317,False,True,48.0,100.0,1997.0
609,318,False,True,45.0,100.0,1996.0
610,319,False,True,45.0,50.0,2001.0
611,319,False,True,67.0,50.0,2001.0
612,320,False,True,48.0,78.5,2013.0
613,320,True,False,78.0,10.0,2013.0
614,320,True,False,54.0,12.5,2016.0
615,321,False,True,52.0,100.0,2006.0
616,322,False,True,52.0,100.0,2006.0
617,323,False,True,50.0,100.0,2008.0
618,324,False,True,50.0,100.0,2008.0
619,325,False,True,60.0,100.0,1980.0
620,326,False,True,34.0,100.0,2005.0
621,327,False,True,55.0,45.0,2009.0
622,327,False,True,53.0,45.0,2009.0
623,327,False,True,27.0,10.0,2012.0
624,328,False,True,52.0,100.0,1996.0
625,329,False,True,39.0,75.0,1998.0
626,329,False,True,28.0,25.0,2000.0
627,330,False,True,60.0,100.0,2000.0
628,331,False,True,52.0,100.0,1993.0
629,332,False,True,61.0,100.0,2006.0
630,333,False,True,61.0,95.0,2006.0
631,333,False,True,28.0,5.0,2011.0
632,334,False,True,61.0,95.0,2006.0
633,334,False,True,28.0,5.0,2011.0
634,335,False,True,39.0,90.0,2010.0
635,335,False,True,46.0,5.0,2011.0
636,335,True,False,58.0,5.0,2011.0
637,336,False,True,39.0,90.0,2010.0
638,336,False,True,46.0,5.0,2011.0
639,336,True,False,58.0,5.0,2011.0
640,337,False,True,43.0,40.0,2016.0
641,337,False,True,45.0,40.0,2016.0
642,337,False,True,58.0,20.0,2016.0
643,338,False,True,52.0,0.0,2003.0
644,338,False,True,52.0,0.0,2003.0
645,338,False,True,52.0,0.0,2003.0
646,339,False,True,43.0,25.0,2010.0
647,339,False,True,45.0,41.0,2011.0
648,339,False,True,58.0,34.0,2016.0
649,340,False,True,41.0,100.0,2001.0
650,341,False,True,41.0,100.0,2001.0
651,342,False,True,44.0,100.0,1999.0
652,343,False,True,44.0,100.0,1999.0
653,344,False,True,65.0,100.0,1995.0
654,345,False,True,65.0,100.0,1995.0
655,346,False,True,53.0,70.0,2000.0
656,346,False,True,40.0,30.0,2010.0
657,347,False,True,74.0,100.0,1981.0
658,348,False,True,74.0,100.0,1991.0
659,349,False,True,52.0,100.0,1993.0
660,350,False,True,52.0,100.0,1993.0
661,351,False,True,53.0,20.0,1991.0
662,351,False,True,57.0,20.0,1991.0
663,351,False,True,54.0,20.0,1991.0
664,351,False,True,51.0,20.0,1999.0
665,351,False,True,46.0,20.0,1995.0
666,352,False,True,53.0,20.0,1991.0
667,352,False,True,57.0,20.0,1991.0
668,352,False,True,54.0,20.0,1991.0
669,352,False,True,51.0,20.0,1999.0
670,352,False,True,46.0,20.0,1995.0
671,353,False,True,64.0,25.0,1993.0
672,353,False,True,55.0,25.0,1993.0
673,353,False,True,52.0,25.0,2003.0
674,353,False,True,50.0,25.0,2003.0
675,354,False,True,48.0,50.0,2012.0
676,354,False,True,52.0,50.0,2016.0
677,355,False,True,49.0,50.0,1993.0
678,355,False,True,53.0,50.0,2016.0
679,356,False,True,53.0,100.0,1987.0
680,357,False,True,40.0,100.0,2010.0
681,358,False,True,41.0,100.0,2013.0
682,359,False,True,51.0,100.0,2007.0
683,360,False,True,51.0,100.0,2007.0
684,361,False,True,52.0,100.0,2007.0
685,362,False,True,55.0,100.0,2002.0
686,363,False,True,48.0,100.0,1997.0
687,364,False,True,62.0,100.0,1982.0
688,365,False,True,63.0,100.0,1982.0
689,366,False,True,60.0,100.0,2000.0
690,367,False,True,60.0,100.0,2000.0
691,368,False,True,18.0,54.0,2003.0
692,369,False,True,54.0,100.0,2005.0
693,370,False,True,54.0,100.0,2005.0
694,371,False,True,38.0,100.0,2014.0
695,372,False,True,43.0,50.0,2009.0
696,372,False,True,46.0,50.0,2009.0
697,373,False,True,43.0,50.0,2009.0
698,373,False,True,46.0,50.0,2009.0
699,374,False,True,43.0,50.0,2009.0
700,374,False,True,46.0,50.0,2009.0
701,375,False,True,49.0,100.0,1997.0
702,376,False,True,58.0,45.0,1989.0
703,376,False,False,52.0,45.0,1989.0
704,376,False,True,40.0,10.0,1998.0
705,377,False,True,46.0,100.0,2008.0
706,378,False,True,58.0,100.0,1993.0
707,379,False,True,58.0,50.0,1993.0
708,379,False,True,49.0,50.0,1993.0
709,380,False,True,53.0,100.0,2012.0
710,381,False,True,59.0,100.0,1987.0
711,382,False,True,53.0,100.0,2012.0
712,383,False,True,57.0,51.0,1989.0
713,383,False,True,51.0,49.0,2000.0
714,384,False,True,60.0,100.0,2012.0
715,385,False,True,60.0,100.0,2012.0
716,386,False,True,60.0,100.0,2012.0
717,387,False,True,41.0,50.0,2015.0
718,387,False,True,61.0,50.0,2015.0
719,388,False,True,41.0,50.0,2015.0
720,388,False,True,61.0,50.0,2015.0
721,389,False,True,58.0,100.0,1992.0
722,390,False,True,57.0,100.0,1995.0
723,391,False,True,54.0,50.0,2008.0
724,391,False,True,34.0,50.0,2008.0
725,392,False,True,57.0,100.0,1995.0
726,393,False,True,68.0,50.0,1991.0
727,393,False,False,67.0,50.0,1991.0
728,394,False,True,69.0,50.0,1991.0
729,394,False,False,66.0,50.0,1991.0
730,395,False,True,32.0,100.0,2017.0
731,396,False,True,74.0,26.0,2008.0
732,396,False,True,52.0,38.0,2008.0
733,396,False,True,46.0,36.0,2008.0
734,397,False,True,59.0,36.0,2016.0
735,397,False,True,65.0,26.0,2016.0
736,397,False,True,51.0,24.0,2016.0
737,397,False,True,41.0,14.0,2016.0
738,398,False,True,59.0,36.0,2016.0
739,398,False,True,65.0,26.0,2016.0
740,398,False,True,51.0,24.0,2016.0
741,398,False,True,41.0,14.0,2016.0
742,399,False,True,65.0,70.0,1976.0
743,399,False,True,36.0,30.0,2010.0
744,400,False,True,56.0,100.0,1989.0
745,401,False,True,56.0,100.0,1989.0
746,402,False,True,56.0,100.0,2004.0
747,403,False,True,57.0,100.0,1999.0
748,404,False,True,57.0,100.0,1999.0
749,405,False,True,51.0,100.0,2004.0
750,406,False,True,51.0,100.0,2004.0
751,407,False,True,52.0,85.0,2004.0
752,407,False,True,55.0,15.0,2006.0
753,408,False,True,49.0,100.0,2000.0
754,409,False,True,51.0,100.0,2008.0
755,410,False,False,55.0,54.0,2013.0
756,410,False,False,40.0,36.0,2013.0
757,410,False,True,36.0,5.0,2013.0
758,410,False,False,32.0,5.0,2013.0
759,411,False,True,56.0,38.0,2006.0
760,411,False,True,53.0,38.0,2006.0
761,411,False,True,37.0,24.0,2006.0
762,412,False,True,56.0,38.0,2006.0
763,412,False,True,54.0,38.0,2006.0
764,412,False,True,37.0,24.0,2006.0
765,413,False,True,56.0,38.0,2006.0
766,413,False,True,53.0,38.0,2006.0
767,413,False,True,37.0,24.0,2006.0
768,414,False,True,45.0,20.0,2014.0
769,414,False,True,45.0,20.0,2014.0
770,414,False,True,47.0,20.0,2014.0
771,414,False,True,46.0,20.0,2014.0
772,414,False,True,48.0,20.0,2014.0
773,415,False,True,45.0,20.0,1996.0
774,415,False,True,45.0,20.0,1996.0
775,415,False,True,47.0,20.0,1996.0
776,415,False,True,46.0,20.0,1996.0
777,415,False,True,48.0,20.0,1996.0
778,416,False,True,78.0,50.0,1985.0
779,416,False,True,45.0,25.0,1999.0
780,416,True,False,66.0,25.0,2010.0
781,417,False,True,54.0,55.0,2001.0
782,417,False,True,49.0,45.0,2001.0
783,418,False,True,54.0,55.0,2001.0
784,418,False,True,49.0,45.0,2001.0
785,419,False,True,63.0,100.0,1992.0
786,420,False,True,55.0,100.0,2014.0
787,421,False,True,51.0,100.0,2010.0
788,422,False,True,37.0,50.0,2012.0
789,422,False,True,46.0,50.0,2012.0
790,423,False,True,73.0,21.54,1974.0
791,423,False,True,45.0,17.51,1996.0
792,423,False,True,47.0,17.42,1993.0
793,423,False,False,41.0,10.5,1999.0
794,423,False,False,44.0,7.71,1998.0
795,423,False,True,74.0,7.51,1984.0
796,423,False,True,75.0,6.32,1999.0
797,423,False,True,48.0,6.27,2000.0
798,423,False,False,49.0,3.01,2000.0
799,423,False,True,52.0,2.22,2013.0
800,424,False,True,53.0,100.0,2004.0
801,425,False,True,58.0,100.0,2008.0
802,426,False,True,48.0,100.0,2013.0
803,427,False,True,42.0,100.0,2000.0
804,428,False,True,68.0,100.0,2001.0
805,428,False,False,52.0,0.0,2003.0
806,429,False,True,23.0,99.0,1993.0
807,430,False,True,53.0,100.0,2008.0
808,431,False,True,56.0,100.0,2001.0
809,432,False,True,33.0,51.0,2015.0
810,432,True,False,33.0,49.0,2015.0
811,433,False,True,55.0,90.0,2007.0
812,433,False,True,27.0,10.0,2014.0
813,434,False,True,55.0,100.0,2010.0
814,435,False,True,55.0,100.0,2010.0
815,436,False,True,63.0,99.0,2014.0
816,436,True,False,43.0,1.0,2014.0
817,437,False,True,45.0,100.0,2008.0
818,438,False,True,65.0,100.0,1991.0
819,439,False,True,57.0,50.0,2006.0
820,439,False,True,55.0,50.0,2006.0
821,440,False,True,37.0,100.0,2005.0
822,441,False,True,40.0,50.0,2014.0
823,441,False,True,43.0,50.0,2014.0
824,442,False,True,69.0,100.0,1995.0
825,443,False,True,47.0,50.0,2011.0
826,443,False,True,45.0,50.0,2012.0
827,444,False,True,55.0,100.0,2003.0
828,445,False,True,48.0,100.0,2001.0
829,446,False,True,48.0,50.0,2007.0
830,446,True,False,55.0,50.0,1998.0
831,447,False,True,47.0,100.0,1992.0
832,448,False,True,45.0,30.0,2011.0
833,448,True,False,38.0,29.0,2011.0
834,448,True,False,39.0,29.0,2011.0
835,448,True,False,40.0,3.0,2014.0
836,448,False,True,37.0,5.0,2016.0
837,448,True,False,30.0,3.0,2014.0
838,449,False,True,63.0,100.0,1975.0
839,450,False,True,54.0,100.0,2015.0
840,451,False,True,66.0,50.0,1999.0
841,451,False,True,29.0,50.0,2012.0
842,452,False,True,52.0,33.33,2008.0
843,452,False,True,52.0,33.33,2008.0
844,452,False,True,52.0,33.33,2008.0
845,453,False,True,58.0,100.0,1999.0
846,454,False,True,52.0,54.29,2014.0
847,454,False,True,53.0,18.69,2015.0
848,454,False,True,33.0,16.02,2011.0
849,454,False,True,56.0,11.0,2017.0
850,455,False,True,62.0,50.0,2015.0
851,455,False,True,31.0,50.0,2015.0
852,456,False,True,62.0,41.0,1984.0
853,456,False,True,31.0,41.0,2008.0
854,456,False,True,39.0,18.0,2017.0
855,457,False,True,47.0,100.0,2012.0
856,458,False,True,48.0,100.0,1994.0
857,459,False,True,33.0,100.0,2011.0
858,460,False,True,33.0,100.0,2011.0
859,461,False,True,42.0,50.0,2014.0
860,461,False,True,38.0,50.0,2014.0
861,462,False,True,64.0,100.0,2014.0
862,463,False,True,75.0,30.0,1987.0
863,463,False,True,55.0,23.0,2000.0
864,463,False,True,55.0,23.0,2000.0
865,463,False,False,55.0,24.0,2000.0
866,464,False,True,58.0,99.9,1981.0
867,464,False,False,31.0,0.1,2013.0
868,465,False,True,47.0,90.0,1997.0
869,465,False,True,32.0,5.0,2005.0
870,465,False,True,33.0,5.0,2007.0
871,466,False,True,61.0,100.0,2010.0
872,467,False,True,42.0,90.0,2005.0
873,467,False,True,45.0,10.0,2005.0
874,468,False,True,46.0,60.0,2016.0
875,468,True,False,46.0,40.0,2016.0
876,469,False,True,57.0,50.0,2010.0
877,469,False,True,52.0,50.0,2010.0
878,470,False,True,55.0,100.0,2006.0
879,471,False,True,37.0,50.0,2011.0
880,471,False,True,37.0,50.0,2011.0
881,472,False,True,44.0,100.0,1997.0
882,474,False,True,53.0,34.0,1987.0
883,474,False,True,65.0,33.0,1982.0
884,474,False,True,55.0,33.0,1984.0
885,475,False,True,42.0,100.0,2016.0
886,476,False,True,44.0,100.0,2017.0
887,477,False,True,67.0,100.0,1998.0
888,478,False,True,38.0,100.0,2016.0
889,479,False,True,55.0,100.0,2000.0
890,480,False,True,48.0,100.0,1999.0
891,481,False,True,53.0,98.0,2015.0
892,481,False,True,45.0,2.0,2015.0
893,482,False,True,60.0,90.0,2005.0
894,482,False,True,48.0,10.0,2017.0
895,483,False,True,47.0,100.0,2011.0
896,484,False,True,59.0,100.0,1986.0
897,485,False,True,59.0,50.0,2016.0
898,485,False,True,65.0,50.0,2016.0
899,486,False,True,59.0,50.0,2016.0
900,486,False,True,65.0,50.0,2016.0
901,487,False,True,50.0,100.0,2012.0
902,488,False,True,51.0,100.0,2005.0
903,489,False,True,51.0,100.0,2005.0
904,490,False,True,60.0,50.0,1988.0
905,490,False,True,68.0,50.0,1988.0
906,491,False,True,58.0,50.0,1987.0
907,491,False,True,58.0,50.0,1987.0
908,492,False,True,61.0,50.0,1990.0
909,492,False,True,59.0,50.0,1990.0
910,493,False,False,45.0,100.0,2016.0
911,494,False,True,52.0,100.0,2004.0
912,495,False,True,83.0,100.0,1981.0
913,496,False,True,50.0,100.0,2015.0
914,497,True,False,60.0,41.67,2004.0
915,497,False,True,63.0,33.33,2004.0
916,497,False,True,40.0,25.0,2009.0
917,498,False,True,66.0,100.0,2002.0
918,499,False,True,60.0,100.0,2006.0
919,500,False,True,40.0,90.3,2016.0
920,500,True,False,58.0,9.7,2016.0
921,501,False,True,54.0,100.0,2010.0
922,502,False,True,54.0,100.0,2010.0
923,503,False,True,52.0,100.0,2011.0
924,504,False,True,69.0,100.0,2011.0
925,505,False,True,60.0,60.0,1998.0
926,505,False,True,54.0,40.0,2009.0
927,506,False,True,70.0,100.0,1985.0
928,507,False,True,63.0,100.0,2010.0
929,508,False,True,63.0,100.0,2010.0
930,509,False,True,41.0,100.0,2016.0
931,510,False,True,66.0,100.0,2000.0
932,511,False,True,66.0,100.0,2000.0
933,512,False,True,44.0,100.0,2005.0
934,513,False,True,60.0,50.0,2001.0
935,513,False,True,56.0,50.0,2001.0
936,514,False,True,59.0,50.0,1984.0
937,514,False,True,51.0,50.0,1992.0
938,515,False,True,40.0,50.0,2010.0
939,515,False,True,35.0,25.0,2014.0
940,515,False,False,52.0,25.0,2012.0
941,516,False,True,55.0,100.0,2004.0
942,517,False,True,59.0,75.0,1993.0
943,517,False,True,29.0,25.0,2011.0
944,518,False,False,62.0,100.0,2012.0
945,520,False,True,64.0,100.0,1979.0
946,521,False,True,47.0,100.0,2002.0
947,522,False,True,65.0,100.0,2006.0
948,524,False,True,45.0,100.0,2015.0
949,525,False,True,52.0,100.0,2003.0
950,526,False,True,75.0,60.0,1996.0
951,526,False,True,47.0,40.0,1996.0
952,527,False,True,42.0,100.0,2016.0
953,528,False,True,64.0,100.0,1990.0
954,529,False,True,69.0,100.0,2009.0
955,530,False,True,63.0,80.0,1983.0
956,530,False,True,36.0,10.0,2009.0
957,530,False,True,41.0,10.0,1997.0
958,531,False,True,46.0,100.0,1995.0
959,532,False,True,50.0,50.0,2000.0
960,532,False,True,55.0,50.0,2000.0
961,533,False,True,52.0,70.0,2000.0
962,533,False,True,52.0,15.0,2006.0
963,533,False,True,52.0,15.0,2013.0
964,534,False,True,60.0,60.0,2010.0
965,534,False,True,37.0,15.0,2010.0
966,534,False,True,51.0,15.0,2010.0
967,534,False,True,70.0,10.0,2010.0
968,535,False,True,56.0,95.0,1996.0
969,535,False,True,42.0,5.0,2000.0
970,536,False,True,47.0,86.0,1999.0
971,536,False,True,42.0,14.0,2002.0
972,537,False,True,56.0,50.0,1996.0
973,537,False,True,55.0,50.0,2001.0
974,538,False,True,45.0,20.0,2001.0
975,538,False,True,72.0,80.0,1997.0
976,539,False,True,43.0,20.0,2001.0
977,539,True,False,72.0,80.0,1997.0
978,540,False,True,71.0,100.0,2000.0
979,541,False,True,40.0,100.0,2000.0
980,542,False,True,55.0,100.0,1999.0
981,543,False,True,46.0,40.0,2010.0
982,543,False,False,57.0,40.0,2010.0
983,543,False,True,38.0,20.0,2010.0
984,544,False,True,32.0,100.0,2009.0
985,545,False,True,47.0,50.0,2009.0
986,545,False,False,48.0,50.0,2009.0
987,546,False,True,45.0,100.0,2013.0
988,547,False,True,48.0,40.0,2002.0
989,547,False,True,49.0,40.0,2002.0
990,547,False,True,78.0,20.0,2002.0
991,548,False,True,48.0,40.0,2002.0
992,548,False,True,49.0,40.0,2002.0
993,548,False,True,78.0,20.0,2002.0
994,549,False,True,43.0,50.0,2016.0
995,549,False,True,59.0,50.0,2016.0
996,550,False,True,43.0,50.0,2016.0
997,550,False,True,59.0,50.0,2016.0
998,551,False,True,66.0,75.0,2003.0
999,551,False,True,36.0,14.0,2003.0
1000,551,False,True,34.0,6.0,2003.0
1001,551,False,False,36.0,5.0,2003.0
1002,552,False,True,66.0,75.0,2003.0
1003,552,False,True,36.0,14.0,2003.0
1004,552,False,True,34.0,6.0,2003.0
1005,552,False,False,36.0,5.0,2003.0
1006,553,False,True,53.0,95.0,1998.0
1007,553,False,False,56.0,5.0,1998.0
1008,554,False,True,46.0,100.0,2016.0
1009,555,False,True,49.0,100.0,2012.0
1010,556,True,False,52.0,25.0,2016.0
1011,556,True,False,52.0,20.0,2016.0
1012,556,True,False,52.0,20.0,2016.0
1013,556,False,True,52.0,20.0,2016.0
1014,556,False,True,52.0,5.0,2016.0
1015,556,False,True,52.0,5.0,2016.0
1016,556,False,True,52.0,5.0,2016.0
1017,557,True,False,52.0,25.0,2016.0
1018,557,True,False,52.0,20.0,2016.0
1019,557,True,False,52.0,20.0,2016.0
1020,557,False,True,52.0,20.0,2016.0
1021,557,False,True,52.0,5.0,2016.0
1022,557,False,True,52.0,5.0,2016.0
1023,557,False,True,52.0,5.0,2016.0
1024,558,False,True,43.0,100.0,2012.0
1025,559,False,True,43.0,100.0,2009.0
1026,560,False,True,47.0,100.0,2012.0
1027,561,False,True,44.0,100.0,2012.0
1028,562,False,True,45.0,100.0,2012.0
1029,563,False,True,46.0,100.0,2012.0
1030,564,False,True,52.0,49.0,2015.0
1031,564,True,False,52.0,51.0,2015.0
1032,565,False,True,52.0,49.0,2015.0
1033,565,True,False,52.0,51.0,2015.0
1034,566,False,True,59.0,66.0,1993.0
1035,566,False,True,51.0,34.0,2017.0
1036,567,False,True,59.0,66.0,1993.0
1037,567,False,True,51.0,34.0,2017.0
1038,568,False,True,33.0,50.0,2016.0
1039,568,False,True,45.0,50.0,2016.0
1040,569,False,True,53.0,100.0,2006.0
1041,570,False,True,53.0,100.0,2006.0
1042,571,False,True,48.0,100.0,1995.0
1043,572,False,True,44.0,100.0,2002.0
1044,573,False,True,49.0,100.0,1992.0
1045,574,False,True,63.0,100.0,2010.0
1046,575,False,True,45.0,100.0,1995.0
1047,576,False,True,55.0,100.0,2008.0
1048,577,False,True,57.0,100.0,1995.0
1049,578,False,True,38.0,100.0,2004.0
1050,579,False,True,64.0,100.0,1979.0
1051,580,False,True,64.0,51.0,1979.0
1052,580,False,True,41.0,49.0,2018.0
1053,581,False,True,64.0,51.0,1979.0
1054,582,False,True,32.0,100.0,2007.0
1055,583,False,True,48.0,50.0,2010.0
1056,583,False,True,57.0,50.0,2010.0
1057,584,True,True,49.0,100.0,2009.0
1058,585,False,True,63.0,100.0,1983.0
1059,586,False,True,63.0,100.0,1983.0
1060,587,False,True,74.0,100.0,2000.0
1061,588,False,True,53.0,100.0,1994.0
1062,589,False,True,46.0,100.0,1994.0
1063,590,False,True,42.0,100.0,2000.0
1064,591,False,True,46.0,100.0,1994.0
1065,592,False,True,46.0,100.0,1994.0
1066,593,False,True,30.0,100.0,2014.0
1067,594,False,True,52.0,100.0,2010.0
1068,595,False,True,56.0,60.0,2000.0
1069,595,False,True,40.0,30.0,2013.0
1070,595,False,True,36.0,10.0,2017.0
1071,596,False,True,44.0,100.0,2004.0
1072,597,False,True,76.0,100.0,1984.0
1073,598,False,True,56.0,100.0,1999.0
1074,600,False,True,63.0,100.0,1997.0
1075,601,False,True,59.0,100.0,1991.0
1076,602,False,True,54.0,69.0,2015.0
1077,602,False,True,57.0,31.0,2015.0
1078,603,False,True,79.0,100.0,1971.0
1079,604,False,True,79.0,100.0,1971.0
1080,605,False,True,65.0,100.0,1977.0
1081,606,False,True,50.0,51.0,1993.0
1082,606,True,False,46.0,49.0,2005.0
1083,607,False,True,42.0,100.0,2012.0
1084,608,False,True,64.0,100.0,2017.0
1085,609,False,True,62.0,50.0,2000.0
1086,609,False,True,56.0,50.0,2000.0
1087,610,False,True,61.0,100.0,1986.0
1088,611,False,True,52.0,100.0,2002.0
1089,612,False,True,55.0,100.0,1996.0
1090,613,False,True,68.0,100.0,1982.0
1091,614,False,True,42.0,33.0,2015.0
1092,614,False,True,50.0,33.0,2015.0
1093,614,False,True,38.0,33.0,2015.0
1094,615,False,True,68.0,100.0,1981.0
1095,616,False,True,42.0,70.0,1998.0
1096,616,False,True,32.0,30.0,2007.0
1097,617,False,True,59.0,100.0,2015.0
1098,618,False,True,61.0,75.0,2016.0
1099,618,False,True,33.0,25.0,2016.0
1100,619,False,True,56.0,100.0,2006.0
1101,620,False,True,56.0,100.0,2006.0
1102,621,False,True,52.0,75.0,2016.0
1103,621,False,True,33.0,25.0,2016.0
1104,622,False,True,52.0,75.0,2016.0
1105,622,False,True,33.0,25.0,2016.0
1106,623,False,True,62.0,65.0,1983.0
1107,623,False,False,60.0,35.0,1999.0
1108,624,False,True,46.0,100.0,2008.0
1109,625,False,True,55.0,100.0,1994.0
1110,626,False,True,55.0,100.0,1994.0
1111,627,False,True,40.0,100.0,2011.0
1112,628,False,True,40.0,100.0,2011.0
1113,629,False,True,39.0,100.0,2002.0
1114,630,False,True,69.0,100.0,1973.0
1115,631,False,True,50.0,100.0,2003.0
1116,632,False,True,50.0,100.0,1990.0
1117,633,False,True,42.0,100.0,1996.0
1118,634,False,True,60.0,100.0,2001.0
1119,635,False,True,44.0,100.0,2010.0
1120,636,False,True,51.0,100.0,2001.0
1121,637,False,True,65.0,100.0,1978.0
1122,638,False,True,54.0,100.0,2005.0
1123,639,False,True,36.0,100.0,2003.0
1124,640,False,True,60.0,100.0,1978.0
1125,641,False,True,56.0,14.0,1984.0
1126,641,False,True,54.0,14.0,1984.0
1127,641,False,True,59.0,14.0,1980.0
1128,641,False,True,54.0,14.0,1985.0
1129,641,False,True,54.0,14.0,1986.0
1130,641,False,True,48.0,14.0,1990.0
1131,641,False,True,49.0,14.0,1991.0
1132,642,False,True,52.0,100.0,1995.0
1133,643,False,True,66.0,100.0,1985.0
1134,644,False,True,67.0,100.0,2003.0
1135,645,False,True,46.0,100.0,1999.0
1136,646,False,True,48.0,100.0,1992.0
1137,647,False,True,51.0,100.0,2002.0
1138,648,False,True,73.0,100.0,2009.0
1139,649,False,True,58.0,100.0,1992.0
1140,650,False,True,67.0,100.0,2003.0
1141,651,False,True,50.0,100.0,2016.0
1142,652,False,True,50.0,100.0,2008.0
1143,653,False,True,56.0,93.0,1987.0
1144,653,False,True,60.0,9.0,2004.0
1145,654,False,True,66.0,50.0,1998.0
1146,654,False,True,60.0,50.0,1998.0
1147,655,False,True,66.0,50.0,1998.0
1148,655,False,True,60.0,50.0,1998.0
1149,656,False,True,49.0,50.0,2008.0
1150,656,False,True,75.0,50.0,2008.0
1151,657,False,True,68.0,100.0,1980.0
1152,658,False,True,68.0,100.0,1980.0
1153,659,False,True,76.0,85.0,1969.0
1154,659,False,True,33.0,15.0,2011.0
1155,660,False,True,60.0,100.0,1987.0
1156,661,False,True,66.0,100.0,1998.0
1157,662,False,True,66.0,100.0,1991.0
1158,663,False,True,58.0,90.0,1982.0
1159,664,False,True,63.0,57.0,1979.0
1160,664,False,True,60.0,33.0,2004.0
1161,664,False,True,52.0,10.0,1999.0
1162,665,False,True,50.0,50.0,2016.0
1163,665,True,False,50.0,50.0,2016.0
1164,666,False,True,48.0,100.0,2000.0
1165,667,False,True,53.0,100.0,2002.0
1166,668,False,True,58.0,50.0,2009.0
1167,668,False,True,63.0,50.0,2009.0
1168,669,False,True,53.0,100.0,2009.0
1169,670,False,True,46.0,50.0,2008.0
1170,670,False,True,69.0,50.0,2008.0
1171,671,False,True,63.0,100.0,1998.0
1172,672,False,True,38.0,65.0,2007.0
1173,672,False,True,35.0,35.0,2009.0
1174,673,False,True,38.0,65.0,2007.0
1175,673,False,True,35.0,35.0,2009.0
1176,674,False,True,49.0,51.0,2009.0
1177,674,False,True,49.0,37.0,2009.0
1178,674,True,True,71.0,10.0,2009.0
1179,674,False,False,64.0,2.0,2009.0
1180,675,False,True,77.0,100.0,2003.0
1181,676,False,True,56.0,100.0,1990.0
1182,677,False,True,62.0,100.0,1994.0
1183,679,False,True,40.0,100.0,2009.0
1184,680,False,True,53.0,100.0,2010.0
1185,681,False,True,72.0,100.0,1986.0
1186,682,False,True,64.0,100.0,2008.0
1187,683,False,True,68.0,65.0,1978.0
1188,683,False,True,41.0,25.0,2000.0
1189,683,False,True,34.0,10.0,2007.0
1190,684,False,True,61.0,60.0,2004.0
1191,684,False,True,49.0,40.0,2004.0
1192,685,False,True,60.0,100.0,1992.0
1193,686,False,True,65.0,100.0,1992.0
1194,687,False,False,59.0,25.0,2016.0
1195,687,False,True,62.0,25.0,2016.0
1196,687,False,True,38.0,25.0,2016.0
1197,687,False,True,28.0,25.0,2016.0
1198,688,False,True,72.0,100.0,1995.0
1199,689,False,True,60.0,50.0,2001.0
1200,689,False,True,56.0,50.0,2001.0
1201,690,False,True,60.0,50.0,2001.0
1202,690,False,True,56.0,50.0,2001.0
1203,691,False,True,53.0,64.5,2011.0
1204,691,True,False,32.0,35.5,2011.0
1205,692,False,True,41.0,100.0,2010.0
1206,693,False,True,61.0,100.0,2002.0
1207,694,False,True,71.0,100.0,1992.0
1208,695,False,True,61.0,100.0,1998.0
1209,696,False,True,61.0,100.0,1998.0
1210,697,False,True,52.0,75.0,2017.0
1211,697,False,False,36.0,25.0,2017.0
1212,698,False,True,52.0,75.0,2017.0
1213,698,False,True,36.0,25.0,2017.0
1214,699,False,True,68.0,100.0,2006.0
1215,700,False,True,54.0,100.0,2014.0
1216,701,False,True,54.0,100.0,2014.0
1217,702,False,True,51.0,69.0,2014.0
1218,702,False,False,39.0,15.0,2014.0
1219,702,False,False,40.0,15.0,2015.0
1220,702,False,False,57.0,1.0,2003.0
1221,703,False,True,48.0,54.0,2012.0
1222,703,False,True,44.0,46.0,2012.0
1223,704,False,True,48.0,54.0,2012.0
1224,704,False,True,44.0,46.0,2012.0
1225,705,False,True,55.0,50.0,1991.0
1226,705,False,True,52.0,50.0,1997.0
1227,706,False,True,55.0,50.0,1991.0
1228,706,False,True,52.0,50.0,1997.0
1229,707,False,True,46.0,100.0,2008.0
1230,708,False,True,46.0,100.0,2008.0
1231,709,False,True,47.0,100.0,2000.0
1232,710,False,True,70.0,100.0,2006.0
1233,711,False,True,50.0,50.0,2010.0
1234,711,False,True,52.0,50.0,2010.0
1235,712,False,True,55.0,100.0,2015.0
1236,713,False,True,55.0,100.0,1994.0
1237,714,False,True,52.0,100.0,2017.0
1238,715,False,True,45.0,75.0,2009.0
1239,715,False,True,88.0,25.0,2009.0
1240,716,False,True,45.0,75.0,2009.0
1241,716,False,True,88.0,25.0,2009.0
1242,717,False,True,47.0,100.0,2010.0
1243,718,False,True,66.0,100.0,2001.0
1244,719,False,True,38.0,100.0,2013.0
1245,720,False,True,38.0,100.0,2013.0
1246,721,False,True,71.0,100.0,1980.0
1247,722,False,True,58.0,100.0,2004.0
1248,723,False,True,52.0,100.0,1987.0
1249,724,False,True,60.0,63.0,1987.0
1250,724,False,True,60.0,27.0,1997.0
1251,724,False,True,29.0,10.0,2013.0
1252,725,False,True,60.0,63.0,1987.0
1253,725,False,True,60.0,27.0,1997.0
1254,725,False,True,29.0,10.0,2013.0
1255,726,False,True,58.0,100.0,2014.0
1256,727,True,False,71.0,45.0,1994.0
1257,727,False,True,41.0,45.0,2006.0
1258,727,False,True,44.0,10.0,2017.0
1259,728,False,True,55.0,100.0,2013.0
1260,729,False,True,38.0,100.0,2005.0
1261,730,False,True,57.0,100.0,2014.0
1262,731,False,True,45.0,66.0,2009.0
1263,731,False,False,55.0,33.0,2009.0
1264,732,False,True,59.0,100.0,1993.0
1265,733,False,True,47.0,80.0,2014.0
1266,733,False,True,46.0,20.0,2014.0
1267,734,False,True,51.0,100.0,2003.0
1268,735,False,True,66.0,100.0,2001.0
1269,736,False,True,61.0,100.0,2008.0
1270,737,False,True,42.0,100.0,2006.0
1271,738,False,True,39.0,100.0,2005.0
1272,739,False,True,69.0,50.0,2016.0
1273,739,False,False,42.0,50.0,2016.0
1274,740,False,True,68.0,100.0,2010.0
1275,741,False,True,68.0,100.0,2010.0
1276,742,True,False,62.0,90.0,1989.0
1277,742,False,True,49.0,10.0,1992.0
1278,743,False,True,60.0,50.0,1988.0
1279,743,False,True,69.0,50.0,1988.0
1280,744,False,True,59.0,100.0,1995.0
1281,744,False,False,52.0,0.0,2003.0
1282,745,False,True,69.0,100.0,1970.0
