id,year,yearsinbusiness,firmid,firmsectionid,clientid,revenueid,processid,processtechnologyuseid,financialsid,firmanalyticsresultid,employeecount,ClientsCount,AverageClientAge,AverageClientRelationshipLength,AverageClientAdditions,AverageClientDepartures,ReferralRate,InstitutionalAumPercent,TopFiveClientsAumPercent,BeneficiaryLevel,ClientMeetingFrequency,Aum,DiscretionaryInvestmentAumPercent,AverageBasisPointsForAdvisory,NonCompetes,SuccessionPlan,ManagementRetentionProgram,ContinuityPlan,CompensationBonusPlan,StockOwnershipPlan,TechnologyDisasterRecoveryPlan,RecentLegalIssues,CurrentLegalIssues,crm,accounting,portfoliomanagement,portfolioaccounting,financialplanning,firmwebsite,clientportal,socialmedia,email,digitalcompliancemonitoring,digitalfinancialrecords,robotechnology,riskassessmentsoftware,TotalNetRevenue,ProjectedAnnualGrowthRate,RecurringRevenuePercent,TotalOutstandingAssets,TotalOutstandingLiabilities,RevenueBreakdownId,OperatingExpensesId,OtherIncomeAndExpensesId,OperatingExpenseAdjustmentsId,OtherPercent,EquityPercent,FixedIncomePercent,MutualFundsPercent,MunicipalsPercent,CommoditiesPercent,ManagedMoneyPercent,InsurancePercent,AnnuityPercent,FinancialPlanningAndConsultingPercent,OtherServicesPercent,totaldirectexpense,othercompensationandbenefits,officeexpenses,rent,technology,professionalservices,marketingandbusinessdevelopment,travelandentertainment,insurance,other,depreciation,amortization,taxes,Year,CashflowValue,NetBalanceSheet,TotalValue,NetRevenue,OperatingExpenses,IncomeFromOperations,Ebitda,Eboc,TruelyticsScore,DiscountRate,ComparablesId,GrowthRateId,ExpenseRatioId,DiscountFactorId,BusinessStabilityId,MarketStabilityId,ClientStabilityId,ProFormaId
4,2014,17.0,203,4,4,4,4,4,4,4,4,66,65,15,1,1,90.0,0.0,10.0,0.0,1.0,102020000.0,100.0,0.0,0,0,1,0,1,0,0,0,0,0,0,1,1,0,0,0,0,0,1,1,0,0,662674.0,15.0,90.0,0.0,0.0,4,4,4,4,0.0,20.0,20.0,50.0,8.0,0.0,0.0,0.0,0.0,2.0,0.0,140800.0,75200.0,13450.0,82000.0,4500.0,11000.0,2500.0,25500.0,14078.0,12800.0,9197.0,10401.0,24300.0,2014,1549818.48597,0.0,1549818.48597,662674.0,392050.0,270624.0,294924.0,473224.0,2.38866666667,33.2,4,4,4,4,10,12,11,4
5,2015,18.0,203,5,5,5,5,5,5,5,7,80,65,15,1,1,90.0,0.0,10.0,0.0,1.0,202020000.0,100.0,0.0,0,0,1,0,1,0,0,0,0,0,0,1,1,0,0,0,0,0,1,1,0,0,662674.0,5.0,90.0,0.0,0.0,5,5,5,5,0.0,20.0,20.0,50.0,8.0,0.0,0.0,0.0,0.0,2.0,0.0,140800.0,0.0,13450.0,50000.0,4500.0,0.0,2500.0,25500.0,14078.0,0.0,9197.0,10401.0,24300.0,2015,1376341.9685,0.0,1376341.9685,662674.0,392050.0,270624.0,294924.0,473224.0,2.38866666667,32.5,5,5,5,5,13,15,14,5
6,2016,19.0,203,6,6,6,6,6,6,6,6,400,68,15,20,5,100.0,15.0,10.0,8.0,4.0,220000000.0,100.0,75.0,7,1,0,1,0,0,0,0,0,1,1,1,1,1,0,1,1,0,1,1,0,1,1443750.0,8.0,100.0,0.0,0.0,6,6,6,6,0.0,15.0,0.0,25.0,5.0,0.0,20.0,10.0,0.0,25.0,0.0,96000.0,51000.0,57900.0,21000.0,7800.0,1200.0,21766.0,4500.0,600.0,122698.0,9197.0,10401.0,36409.0,2016,3986275.06069,0.0,3986275.06069,1443750.0,511050.0,932700.0,957000.0,1207000.0,3.0555,28.9,6,6,6,6,16,18,17,6
12,2014,34.0,205,12,12,12,12,12,12,12,7,220,55,12,10,3,50.0,0.0,30.0,30.0,2.0,320000000.0,100.0,0.0,0,0,1,0,0,1,0,0,0,1,1,1,0,1,0,1,0,0,0,0,0,0,2356000.0,10.0,95.0,50000.0,0.0,12,12,12,12,0.0,0.0,0.0,0.0,0.0,0.0,80.0,0.0,0.0,20.0,0.0,375000.0,165000.0,33648.0,56100.0,71304.0,465816.0,25808.0,10500.0,5736.0,55000.0,2976.0,0.0,0.0,2014,4407848.44038,50000.0,4457848.44038,2356000.0,1266888.0,1089112.0,1092088.0,1292088.0,2.4445,31.3,12,12,12,12,34,36,35,12
13,2016,36.0,205,14,14,14,14,14,14,14,7,250,55,12,10,3,50.0,0.0,30.0,5.0,2.0,320000000.0,100.0,0.0,0,0,1,0,0,1,0,0,0,1,0,0,0,0,0,1,0,0,0,0,0,0,2356000.0,10.0,95.0,50000.0,0.0,14,14,14,14,0.0,0.0,0.0,0.0,0.0,0.0,80.0,0.0,0.0,20.0,0.0,50000.0,1935500.0,212988.0,25000.0,50000.0,22500.0,10000.0,25000.0,8700.0,105000.0,2500.0,0.0,0.0,2016,4357251.53529,50000.0,4407251.53529,2356000.0,1266888.0,1089112.0,1092088.0,1292088.0,2.5,31.8,14,14,14,14,40,42,41,14
16,2014,11.0,207,17,17,17,17,17,17,17,16,12,52,8,3,1,80.0,100.0,40.0,100.0,4.0,190000000.0,0.0,0.0,0,1,0,1,1,1,0,0,0,1,1,1,1,0,1,0,1,1,1,1,0,0,1606000.0,10.0,100.0,125000.0,0.0,17,17,17,17,0.0,0.0,0.0,0.0,0.0,0.0,100.0,0.0,0.0,0.0,0.0,600000.0,200000.0,25000.0,55000.0,35000.0,25000.0,8000.0,18000.0,10000.0,5500.0,4000.0,10401.0,36409.0,2014,1129201.81289,125000.0,1254201.81289,1606000.0,1460089.0,145911.0,150240.0,330240.0,2.77783333333,31.2,17,17,17,17,49,51,50,17
17,2015,12.0,207,18,18,18,18,18,18,18,10,300,55,8,3,1,80.0,20.0,28.0,40.0,4.0,190000000.0,85.0,0.0,0,0,0,1,1,0,0,0,0,1,1,1,1,0,1,0,1,1,1,1,0,0,1606000.0,10.0,85.0,0.0,0.0,18,18,18,18,0.0,10.0,2.0,14.0,5.0,1.0,60.0,3.0,0.0,5.0,0.0,600000.0,200000.0,25000.0,55000.0,35000.0,25000.0,8000.0,18000.0,10000.0,5500.0,4000.0,10401.0,36409.0,2015,2701257.24514,0.0,2701257.24514,1606000.0,985500.0,620500.0,634500.0,784500.0,2.778,30.9,18,18,18,18,52,54,53,18
18,2016,13.0,207,19,19,19,19,19,19,19,10,300,55,8,3,1,80.0,20.0,28.0,40.0,4.0,190000000.0,85.0,0.0,0,0,0,1,1,0,0,0,0,1,1,1,1,0,1,0,1,1,1,1,0,0,1606000.0,10.0,85.0,0.0,0.0,19,19,19,19,0.0,10.0,2.0,14.0,5.0,1.0,60.0,3.0,0.0,5.0,0.0,3258000.0,248459.0,8490.0,110504.0,125182.0,165099.0,38898.0,8563.0,56687.0,122698.0,2500.0,2500.0,8400.0,2016,2701257.24514,0.0,2701257.24514,1606000.0,985500.0,620500.0,634500.0,784500.0,2.778,30.9,19,19,19,19,55,57,56,19
19,2014,13.0,208,20,20,20,20,20,20,20,22,1000,55,8,50,10,75.0,0.0,10.0,20.0,2.0,523884917.0,100.0,0.0,0,1,1,1,0,1,0,0,0,0,1,1,1,1,1,1,1,0,1,1,0,0,5761033.0,5.0,95.0,0.0,0.0,20,20,20,20,0.0,0.0,0.0,0.0,0.0,0.0,95.0,0.0,3.0,2.0,0.0,3258000.0,248459.0,8490.0,110504.0,125182.0,165099.0,38898.0,8563.0,56687.0,122698.0,2500.0,2500.0,8400.0,2014,7324464.56001,0.0,7324464.56001,5761033.0,3784823.0,1976210.0,1989610.0,2279610.0,3.22233333333,28.1,20,20,20,20,58,60,59,20
20,2015,14.0,208,21,21,21,21,21,21,21,22,1000,55,8,50,10,75.0,0.0,10.0,20.0,2.0,523884917.0,100.0,0.0,0,1,1,1,0,1,0,0,0,0,1,1,1,1,1,1,1,0,1,1,0,0,5761033.0,10.0,95.0,0.0,0.0,21,21,21,21,0.0,0.0,0.0,0.0,0.0,0.0,95.0,0.0,3.0,2.0,0.0,59526.0,248459.0,6768.0,18000.0,1207.0,1350.0,0.0,2586.0,1000.0,3500.0,9197.0,10401.0,36409.0,2015,8390712.38207,0.0,8390712.38207,5761033.0,3784823.0,1976210.0,1989610.0,2279610.0,3.22233333333,28.1,21,21,21,21,61,63,62,21
21,2014,20.0,209,22,22,22,22,22,22,22,39,200,60,15,5,1,100.0,0.0,10.0,0.0,3.0,68364632.0,0.0,0.0,0,0,0,0,0,0,0,0,0,0,0,0,0,0,0,0,0,0,0,0,0,0,257793.0,2.0,48.0,0.0,0.0,22,22,22,22,0.0,77.0,0.0,9.0,0.0,0.0,0.0,14.0,0.0,0.0,0.0,100000.0,75000.0,6768.0,18000.0,1207.0,1350.0,0.0,2586.0,1000.0,3500.0,9197.0,10401.0,36409.0,2014,430266.124613,0.0,430266.124613,257793.0,93937.0,163856.0,163856.0,167456.0,2.1665,34.6,22,22,22,22,64,66,65,22
22,2015,21.0,209,23,23,23,23,23,23,23,5,90,60,15,5,1,100.0,0.0,10.0,0.0,3.0,68364632.0,50.0,0.0,0,0,0,0,0,0,0,0,0,0,0,0,0,0,0,0,0,0,0,0,0,0,650000.0,2.0,75.0,0.0,0.0,23,23,23,23,0.0,77.0,0.0,9.0,0.0,0.0,0.0,14.0,0.0,0.0,0.0,120000.0,75000.0,6768.0,52000.0,10000.0,15000.0,1500.0,4750.0,1000.0,3500.0,9197.0,10401.0,36409.0,2015,1139126.86604,0.0,1139126.86604,650000.0,209411.0,440589.0,440589.0,440589.0,2.1665,34.3,23,23,23,23,67,69,68,23
23,2016,22.0,209,24,24,24,24,24,24,24,5,90,60,15,5,1,100.0,0.0,10.0,10.0,3.0,68364632.0,50.0,0.0,0,0,0,0,0,0,0,0,0,0,0,0,0,0,0,0,0,0,0,0,0,0,650000.0,8.0,75.0,0.0,0.0,24,24,24,24,0.0,40.0,6.0,9.0,0.0,0.0,20.0,10.0,15.0,0.0,0.0,0.0,605045.0,22591.0,125140.0,20000.0,149615.0,55973.0,100600.0,5563.0,201473.0,0.0,0.0,46300.0,2016,1163911.46324,0.0,1163911.46324,650000.0,289518.0,360482.0,360482.0,375482.0,2.27783333333,33.2,24,24,24,24,70,72,71,24
24,2014,15.0,210,25,25,25,25,25,25,25,20,1375,63,5,60,5,90.0,0.0,1.5,25.0,3.0,462570471.27,40.0,0.0,0,1,1,1,1,0,0,0,0,1,1,1,0,0,1,1,1,1,0,1,0,0,4200000.0,10.0,70.0,146367.0,170000.0,25,25,25,25,0.0,0.45,6.51,14.83,0.18,0.0,47.95,0.05,18.39,0.0,0.21,0.0,715838.0,35805.0,142040.0,28000.0,59521.0,51411.0,79369.0,14265.0,42275.0,411.0,115153.0,46300.0,2014,18578025.3243,-23633.0,18554392.3243,4200000.0,1332300.0,2867700.0,2914000.0,5232772.0,2.778,29.6,25,25,25,25,73,75,74,25
25,2015,16.0,210,26,26,26,26,26,26,26,21,1500,55,7,100,7,90.0,15.9,11.1,60.0,3.0,493145417.03,42.0,0.0,0,1,1,1,1,0,0,0,0,1,1,1,0,0,1,1,1,1,0,1,0,0,3452000.0,7.0,80.0,86423.0,179436.0,26,26,26,26,0.0,1.55,6.3,16.94,0.11,0.0,58.5,0.1,16.3,0.0,0.2,350835.0,459959.0,50070.0,137820.0,35535.0,25483.0,59605.0,87841.0,16945.0,42275.0,48073.0,616.0,12814.0,2015,9041124.54991,-93013.0,8948111.54991,3452000.0,1330388.0,2121612.0,2548027.0,2773027.0,2.889,29.8,26,26,26,26,76,78,77,26
26,2016,17.0,210,27,27,27,27,27,27,27,524308,1600,56,8,100,8,60.0,16.1,12.2,60.0,3.0,510668003.73,42.0,1.0,3,1,1,1,1,0,1,0,0,1,1,1,0,0,1,1,1,1,1,1,0,0,3554907.0,12.0,80.0,43631.49,113659.62,27,27,27,27,0.0,1.32,7.24,8.59,0.07,0.32,65.95,0.07,16.44,0.0,0.0,479373.07,38745.0,20394.5,18000.0,11232.6,3243.21,16662.62,45476.0,1500.0,645.0,5000.0,10401.0,0.0,2016,10479909.6707,-70028.13,10409881.5407,3554907.0,1327871.0,2227036.0,2404319.0,2704319.0,3.222,28.2,27,27,27,27,79,81,80,27
39,2014,12.0,606,40,40,40,40,40,40,40,19,170,60,8,15,1,95.0,1.0,15.0,40.0,4.0,1100000000.0,0.0,0.0,0,0,0,1,1,0,0,0,0,1,1,1,1,1,1,1,0,1,0,1,0,0,4600000.0,10.0,100.0,100000.0,0.0,40,40,40,40,0.0,0.0,0.0,75.0,10.0,0.0,10.0,0.0,0.0,0.0,5.0,1780000.0,942000.0,50000.0,96000.0,200000.0,15000.0,10000.0,23000.0,58000.0,122698.0,0.0,0.0,58000.0,2014,10174458.9187,100000.0,10274458.9187,4600000.0,3390000.0,1210000.0,1275000.0,2825000.0,3.0555,29.0,40,40,40,40,118,120,119,40
40,2015,13.0,606,41,41,41,41,41,41,41,19,170,60,8,15,1,95.0,1.0,15.0,40.0,4.0,1100000000.0,0.0,0.0,0,0,0,1,1,0,0,0,0,1,1,1,1,1,1,1,0,1,0,1,0,0,4450000.0,10.0,100.0,85000.0,0.0,41,41,41,41,0.0,0.0,0.0,75.0,10.0,0.0,10.0,0.0,0.0,0.0,5.0,386949.0,41600.0,3000.0,13800.0,12000.0,4500.0,1800.0,4500.0,500.0,122698.0,9197.0,10401.0,36409.0,2015,10178060.4971,85000.0,10263060.4971,4450000.0,3232000.0,1218000.0,1276000.0,2826000.0,3.0555,29.0,41,41,41,41,121,123,122,41
43,2016,17.0,219,45,45,45,45,45,45,45,4,73,59,18,8,1,90.0,0.0,20.0,10.0,2.0,59000000.0,100.0,0.0,0,0,0,0,0,0,0,0,0,0,1,0,0,0,0,0,0,0,0,0,0,0,555000.0,5.0,95.0,0.0,0.0,45,45,45,45,0.0,0.0,0.0,0.0,0.0,0.0,100.0,0.0,0.0,0.0,0.0,96000.0,40000.0,6000.0,36000.0,25000.0,12000.0,18000.0,8500.0,0.0,58000.0,9197.0,10401.0,36409.0,2016,728706.06528,0.0,728706.06528,555000.0,299500.0,255500.0,255500.0,255500.0,2.27783333333,33.4,45,45,45,45,133,135,134,45
44,2015,16.0,219,46,46,46,46,46,46,46,4,72,58,18,8,1,90.0,0.0,20.0,10.0,2.0,58000000.0,100.0,0.0,0,0,0,0,0,0,0,0,0,1,1,1,0,1,1,1,1,1,1,1,0,0,550000.0,5.0,95.0,0.0,0.0,46,46,46,46,0.0,0.0,0.0,0.0,0.0,0.0,100.0,0.0,0.0,0.0,0.0,5408000.0,680000.0,50000.0,250000.0,20000.0,46000.0,68000.0,40000.0,55000.0,1448000.0,10000.0,0.0,25000.0,2015,714445.672613,0.0,714445.672613,550000.0,299500.0,250500.0,250500.0,250500.0,2.27783333333,33.4,46,46,46,46,136,138,137,46
57,2014,10.0,616,60,60,60,60,60,60,60,11,185,60,5,15,2,100.0,2.0,17.0,7.5,4.0,158000000.0,100.0,0.0,0,0,1,1,1,0,0,0,0,1,1,0,0,1,1,1,0,1,0,1,0,0,1270000.0,5.0,90.0,0.0,0.0,60,60,60,60,0.0,0.0,0.0,0.0,0.0,0.0,90.0,0.0,6.0,4.0,0.0,400000.0,176000.0,21700.0,30355.0,15000.0,17250.0,28500.0,11500.0,13240.0,17000.0,3820.0,43820.0,48500.0,2014,5486246.6813,0.0,5486246.6813,1270000.0,426685.0,843315.0,939455.0,1751655.0,3.05533333333,29.2,60,60,60,60,178,180,179,60
58,2015,11.0,616,61,61,61,61,61,61,61,11,185,60,5,15,2,100.0,2.0,17.0,7.5,4.0,165000000.0,100.0,0.0,0,0,1,1,1,0,0,0,0,1,1,0,0,1,1,1,0,1,0,1,0,0,1385000.0,5.0,90.0,0.0,0.0,61,61,61,61,0.0,0.0,0.0,0.0,0.0,0.0,90.0,0.0,6.0,4.0,0.0,0.0,400000.0,32000.0,112000.0,120000.0,30000.0,13000.0,50000.0,40000.0,40000.0,9197.0,10401.0,25000.0,2015,2048193.04434,0.0,2048193.04434,1385000.0,826685.0,558315.0,654455.0,655455.0,3.05533333333,29.3,61,61,61,61,181,183,182,61
66,2014,18.0,621,69,69,69,69,69,69,69,4,120,65,10,5,2,100.0,15.0,40.0,60.0,3.0,160000000.0,20.0,0.0,0,0,0,0,0,0,0,0,0,0,1,0,1,1,1,1,1,1,1,1,0,0,450000.0,10.0,42.0,0.0,0.0,69,69,69,69,0.0,33.0,15.0,15.0,5.0,0.0,32.0,0.0,0.0,0.0,0.0,67200.0,9084.0,6000.0,24024.0,2000.0,3500.0,3000.0,12000.0,1200.0,122698.0,9197.0,10401.0,36409.0,2014,1081551.89055,0.0,1081551.89055,450000.0,117400.0,332600.0,332600.0,332600.0,2.27783333333,33.4,69,69,69,69,205,207,206,69
67,2015,19.0,621,70,70,70,70,70,70,70,4,100,68,15,5,1,100.0,8.0,35.0,60.0,3.0,165000000.0,40.0,0.0,0,0,0,1,1,0,0,0,0,1,1,1,1,1,1,1,1,1,1,1,0,0,425000.0,10.0,65.0,0.0,0.0,70,70,70,70,0.0,15.0,10.0,5.0,5.0,0.0,65.0,0.0,0.0,0.0,0.0,76000.0,15000.0,19000.0,10000.0,5000.0,10000.0,14000.0,16000.0,5000.0,122698.0,9197.0,10401.0,36409.0,2015,967934.805183,0.0,967934.805183,425000.0,128008.0,296992.0,296992.0,296992.0,2.27783333333,33.3,70,70,70,70,208,210,209,70
80,2014,5.0,627,83,83,83,83,83,83,83,7,102,59,12,6,1,90.0,0.0,17.0,25.0,4.0,104530000.0,100.0,0.0,0,1,1,1,1,1,0,0,0,1,1,1,1,1,1,1,1,1,1,1,0,0,947500.0,5.0,100.0,35473.7,35473.7,83,83,83,83,0.0,17.27,11.7,13.7,6.03,0.0,40.3,0.0,7.0,4.0,0.0,135000.0,122670.0,11782.0,22500.0,34668.0,20236.0,6852.0,1857.0,6500.0,156000.0,0.0,0.0,52836.0,2014,2892667.63882,0.0,2892667.63882,947500.0,532145.63,415354.37,483184.93,898184.93,3.278,28.0,83,83,83,83,247,249,248,83
81,2015,6.0,627,84,84,84,84,84,84,84,7,102,59,14,6,1,90.0,0.0,17.0,28.0,4.0,104530000.0,100.0,0.0,0,1,1,1,1,1,0,0,0,1,1,1,1,1,1,1,1,1,1,1,0,0,927500.0,5.0,100.0,55000.0,55000.0,84,84,84,84,0.0,16.27,15.7,11.7,6.03,0.0,46.3,0.0,4.0,0.0,0.0,135000.0,122670.0,11782.0,22500.0,34668.0,20236.0,6852.0,1857.0,6500.0,156000.0,0.0,0.0,52836.0,2015,2497767.91921,0.0,2497767.91921,927500.0,570901.0,356599.0,424429.56,781028.56,3.278,28.3,84,84,84,84,250,252,251,84
82,2016,7.0,627,85,85,85,85,85,85,85,7,102,59,14,6,1,70.0,0.0,17.0,32.0,4.0,104530000.0,100.0,0.0,0,1,1,1,1,1,0,0,0,1,1,1,1,1,1,1,1,1,1,1,0,0,927500.0,5.0,100.0,55000.0,55000.0,85,85,85,85,0.0,10.67,24.3,8.7,6.03,0.0,46.3,0.0,4.0,0.0,0.0,796499.0,248459.0,361748.0,69600.0,6616.0,21960.0,21985.0,32341.0,20116.0,122698.0,14202.0,10401.0,18912.0,2016,2533153.58428,0.0,2533153.58428,927500.0,570901.0,356599.0,424429.56,781028.56,3.278,27.7,85,85,85,85,253,255,254,85
85,2014,27.0,234,88,88,88,88,88,88,88,21,209,65,5,18,10,51.0,1.0,10.0,25.0,3.0,301224.0,100.0,0.0,0,1,0,1,1,0,0,0,0,1,1,1,1,1,1,1,1,1,1,1,0,0,2516018.0,6.0,98.0,0.0,0.0,88,88,88,88,0.0,0.0,0.0,0.0,0.0,0.0,98.0,0.0,0.0,2.0,0.0,448847.0,334495.0,43911.0,124291.0,61000.0,141849.0,50812.0,18128.0,34874.0,122698.0,0.0,0.0,87000.0,2014,8862528.61227,0.0,8862528.61227,2516018.0,760000.0,1756018.0,1786018.0,2786018.0,3.0,29.7,88,88,88,88,262,264,263,88
86,2015,28.0,234,89,89,89,89,89,89,89,21,209,65,9,18,10,51.0,1.0,10.0,25.0,3.0,301224.0,100.0,0.0,0,1,0,1,1,0,0,0,0,1,1,1,1,1,1,1,1,1,1,1,0,0,2516018.0,6.0,98.0,255347.0,595.0,89,89,89,89,0.0,0.0,0.0,0.0,0.0,0.0,98.0,0.0,0.0,2.0,0.0,220000.0,310000.0,19000.0,24360.0,500.0,33600.0,0.0,2000.0,9600.0,122698.0,9197.0,10401.0,6000.0,2015,6211399.51577,254752.0,6466151.51577,2516018.0,1345207.0,1170811.0,1257811.0,1952611.0,3.0,29.7,89,89,89,89,265,267,266,89
94,2014,9.0,632,97,97,97,97,97,97,97,23,483,65,12,30,6,90.0,0.0,15.0,10.0,3.0,505608382.0,92.0,0.0,0,1,0,1,1,0,0,0,0,1,1,1,1,1,1,1,1,1,1,1,0,0,2470232.0,13.0,97.0,150000.0,0.0,97,97,97,97,0.0,0.0,0.0,0.0,0.0,0.0,97.0,0.0,0.0,1.0,2.0,1129991.0,286365.0,44840.0,71141.0,48632.0,45084.0,57178.0,8609.0,27132.0,62959.0,8467.0,0.0,84185.0,2014,4634327.92475,150000.0,4784327.92475,2470232.0,1887815.39,582416.61,679500.84,1207844.5,3.05533333333,29.7,97,97,97,97,289,291,290,97
95,2015,10.0,632,98,98,98,98,98,98,98,23,483,65,12,30,6,90.0,0.0,15.0,10.0,3.0,500634428.0,90.0,0.0,0,1,0,1,1,0,0,0,0,1,1,1,1,1,1,1,1,1,1,1,0,0,2470232.0,13.0,97.0,180000.0,0.0,98,98,98,98,0.0,0.0,0.0,0.0,0.0,0.0,97.0,0.0,0.0,1.0,2.0,3474542.0,2000000.0,423000.0,355000.0,496000.0,161000.0,54275.0,45800.0,91126.0,0.0,145479.0,29456.0,19000.0,2015,4123865.59034,180000.0,4303865.59034,2470232.0,1874583.0,595649.0,713301.0,1072195.0,3.05533333333,29.6,98,98,98,98,292,294,293,98
96,2014,31.0,633,99,99,99,99,99,99,99,73,900,59,6,90,5,70.0,10.0,1.0,40.0,3.0,1650000000.0,100.0,0.0,0,1,1,1,1,0,0,0,0,1,1,1,1,1,1,1,1,1,1,1,0,0,11003000.0,15.0,100.0,2421000.0,550000.0,99,99,99,99,0.0,2.0,15.0,40.0,0.0,4.0,0.0,0.0,0.0,10.0,29.0,1050000.0,3100000.0,1000000.0,655000.0,750000.0,125000.0,100000.0,150000.0,100000.0,500000.0,50000.0,10401.0,10000.0,2014,28299387.458,1871000.0,30170387.458,11003000.0,7294678.0,3708322.0,4102257.0,6402257.0,3.38883333333,26.2,99,99,99,99,295,297,296,99
97,2016,33.0,633,100,100,100,100,100,100,100,22,467,62,6,24,14,90.0,35.0,32.0,20.0,3.0,700000000.0,100.0,0.78,0,0,0,1,0,0,0,0,0,1,1,1,1,1,1,0,0,0,0,0,0,0,17300000.0,8.0,95.0,50000.0,0.0,100,100,100,100,0.0,0.0,0.0,95.0,0.0,0.0,0.0,0.0,0.0,5.0,0.0,1100000.0,3100000.0,400000.0,650000.0,750000.0,210000.0,100000.0,160000.0,190000.0,850000.0,25000.0,0.0,15000.0,2016,33329505.1958,50000.0,33379505.1958,17300000.0,11590000.0,5710000.0,5770000.0,10420000.0,2.44433333333,31.8,100,100,100,100,298,300,299,100
98,2017,34.0,633,101,101,101,101,101,101,101,56,1200,58,8,170,15,60.0,8.0,4.0,25.0,4.0,2300000000.0,99.0,0.79,7,1,1,1,1,0,1,0,0,1,1,1,1,1,1,1,0,1,1,1,0,1,17400000.0,12.0,98.0,2400000.0,140000.0,101,101,101,101,0.0,0.0,25.0,60.0,0.0,0.0,5.0,0.0,0.0,7.0,3.0,3474542.0,2000000.0,423000.0,355000.0,496000.0,161000.0,54275.0,45800.0,91126.0,0.0,145479.0,29456.0,19000.0,2017,41537195.521,2260000.0,43797195.521,17400000.0,11650000.0,5750000.0,5940000.0,10040000.0,3.55583333333,25.6,101,101,101,101,301,303,302,101
99,2015,32.0,633,102,102,102,102,102,102,102,73,900,59,6,90,5,70.0,10.0,1.0,40.0,3.0,1650000000.0,100.0,0.0,0,1,1,1,1,0,0,0,0,1,1,1,1,1,1,1,1,1,1,1,0,0,11003000.0,15.0,100.0,2421000.0,550000.0,102,102,102,102,0.0,2.0,15.0,40.0,0.0,4.0,0.0,0.0,0.0,10.0,29.0,401188.0,1175635.0,38866.0,31000.0,48211.0,91330.0,25524.0,26471.0,34974.0,28145.0,0.0,0.0,0.0,2015,28299387.458,1871000.0,30170387.458,11003000.0,7294678.0,3708322.0,4102257.0,6402257.0,3.38883333333,26.2,102,102,102,102,304,306,305,102
100,2014,12.0,238,103,103,103,103,103,103,103,32,400,56,6,34,10,95.0,0.0,22.7,10.0,3.0,475000000.0,100.0,0.0,0,0,0,1,1,0,0,0,0,1,1,1,1,1,1,1,1,1,1,1,0,0,3063958.0,10.0,93.0,0.0,0.0,103,103,103,103,0.0,5.39,0.0,90.69,0.0,0.0,0.0,2.9,0.0,1.02,0.0,401188.0,1175635.0,38866.0,31000.0,48211.0,91330.0,25524.0,26471.0,34974.0,28145.0,0.0,0.0,0.0,2014,4138659.84078,0.0,4138659.84078,3063958.0,1901344.0,1162614.0,1190759.0,1190759.0,2.72233333333,30.5,103,103,103,103,307,309,308,103
101,2015,13.0,238,104,104,104,104,104,104,104,32,400,56,6,34,10,95.0,0.0,22.7,10.0,3.0,475000000.0,100.0,0.0,0,0,0,1,1,0,0,0,0,1,1,1,1,1,1,1,1,1,1,1,0,0,3063958.0,10.0,93.0,0.0,0.0,104,104,104,104,0.0,5.39,0.0,90.02,0.0,0.0,0.0,2.9,0.0,1.69,0.0,655822.0,84772.0,26646.0,18135.0,50945.0,16886.0,63724.0,16984.0,438.0,3466.0,0.0,0.0,0.0,2015,4138659.84078,0.0,4138659.84078,3063958.0,1901344.0,1162614.0,1190759.0,1190759.0,2.72233333333,30.5,104,104,104,104,310,312,311,104
107,2014,10.0,637,110,110,110,110,110,110,110,11,110,62,8,5,1,90.0,10.0,10.0,20.0,3.0,205000000.0,100.0,0.0,0,0,0,1,1,0,0,0,0,1,1,1,1,1,1,1,0,0,0,0,0,0,1500000.0,3.0,100.0,228000.0,4000.0,110,110,110,110,0.0,0.0,0.0,67.0,0.0,0.0,0.0,0.0,0.0,33.0,0.0,225000.0,0.0,35000.0,9000.0,8000.0,2000.0,300.0,1000.0,3000.0,0.0,0.0,0.0,0.0,2014,1743039.29973,224000.0,1967039.29973,1500000.0,1400403.0,99597.0,99597.0,591597.0,2.8335,29.5,110,110,110,110,328,330,329,110
108,2015,11.0,637,111,111,111,111,111,111,111,4,43,60,5,5,1,90.0,0.0,15.0,25.0,3.0,57000000.0,100.0,0.0,0,0,0,1,0,0,0,0,0,1,1,1,1,1,1,1,0,0,0,0,0,0,425000.0,4.0,100.0,50000.0,5000.0,111,111,111,111,0.0,0.0,0.0,67.0,0.0,0.0,0.0,0.0,0.0,0.0,0.0,386949.0,64000.0,15000.0,0.0,12000.0,10000.0,5000.0,1000.0,7000.0,0.0,0.0,0.0,0.0,2015,1082969.39466,45000.0,1127969.39466,425000.0,283300.0,141700.0,141700.0,366700.0,2.6665,30.6,111,111,111,111,331,333,332,111
109,2016,12.0,637,112,112,112,112,112,112,112,4,48,60,5,5,1,90.0,2.0,30.0,25.0,3.0,90000000.0,100.0,67.0,0,1,0,1,0,0,0,0,0,1,1,1,1,1,1,0,0,0,0,0,0,0,630000.0,10.0,98.0,50000.0,5000.0,112,112,112,112,0.0,0.0,0.0,98.0,0.0,0.0,0.0,0.0,0.0,2.0,0.0,180000.0,115000.0,39000.0,35000.0,41860.0,34000.0,1500.0,5000.0,24000.0,122698.0,9197.0,0.0,10500.0,2016,1752161.51278,45000.0,1797161.51278,630000.0,114000.0,516000.0,516000.0,516000.0,2.61133333333,31.5,112,112,112,112,334,336,335,112
111,2014,15.0,639,115,115,115,115,115,115,115,13,190,55,6,18,10,71.0,3.0,13.0,2.0,3.0,270000000.0,100.0,0.0,0,0,0,1,1,0,0,0,0,1,1,1,1,1,1,0,0,1,1,0,0,0,2350000.0,12.0,100.0,159754.0,102220.0,115,115,115,115,0.0,0.0,5.0,70.0,5.0,0.0,0.0,0.0,0.0,20.0,0.0,744000.0,415000.0,65000.0,90000.0,95000.0,15000.0,110000.0,40000.0,20000.0,40000.0,0.0,0.0,0.0,2014,4937744.2778,57534.0,4995278.2778,2350000.0,1634000.0,716000.0,716000.0,1328000.0,2.778,29.9,115,115,115,115,343,345,344,115
112,2015,16.0,639,116,116,116,116,116,116,116,13,190,55,6,18,10,71.0,3.0,13.0,2.0,3.0,270000000.0,100.0,0.0,0,0,0,1,1,0,0,0,0,1,1,1,1,1,1,0,0,1,1,0,0,0,2350000.0,12.0,100.0,159754.0,102220.0,116,116,116,116,0.0,0.0,5.0,70.0,5.0,0.0,0.0,0.0,0.0,20.0,0.0,386949.0,101361.0,51731.0,26420.0,26475.0,44575.0,3366.0,26274.0,9458.0,11578.0,13165.0,33000.0,48061.0,2015,4937744.2778,57534.0,4995278.2778,2350000.0,1634000.0,716000.0,716000.0,1328000.0,2.778,29.9,116,116,116,116,346,348,347,116
148,2014,20.0,255,153,153,153,153,153,153,153,18,600,62,14,33,5,50.0,0.5,15.0,30.0,5.0,310000000.0,70.0,0.0,0,0,0,1,1,0,0,0,0,1,1,1,1,1,1,1,1,1,1,1,0,0,2186335.89,10.0,88.0,0.0,0.0,153,153,153,153,0.0,0.0,0.0,7.0,0.0,0.0,0.0,4.0,13.0,67.0,9.0,447734.26,884362.23,122915.43,93008.6,35613.06,5691.05,50935.86,34941.39,271.0,14108.33,55833.7,0.0,4023.96,2014,3681304.08032,0.0,3681304.08032,2186335.89,1749438.87,436897.02,524178.55,975919.69,3.05566666667,27.1,153,153,153,153,457,459,458,153
149,2015,21.0,255,154,154,154,154,154,154,154,18,600,62,14,33,5,50.0,0.5,15.0,30.0,5.0,310000000.0,70.0,0.0,0,0,0,1,1,0,0,0,0,1,1,1,1,1,1,1,1,1,1,1,0,0,2186335.89,10.0,88.0,0.0,0.0,154,154,154,154,0.0,0.3,0.0,11.0,0.0,4.0,65.7,0.0,18.5,0.5,0.0,500000.0,248459.0,51731.0,57946.0,41860.0,28172.0,21766.0,22122.0,14078.0,300000.0,9197.0,10401.0,36409.0,2015,3415963.71107,0.0,3415963.71107,2186335.89,1749438.87,436897.02,524178.55,975919.69,2.83333333333,30.2,154,154,154,154,460,462,461,154
150,2014,31.0,655,155,155,155,155,155,155,155,11,500,65,7,15,8,70.0,0.0,20.0,10.0,3.0,215000000.0,0.0,0.0,0,1,1,1,1,0,0,0,0,1,1,1,1,1,1,1,1,0,1,0,0,0,1500000.0,5.0,50.0,0.0,0.0,155,155,155,155,0.0,0.0,0.0,0.0,0.0,0.0,100.0,0.0,0.0,0.0,0.0,300000.0,100000.0,12000.0,137000.0,6000.0,5000.0,10000.0,22122.0,20000.0,20000.0,9197.0,10401.0,60000.0,2014,3307302.35331,0.0,3307302.35331,1500000.0,800000.0,700000.0,700000.0,1100000.0,2.72233333333,31.0,155,155,155,155,463,465,464,155
151,2015,32.0,655,156,156,156,156,156,156,156,11,500,65,7,20,8,80.0,0.0,20.0,20.0,4.0,215000000.0,0.0,0.0,0,1,1,1,1,0,0,0,0,1,1,1,1,1,1,1,1,1,1,0,0,0,1500000.0,5.0,50.0,200000.0,0.0,156,156,156,156,0.0,3.0,25.0,11.0,2.0,0.0,37.0,0.0,21.0,0.0,1.0,300000.0,100000.0,12000.0,100000.0,6000.0,5000.0,10000.0,8000.0,20000.0,20000.0,9197.0,10401.0,60000.0,2015,3359650.49743,200000.0,3559650.49743,1500000.0,670000.0,830000.0,890000.0,1090000.0,2.778,29.9,156,156,156,156,466,468,467,156
152,2016,33.0,655,157,157,157,157,157,157,157,9,500,65,15,30,8,80.0,0.0,20.0,30.0,4.0,230000000.0,10.0,0.0,0,1,1,1,1,1,0,0,0,1,1,1,1,1,1,1,1,1,1,1,0,0,1300000.0,4.4,50.0,200000.0,0.0,157,157,157,157,0.0,3.0,25.0,11.0,2.0,0.0,37.0,0.0,21.0,0.0,1.0,2297133.0,1106465.0,342692.0,159879.0,49416.0,209757.0,13995.0,222656.0,3283.0,750113.0,0.0,0.0,0.0,2016,3097344.86619,200000.0,3297344.86619,1300000.0,641000.0,659000.0,719000.0,1019000.0,2.9445,29.8,157,157,157,157,469,471,470,157
158,2014,-1.0,657,163,163,163,163,163,163,163,8,85,60,10,2,2,100.0,3.0,80.0,15.0,2.0,130000000.0,45.0,0.0,0,0,0,1,0,0,0,0,0,0,0,1,1,1,1,1,0,0,0,1,0,0,1250000.0,5.0,90.0,0.0,0.0,163,163,163,163,0.0,23.0,22.0,15.0,35.0,0.0,0.0,3.0,2.0,0.0,0.0,260000.0,60000.0,10000.0,62500.0,10000.0,25000.0,5000.0,5000.0,15000.0,150000.0,5000.0,0.0,115000.0,2014,2003677.3797,0.0,2003677.3797,1250000.0,740500.0,509500.0,699500.0,699500.0,2.22216666667,33.2,163,163,163,163,487,489,488,163
159,2015,0.0,657,164,164,164,164,164,164,164,8,85,60,10,2,2,100.0,3.0,80.0,15.0,2.0,130000000.0,45.0,0.0,0,0,0,1,0,0,0,0,0,0,0,1,1,1,1,1,0,0,0,1,0,0,1250000.0,5.0,90.0,0.0,0.0,164,164,164,164,0.0,23.0,22.0,15.0,35.0,0.0,0.0,3.0,2.0,0.0,0.0,200000.0,434786.0,73922.0,91357.0,4483.0,37145.0,17001.0,891.0,9192.0,7450.0,6888.0,0.0,412.0,2015,1854726.38078,0.0,1854726.38078,1250000.0,722500.0,527500.0,647500.0,647500.0,2.22216666667,33.2,164,164,164,164,490,492,491,164
160,2014,15.0,259,165,165,165,165,165,165,165,7,165,62,10,5,1,100.0,0.0,14.0,50.0,4.0,172600000.0,98.0,0.0,0,0,0,1,1,0,0,0,0,1,1,1,1,1,1,1,0,1,1,1,0,0,1321375.0,10.0,100.0,0.0,0.0,165,165,165,165,0.0,56.0,6.0,17.0,6.0,0.0,0.0,0.0,0.0,3.0,12.0,200000.0,434786.0,73922.0,91357.0,4483.0,37145.0,17001.0,891.0,9192.0,7450.0,6888.0,0.0,412.0,2014,1569575.09859,0.0,1569575.09859,1321375.0,883527.0,437848.0,451592.0,451592.0,2.778,30.5,165,165,165,165,493,495,494,165
161,2015,16.0,259,166,166,166,166,166,166,166,10,147,65,8,5,1,100.0,0.0,14.0,50.0,4.0,167639866.21,98.0,0.0,0,0,0,1,1,0,0,0,0,1,1,1,1,1,1,1,0,1,1,1,0,0,1321375.0,10.0,100.0,0.0,0.0,166,166,166,166,0.0,56.0,6.0,17.0,6.0,0.0,0.0,0.0,0.0,3.0,12.0,300000.0,135000.0,12500.0,36000.0,2500.0,1500.0,8500.0,8500.0,1600.0,122698.0,0.0,0.0,800.0,2015,1573264.19111,0.0,1573264.19111,1321375.0,883527.0,437848.0,451592.0,451592.0,2.778,30.4,166,166,166,166,496,498,497,166
162,2014,16.0,658,167,167,167,167,167,167,167,7,196,68,8,4,1,100.0,52.0,0.0,5.0,3.0,135000000.0,15.0,0.0,0,1,1,1,0,0,0,0,0,1,1,1,1,0,1,1,1,1,1,1,0,0,508350.0,7.0,85.0,25000.0,0.0,167,167,167,167,0.0,4.5,0.5,6.0,1.5,0.0,31.0,29.0,27.5,0.0,0.0,310000.0,135000.0,12500.0,24000.0,2500.0,1500.0,8500.0,8500.0,1600.0,122698.0,0.0,0.0,800.0,2014,971638.597608,25000.0,996638.597608,508350.0,506900.0,1450.0,2250.0,304250.0,2.7225,30.7,167,167,167,167,499,501,500,167
163,2015,17.0,658,168,168,168,168,168,168,168,5,196,68,10,4,1,100.0,52.0,28.0,5.0,3.0,135000000.0,15.0,0.0,0,1,1,1,1,0,0,0,0,1,1,1,1,0,1,1,1,1,1,1,0,0,508350.0,7.0,90.0,25000.0,0.0,168,168,168,168,0.0,4.5,0.5,6.0,1.5,0.0,31.0,29.0,27.5,0.0,0.0,70000.0,100000.0,18000.0,40000.0,3000.0,1500.0,1500.0,15000.0,2000.0,122698.0,1000.0,0.0,3000.0,2015,1022205.43348,25000.0,1047205.43348,508350.0,504900.0,3450.0,4250.0,314250.0,2.94416666667,29.9,168,168,168,168,502,504,503,168
174,2014,5.0,261,179,179,179,179,179,179,179,11,295,62,12,12,6,40.0,0.0,13.7,25.0,4.0,175000000.0,100.0,0.0,0,0,0,1,1,0,0,0,0,1,1,1,1,1,1,1,1,1,1,1,0,0,1494879.0,8.0,99.0,0.0,0.0,179,179,179,179,0.0,0.0,0.0,99.5,0.0,0.0,0.0,0.0,0.5,0.0,0.0,545910.0,468708.0,46394.0,61289.0,49133.0,19854.0,16795.0,8051.0,4265.0,10709.0,5337.0,8779.0,103.0,2014,5089567.15807,0.0,5089567.15807,1494879.0,0.0,1494879.0,1494879.0,1494879.0,2.88883333333,29.1,179,179,179,179,535,537,536,179
175,2015,6.0,261,180,180,180,180,180,180,180,11,295,62,12,12,6,40.0,0.0,13.7,25.0,4.0,175000000.0,100.0,0.0,0,0,0,1,1,0,0,0,0,1,1,1,1,1,1,1,1,1,1,1,0,0,1550356.0,8.0,99.0,0.0,0.0,180,180,180,180,0.0,0.0,0.0,99.5,0.0,0.0,0.0,0.0,0.5,0.0,0.0,80165.53,2988158.0,160685.0,352000.0,150000.0,375000.0,120400.0,89658.0,34017.0,472.0,8915.0,421564.0,14789.0,2015,1748053.666,0.0,1748053.666,1550356.0,1245327.0,305029.0,320471.0,515854.0,2.88883333333,29.3,180,180,180,180,538,540,539,180
196,2014,19.0,265,201,201,201,201,201,201,201,108,100,52,15,5,6,100.0,30.0,20.0,50.0,4.0,220000000.0,85.0,0.0,0,0,1,0,1,0,0,0,0,1,1,1,1,1,1,1,0,1,1,1,0,0,1354426.0,5.0,100.0,0.0,0.0,201,201,201,201,0.0,0.0,0.0,0.0,0.0,0.0,93.0,1.0,0.0,6.0,0.0,0.0,687727.0,60571.0,55985.0,26656.0,31018.0,20489.0,17872.0,11385.0,3509.0,6365.0,0.0,0.0,2014,4203356.51578,0.0,4203356.51578,1354426.0,0.0,1354426.0,1354426.0,1354426.0,2.9445,29.6,201,201,201,201,601,603,602,201
197,2015,20.0,265,202,202,202,202,202,202,202,108,240,52,15,5,6,100.0,30.0,6.5,50.0,4.0,187259147.0,85.0,0.0,0,0,1,0,1,0,0,0,0,1,1,1,1,1,1,1,0,1,1,1,0,0,1319738.0,5.0,100.0,0.0,0.0,202,202,202,202,0.0,73.0,27.0,0.0,0.0,0.0,0.0,0.0,0.0,0.0,0.0,386949.0,56530.0,34107.0,29104.0,16234.0,2053.0,13645.0,1000.0,1326.0,122698.0,6700.0,10401.0,15519.0,2015,1494358.13222,0.0,1494358.13222,1319738.0,921577.0,398161.0,398980.0,488980.0,2.88883333333,29.8,202,202,202,202,604,606,605,202
203,2014,10.0,679,209,209,209,209,209,209,209,6,375,55,10,10,2,90.0,5.0,9.75,75.0,3.0,170000000.0,6.0,0.0,0,1,0,1,0,0,0,0,0,1,0,1,0,1,1,1,1,1,0,0,0,0,1255422.0,5.0,1191860.0,0.0,0.0,209,209,209,209,0.0,2.0,0.0,16.0,0.0,0.0,56.0,0.0,26.0,0.0,0.0,125000.0,248459.0,2500.0,36000.0,30000.0,3000.0,1500.0,10000.0,14078.0,122698.0,0.0,0.0,20000.0,2014,5566990.19402,0.0,5566990.19402,1255422.0,228000.0,1027422.0,1047422.0,1847422.0,2.72233333333,30.9,209,209,209,209,625,627,626,209
204,2015,11.0,679,210,210,210,210,210,210,210,6,375,55,10,10,2,90.0,5.0,9.75,75.0,3.0,170000000.0,6.0,0.0,0,1,0,1,0,0,0,0,0,1,0,1,0,1,1,1,1,1,0,0,0,0,1300000.0,5.0,1191860.0,0.0,0.0,210,210,210,210,0.0,2.0,0.0,16.0,0.0,0.0,56.0,0.0,26.0,0.0,0.0,125000.0,248459.0,2500.0,36000.0,30000.0,3000.0,2500.0,10000.0,14078.0,122698.0,0.0,0.0,20000.0,2015,5701320.78491,0.0,5701320.78491,1300000.0,228000.0,1072000.0,1092000.0,1892000.0,2.72233333333,30.9,210,210,210,210,628,630,629,210
205,2016,12.0,679,211,211,211,211,211,211,211,6,400,55,10,15,3,90.0,7.5,10.0,75.0,3.0,200000000.0,10.0,100.0,7,1,1,1,1,0,1,0,0,1,0,1,0,1,1,1,1,1,0,0,0,0,1325000.0,5.0,90.0,0.0,0.0,211,211,211,211,0.0,2.0,0.0,15.0,0.0,0.0,60.0,0.0,23.0,0.0,0.0,125000.0,248459.0,2500.0,36000.0,20000.0,3000.0,2500.0,10000.0,2000.0,122698.0,0.0,0.0,20000.0,2016,0.0,0.0,0.0,1325000.0,229000.0,1096000.0,1116000.0,1916000.0,0.0,0.0,211,211,211,211,631,633,632,211
206,2017,13.0,679,212,212,212,212,212,212,212,8,400,55,15,15,2,75.0,7.5,10.0,75.0,3.0,200000000.0,33.0,100.0,7,1,1,1,1,0,1,0,0,1,0,1,0,1,1,1,1,1,0,0,0,0,1325000.0,5.0,95.0,0.0,0.0,212,212,212,212,0.0,2.0,0.0,15.0,0.0,0.0,60.0,0.0,23.0,0.0,0.0,150000.0,90000.0,25000.0,60000.0,30000.0,7500.0,12000.0,15000.0,4800.0,200000.0,9197.0,10401.0,36409.0,2017,6096052.92389,0.0,6096052.92389,1325000.0,571000.0,754000.0,774000.0,1924000.0,3.05533333333,28.7,212,212,212,212,634,636,635,212
207,2015,6.0,680,213,213,213,213,213,213,213,8,350,60,15,20,2,90.0,15.0,30.0,70.0,3.0,135000000.0,65.0,0.0,0,1,1,1,0,0,0,0,0,1,1,1,1,1,1,1,1,1,1,1,0,0,1500000.0,8.0,70.0,0.0,0.0,213,213,213,213,0.0,10.0,10.0,0.0,0.0,0.0,60.0,5.0,15.0,0.0,0.0,150000.0,90000.0,25000.0,60000.0,30000.0,7500.0,12000.0,15000.0,4800.0,200000.0,9197.0,25000.0,36409.0,2015,3865315.85254,0.0,3865315.85254,1500000.0,594300.0,905700.0,905700.0,1205700.0,2.667,31.7,213,213,213,213,637,639,638,213
208,2016,7.0,680,214,214,214,214,214,214,214,6,175,62,15,8,2,90.0,15.0,30.0,70.0,3.0,99000000.0,65.0,0.0,0,1,1,1,0,0,1,0,0,1,1,1,1,1,1,1,1,1,1,1,0,0,1150000.0,7.0,70.0,0.0,250000.0,214,214,214,214,0.0,10.0,10.0,0.0,0.0,0.0,60.0,5.0,15.0,0.0,0.0,150000.0,90000.0,25000.0,36000.0,30000.0,12500.0,20000.0,15000.0,4800.0,200000.0,9197.0,25000.0,36409.0,2016,2683510.93706,-250000.0,2433510.93706,1150000.0,619300.0,530700.0,555700.0,855700.0,2.667,31.5,214,214,214,214,640,642,641,214
209,2017,8.0,680,215,215,215,215,215,215,215,6,175,62,15,8,2,90.0,15.0,30.0,70.0,3.0,99000000.0,65.0,0.0,0,1,1,1,0,0,1,0,0,1,1,1,1,1,1,1,1,1,1,1,0,0,1150000.0,7.0,70.0,0.0,250000.0,215,215,215,215,0.0,10.0,10.0,0.0,0.0,0.0,60.0,5.0,15.0,0.0,0.0,386949.0,248459.0,51731.0,24000.0,41860.0,28172.0,21766.0,22122.0,14078.0,122698.0,9197.0,10401.0,36409.0,2017,2718007.39646,-250000.0,2468007.39646,1150000.0,608300.0,541700.0,566700.0,866700.0,2.667,31.5,215,215,215,215,643,645,644,215
226,2015,13.0,684,232,232,232,232,232,232,232,10,525,60,10,30,10,60.0,30.0,15.0,25.0,3.0,550000000.0,35.0,0.0,0,1,0,1,1,0,0,0,0,1,1,1,0,0,1,1,1,0,0,0,0,0,2560000.0,5.0,90.0,0.0,0.0,232,232,232,232,0.0,4.0,1.0,8.0,0.0,0.0,75.0,2.0,10.0,0.0,0.0,380000.0,260000.0,32000.0,38400.0,20000.0,10000.0,32000.0,45000.0,3000.0,0.0,8000.0,10401.0,36409.0,2015,4002174.02999,0.0,4002174.02999,2560000.0,1478400.0,1081600.0,1089600.0,1289600.0,2.88883333333,29.6,232,232,232,232,694,696,695,232
227,2016,14.0,684,233,233,233,233,233,233,233,10,525,60,10,30,10,60.0,30.0,15.0,25.0,3.0,550000000.0,35.0,0.0,0,1,0,1,1,0,0,0,0,1,1,1,0,0,1,1,1,0,0,0,0,0,2020000.0,5.0,90.0,0.0,0.0,233,233,233,233,0.0,4.0,1.0,8.0,0.0,0.0,75.0,2.0,10.0,0.0,0.0,125000.0,410000.0,429000.0,115000.0,90000.0,25000.0,87000.0,20000.0,20000.0,345000.0,9197.0,10401.0,103000.0,2016,3714366.62407,0.0,3714366.62407,2020000.0,828400.0,1191600.0,1199600.0,1199600.0,2.88883333333,29.7,233,233,233,233,697,699,698,233
228,2016,24.0,685,234,234,234,234,234,234,234,22,467,62,6,24,14,90.0,35.0,32.0,20.0,3.0,700000000.0,100.0,0.0,0,0,0,1,0,0,0,0,0,1,1,1,1,1,1,0,0,0,0,0,0,0,3657000.0,6.0,90.0,50000.0,0.0,234,234,234,234,0.0,0.0,0.0,100.0,0.0,0.0,0.0,0.0,0.0,0.0,0.0,1440000.0,463000.0,479000.0,115000.0,90000.0,25000.0,87000.0,20000.0,20000.0,25000.0,9197.0,10401.0,103000.0,2016,8119228.89809,50000.0,8169228.89809,3657000.0,1769000.0,1888000.0,1991000.0,2641000.0,2.61133333333,31.2,234,234,234,234,700,702,701,234
229,2015,23.0,685,235,235,235,235,235,235,235,20,467,62,7,24,14,90.0,35.0,32.0,25.0,3.0,700000000.0,100.0,0.0,0,0,0,1,1,0,0,0,0,1,1,1,1,1,1,0,0,0,0,0,0,0,3657641.0,5.0,90.0,50000.0,0.0,235,235,235,235,0.0,0.0,0.0,75.0,5.0,0.0,0.0,0.0,0.0,10.0,0.0,650000.0,460000.0,200000.0,265000.0,202000.0,64000.0,41000.0,15000.0,35000.0,50000.0,0.0,0.0,0.0,2015,4878635.58581,50000.0,4928635.58581,3657641.0,2867000.0,790641.0,893641.0,1593641.0,2.9445,30.2,235,235,235,235,703,705,704,235
230,2016,10.0,686,236,236,236,236,236,236,236,13,312,60,5,15,5,90.0,5.0,15.0,15.0,3.0,400000000.0,75.0,0.0,0,1,0,0,1,0,0,0,0,1,1,1,1,1,1,1,1,1,0,1,0,0,3323000.0,6.0,97.0,153000.0,76000.0,236,236,236,236,0.0,5.0,10.0,70.0,5.0,5.0,0.0,0.0,0.0,5.0,0.0,1040000.0,330000.0,115000.0,265000.0,200000.0,64000.0,41000.0,15000.0,35000.0,0.0,0.0,0.0,0.0,2016,4168712.62238,77000.0,4245712.62238,3323000.0,2982000.0,341000.0,343800.0,1343800.0,2.611,30.8,236,236,236,236,706,708,707,236
231,2017,11.0,686,237,237,237,237,237,237,237,1037,312,55,5,15,5,90.0,5.0,15.0,15.0,3.0,450000000.0,75.0,0.74,1,0,0,1,1,0,1,0,0,1,1,1,1,1,1,1,1,1,0,1,0,0,3650000.0,4.0,95.0,153000.0,76000.0,237,237,237,237,0.0,5.0,10.0,65.0,5.0,5.0,0.0,0.0,0.0,10.0,0.0,715000.0,450000.0,450000.0,246000.0,110000.0,67000.0,21766.0,47000.0,31000.0,122698.0,15000.0,10401.0,42000.0,2017,4696479.77939,77000.0,4773479.77939,3650000.0,3270000.0,380000.0,382800.0,1547800.0,2.9445,29.4,237,237,237,237,709,711,710,237
240,2017,20.0,691,246,246,246,246,246,246,246,47,45,50,10,3,0,60.0,0.0,20.0,100.0,4.0,2300000000.0,80.0,75.0,7,1,1,1,1,1,1,0,0,1,1,1,1,1,1,1,1,1,1,1,1,1,14096065.0,5.0,95.0,4974869.0,1140978.0,246,246,246,246,0.0,0.0,0.0,0.0,0.0,0.0,65.0,0.0,0.0,19.0,16.0,4516515.0,248459.0,930714.41,215697.0,373495.0,142450.0,21766.0,193484.0,139747.0,159961.0,9197.0,0.0,36409.0,2017,30253019.8589,3833891.0,34086910.8589,14096065.0,7492618.0,6603447.0,6603447.0,8913447.0,3.4445,25.8,246,246,246,246,736,738,737,246
241,2016,19.0,691,247,247,247,247,247,247,247,37,43,55,8,2,0,50.0,0.0,20.0,95.0,5.0,2400000000.0,70.0,0.0,0,1,1,1,1,1,0,0,0,1,1,1,1,1,1,1,1,1,1,1,0,0,11831786.0,5.0,90.0,5213217.0,1855764.0,247,247,247,247,0.0,0.0,0.0,0.0,0.0,0.0,60.0,0.0,0.0,15.0,25.0,877143.0,2971513.0,399385.0,276570.0,319890.0,28172.0,21766.0,157664.0,122782.0,57671.0,9197.0,10401.0,36409.0,2016,21845524.1655,3357453.0,25202977.1655,11831786.0,6672063.41,5159722.59,5159722.59,6624722.59,3.111,27.0,247,247,247,247,739,741,740,247
250,2015,1.0,694,259,259,259,259,259,259,259,5,255,49,7,32,2,90.0,12.0,18.0,35.0,4.0,31884000.0,0.0,0.0,0,1,0,1,1,0,0,0,0,0,1,1,0,1,1,0,1,1,1,1,0,0,355800.0,8.0,30.0,78358.0,0.0,259,259,259,259,0.0,52.0,1.0,32.0,4.0,0.0,7.0,1.0,3.0,0.0,0.0,779.0,42625.0,8858.0,15840.0,1920.0,4365.0,1441.0,10391.0,1297.0,122698.0,9197.0,10401.0,3692.0,2015,1213935.57514,78358.0,1292293.57514,355800.0,91208.0,264592.0,275284.0,387284.0,2.55533333333,32.7,259,259,259,259,775,777,776,259
251,2017,3.0,694,260,260,260,260,260,260,260,524292,300,49,7,32,5,90.0,12.0,18.0,35.0,4.0,45415000.0,10.0,1.5,0,0,0,0,0,0,0,0,0,1,1,1,1,1,1,1,0,1,1,1,0,0,400000.0,8.0,30.0,78358.0,0.0,260,260,260,260,0.0,42.0,1.0,32.0,4.0,0.0,17.0,1.0,3.0,0.0,0.0,779.0,42625.0,8858.0,15840.0,1920.0,4365.0,1441.0,10391.0,1297.0,122698.0,9197.0,10401.0,3692.0,2017,1321666.64352,78358.0,1400024.64352,400000.0,91208.0,308792.0,312484.0,424484.0,2.38883333333,33.0,260,260,260,260,778,780,779,260
252,2016,2.0,694,261,261,261,261,261,261,261,5,300,49,7,32,5,90.0,12.0,18.0,35.0,4.0,45415000.0,10.0,1.5,0,1,0,1,1,0,0,0,0,0,1,1,1,1,1,1,1,1,1,0,0,0,400000.0,8.0,30.0,78358.0,0.0,261,261,261,261,0.0,42.0,1.0,32.0,4.0,0.0,17.0,1.0,3.0,0.0,0.0,161901.0,886.0,51.0,57946.0,41860.0,28172.0,201.0,22122.0,14078.0,42976.0,9197.0,10401.0,36409.0,2016,1342522.86269,78358.0,1420880.86269,400000.0,91208.0,308792.0,312484.0,424484.0,2.55533333333,32.3,261,261,261,261,781,783,782,261
256,2015,20.0,695,265,265,265,265,265,265,265,4,240,55,15,7,3,100.0,10.0,17.0,50.0,3.0,111500000.0,90.0,0.0,0,1,1,1,1,0,0,0,0,1,1,1,0,0,1,1,0,1,0,0,0,0,630000.0,8.0,95.0,0.0,0.0,265,265,265,265,0.0,0.0,0.0,1.0,0.0,0.0,75.0,4.0,20.0,0.0,0.0,70000.0,40000.0,2700.0,30000.0,1000.0,5000.0,100.0,10000.0,18000.0,122698.0,1700.0,100.0,23000.0,2015,1831340.69042,0.0,1831340.69042,630000.0,201600.0,428400.0,453200.0,553200.0,2.9445,30.3,265,265,265,265,793,795,794,265
257,2016,21.0,695,266,266,266,266,266,266,266,4,250,55,15,10,3,100.0,10.0,17.0,50.0,3.0,117000000.0,90.0,0.0,0,1,1,1,1,0,0,0,0,1,1,1,0,0,1,1,0,1,0,0,0,0,600000.0,8.0,95.0,0.0,0.0,266,266,266,266,0.0,0.0,0.0,1.0,0.0,0.0,75.0,4.0,20.0,0.0,0.0,120000.0,5000.0,5000.0,36000.0,3000.0,1500.0,10000.0,1000.0,14078.0,10000.0,9197.0,10401.0,36409.0,2016,1728021.24211,0.0,1728021.24211,600000.0,201600.0,398400.0,423200.0,523200.0,2.9445,30.4,266,266,266,266,796,798,797,266
263,2015,7.0,292,272,272,272,272,272,272,272,10,202,0,6,12,3,10.0,91.0,0.0,10.0,3.0,530833653.0,9.0,0.0,0,1,1,1,1,0,0,0,0,1,1,1,1,1,1,1,1,1,1,1,0,0,1628319.0,10.0,99.0,189000.0,550000.0,272,272,272,272,0.0,0.0,0.0,1.0,0.0,0.0,27.0,1.0,0.0,0.0,71.0,540000.0,15000.0,20000.0,30000.0,7000.0,4000.0,3600.0,11000.0,18000.0,91000.0,3200.0,0.0,0.0,2015,2148606.10502,-361000.0,1787606.10502,1628319.0,1413500.0,214819.0,232319.0,582319.0,2.94466666667,28.0,272,272,272,272,814,816,815,272
264,2016,8.0,292,273,273,273,273,273,273,273,10,75,6,6,5,1,50.0,100.0,35.0,100.0,3.0,519483596.0,0.0,27.0,7,1,1,1,1,0,1,0,0,1,1,1,1,1,1,1,1,1,1,1,1,1,1216719.0,10.0,100.0,35000.0,0.0,273,273,273,273,0.0,0.0,20.0,80.0,0.0,0.0,0.0,0.0,0.0,0.0,0.0,824337.37,248459.0,21377.0,34836.0,37600.0,1000.0,2000.0,16986.81,7040.95,37500.0,0.0,0.0,350.0,2016,1702014.17238,35000.0,1737014.17238,1216719.0,792800.0,423919.0,427119.0,477119.0,2.9445,29.4,273,273,273,273,817,819,818,273
276,2015,7.0,301,285,285,285,285,285,285,285,14,950,66,15,30,45,90.0,5.0,6.57,40.0,2.0,440000000.0,48.0,0.0,0,1,0,1,0,0,0,0,0,1,1,0,0,1,1,1,0,1,0,1,0,0,2413327.0,5.0,85.0,0.0,0.0,285,285,285,285,0.0,1.0,5.0,11.0,0.0,0.0,69.0,1.0,8.0,0.0,0.0,0.0,548425.0,19000.0,82512.0,4931.0,2135.0,14159.0,25314.0,14078.0,45695.0,0.0,0.0,36409.0,2015,4957814.98408,0.0,4957814.98408,2413327.0,2413327.0,0.0,0.0,1671156.0,2.611,31.6,285,285,285,285,853,855,854,285
277,2016,8.0,301,286,286,286,286,286,286,286,14,950,66,15,30,45,90.0,5.0,6.57,40.0,2.0,440000000.0,48.0,0.0,0,1,0,1,0,0,0,0,0,1,1,0,0,1,1,1,0,1,0,1,0,0,2413327.0,5.0,85.0,0.0,0.0,286,286,286,286,0.0,1.0,5.0,11.0,0.0,0.0,69.0,1.0,8.0,0.0,0.0,386949.0,90000.0,15000.0,20000.0,6000.0,3000.0,1000.0,5000.0,3000.0,10000.0,9197.0,10401.0,36409.0,2016,4957814.98408,0.0,4957814.98408,2413327.0,742171.0,1671156.0,1671156.0,1671156.0,2.611,31.6,286,286,286,286,856,858,857,286
291,2015,46.0,697,300,300,300,300,300,300,300,32,334,70,15,10,20,23.0,25.0,25.0,20.0,2.0,914000000.0,100.0,0.0,0,0,1,1,1,1,0,0,0,1,1,1,1,1,1,1,1,1,1,1,0,0,8944191.0,5.0,100.0,1968951.0,1968951.0,300,300,300,300,0.0,0.0,30.0,70.0,0.0,0.0,0.0,0.0,0.0,0.0,0.0,615601.0,809299.0,23707.0,196346.0,159131.0,125257.0,252794.0,24566.0,70839.0,1445638.0,96868.0,10401.0,79237.0,2015,11675889.433,0.0,11675889.433,8944191.0,6751462.0,2192729.0,2379124.0,4167649.0,2.72216666667,30.3,300,300,300,300,898,900,899,300
292,2016,47.0,697,301,301,301,301,301,301,301,3168,334,70,15,10,20,12.0,25.0,25.0,20.0,2.0,867573890.0,100.0,85.0,0,0,1,1,1,1,1,0,0,1,1,1,1,1,1,1,1,1,1,1,1,1,7739720.0,5.0,100.0,1910424.0,615897.0,301,301,301,301,0.0,0.0,30.0,70.0,0.0,0.0,0.0,0.0,0.0,0.0,0.0,318000.0,178000.0,17000.0,53000.0,10000.0,20000.0,20000.0,10000.0,51000.0,61000.0,0.0,0.0,0.0,2016,14859592.7823,1294527.0,16154119.7823,7739720.0,6744023.0,995697.0,1171802.0,5805067.0,2.72216666667,30.2,301,301,301,301,901,903,902,301
297,2015,32.0,319,306,306,306,306,306,306,306,6,300,60,10,7,1,50.0,2.0,11.0,10.0,3.0,105000000.0,80.0,0.0,0,1,1,1,1,0,0,0,0,1,1,1,1,1,1,1,1,1,1,1,0,0,736000.0,10.0,90.0,0.0,0.0,306,306,306,306,0.0,5.0,0.0,76.0,0.0,3.0,0.0,1.0,12.0,3.0,0.0,224000.0,38400.0,12000.0,60000.0,2000.0,10000.0,20000.0,5000.0,2500.0,2000.0,2000.0,53000.0,25000.0,2015,1952188.3981,0.0,1952188.3981,736000.0,404324.0,331676.0,416676.0,561676.0,2.77783333333,30.5,306,306,306,306,916,918,917,306
298,2016,33.0,319,307,307,307,307,307,307,307,71,300,60,12,7,1,50.0,1.0,11.0,15.0,3.0,115000000.0,80.0,100.0,7,1,1,1,1,1,1,0,0,1,1,1,1,1,1,1,1,1,1,1,1,1,770000.0,10.0,90.0,0.0,0.0,307,307,307,307,0.0,5.0,30.0,46.0,0.0,2.0,0.0,2.0,12.0,3.0,0.0,224000.0,38400.0,12000.0,60000.0,2000.0,10000.0,20000.0,5000.0,2500.0,2000.0,2000.0,53000.0,25000.0,2016,1910685.94958,0.0,1910685.94958,770000.0,705900.0,64100.0,144100.0,519100.0,3.3335,28.1,307,307,307,307,919,921,920,307
299,2017,34.0,319,308,308,308,308,308,308,308,71,300,60,12,7,1,50.0,1.0,11.0,15.0,3.0,115000000.0,80.0,100.0,7,1,1,1,1,1,1,0,0,1,1,1,1,1,1,1,1,1,1,1,1,1,850000.0,10.0,90.0,0.0,0.0,308,308,308,308,0.0,0.0,32.0,7.0,0.0,1.0,45.0,2.0,10.0,3.0,0.0,25000.0,100000.0,27000.0,9000.0,41860.0,800.0,21766.0,22122.0,14078.0,122698.0,9197.0,10401.0,220000.0,2017,2210523.64343,0.0,2210523.64343,850000.0,705900.0,144100.0,224100.0,599100.0,3.3335,28.0,308,308,308,308,922,924,923,308
305,2015,26.0,325,314,314,314,314,314,314,314,8,550,65,14,21,2,100.0,11.0,16.0,56.0,2.0,152000000.0,89.0,0.0,0,1,0,1,1,1,0,0,0,1,1,1,1,1,0,1,0,1,1,1,0,0,1184635.0,7.0,89.0,143374.0,80055.0,314,314,314,314,0.0,1.0,0.0,1.0,0.0,0.0,89.0,0.0,8.0,0.0,0.0,73663.0,165777.0,32776.0,0.0,0.0,6784.0,1475.0,14941.0,3831.0,36182.0,12451.0,0.0,8990.0,2015,6292581.90175,63319.0,6355900.90175,1184635.0,356870.0,827765.0,964877.0,1921078.0,2.94433333333,29.6,314,314,314,314,940,942,941,314
306,2016,27.0,325,315,315,315,315,315,315,315,8,550,65,14,21,2,100.0,11.0,16.0,56.0,2.0,152000000.0,89.0,0.0,0,1,0,1,1,1,0,0,0,1,1,1,1,1,0,1,0,1,1,1,0,0,1184635.0,7.0,89.0,143374.0,80055.0,315,315,315,315,0.0,1.0,0.0,1.0,0.0,0.0,89.0,0.0,8.0,0.0,0.0,0.0,160000.0,85000.0,100000.0,25000.0,10000.0,50000.0,20000.0,10000.0,60000.0,9197.0,10401.0,36409.0,2016,6292581.90175,63319.0,6355900.90175,1184635.0,356870.0,827765.0,964877.0,1921078.0,2.94433333333,29.6,315,315,315,315,943,945,944,315
312,2015,8.0,331,321,321,321,321,321,321,321,73,421,60,6,10,4,95.0,10.0,10.0,20.0,3.0,274000000.0,93.0,90.0,7,1,1,1,1,1,1,0,0,0,1,1,1,1,1,1,0,1,0,1,0,0,1948000.0,5.0,95.0,800000.0,120000.0,321,321,321,321,0.0,0.0,0.0,96.0,0.0,0.0,0.0,0.0,0.0,2.0,2.0,425000.0,248459.0,17000.0,95000.0,40095.0,71436.0,2900.0,12400.0,14200.0,16500.0,59000.0,16617.0,25474.0,2015,4486341.01774,680000.0,5166341.01774,1948000.0,1523500.0,424500.0,456500.0,1386500.0,3.22233333333,27.8,321,321,321,321,961,963,962,321
313,2017,10.0,331,322,322,322,322,322,322,322,9,421,60,7,10,4,95.0,10.0,10.0,20.0,3.0,274000000.0,95.0,95.0,3,1,0,1,1,1,1,0,0,0,1,1,0,1,1,1,0,1,0,1,0,0,2300000.0,5.0,98.0,800000.0,120000.0,322,322,322,322,0.0,0.0,0.0,0.0,0.0,0.0,96.0,0.0,0.0,2.0,2.0,1150000.0,70000.0,79000.0,95000.0,32000.0,30000.0,4500.0,10000.0,41000.0,122698.0,0.0,0.0,12000.0,2017,5214320.41034,680000.0,5894320.41034,2300000.0,1863622.0,436378.0,562469.0,1630469.0,3.05533333333,28.3,322,322,322,322,964,966,965,322
314,2016,9.0,331,323,323,323,323,323,323,323,73,421,60,6,10,4,95.0,10.0,10.0,20.0,3.0,274000000.0,93.0,95.0,7,1,1,1,1,1,1,0,0,0,1,1,1,1,1,1,0,1,0,1,0,0,2300000.0,5.0,95.0,800000.0,120000.0,323,323,323,323,0.0,0.0,0.0,96.0,0.0,0.0,0.0,0.0,0.0,2.0,2.0,125000.0,75000.0,15000.0,35000.0,15000.0,5000.0,25000.0,15000.0,6000.0,20000.0,9197.0,10401.0,275000.0,2016,5638574.22354,680000.0,6318574.22354,2300000.0,1523500.0,776500.0,808500.0,1738500.0,3.22233333333,27.7,323,323,323,323,967,969,968,323
316,2016,19.0,332,325,325,325,325,325,325,325,3,130,58,15,6,4,50.0,0.0,25.0,20.0,2.0,20000000.0,0.0,0.0,0,0,0,0,0,0,0,0,0,1,0,0,0,0,0,1,0,1,1,1,0,0,65000.0,5.0,40.0,0.0,0.0,325,325,325,325,0.0,3.0,0.31,26.15,0.0,0.0,56.17,0.0,14.37,0.0,0.0,116647.9,248459.0,3575.1,0.0,54.4,0.0,2554.76,3354.1,0.0,1988.32,377.4,0.0,0.0,2016,141849.386171,0.0,141849.386171,65000.0,14295.0,50705.0,50705.0,50705.0,2.1665,34.3,325,325,325,325,973,975,974,325
317,2017,20.0,332,326,326,326,326,326,326,326,5,130,64,12,35,8,20.0,2.0,35.0,60.0,4.0,33000000.0,0.0,0.0,0,0,0,0,0,0,0,0,0,1,1,1,0,1,1,1,0,1,1,1,0,0,182000.0,10.0,82.0,0.0,0.0,326,326,326,326,0.0,7.8,4.7,36.4,0.0,0.2,34.6,0.0,16.3,0.0,0.0,74018.0,100017.0,11455.0,0.0,4290.0,16747.0,6920.0,17141.0,5241.0,144465.0,1402.0,2734.0,14711.0,2017,176491.99388,0.0,176491.99388,182000.0,128551.98,53448.02,54519.02,54519.02,2.1665,33.6,326,326,326,326,976,978,977,326
321,2015,9.0,336,331,331,331,331,331,331,331,11,400,50,15,50,5,50.0,30.0,20.0,20.0,1.0,25000000.0,0.0,0.0,0,0,0,0,0,0,0,0,0,1,1,1,0,1,1,1,1,1,1,0,0,0,1000000.0,30.0,50.0,0.0,0.0,331,331,331,331,0.0,0.0,0.0,0.0,0.0,0.0,20.0,40.0,0.0,0.0,40.0,430000.0,248459.0,25000.0,60000.0,10000.0,12000.0,15000.0,12000.0,7500.0,122698.0,9197.0,10401.0,36409.0,2015,3051195.20278,0.0,3051195.20278,1000000.0,687000.0,313000.0,313000.0,613000.0,2.55533333333,30.7,331,331,331,331,991,993,992,331
322,2016,10.0,336,332,332,332,332,332,332,332,11,400,50,15,100,5,50.0,30.0,20.0,20.0,1.0,25000000.0,0.0,0.0,0,0,0,0,0,0,0,0,0,1,1,1,0,1,1,1,1,1,1,0,0,0,1300000.0,30.0,60.0,0.0,0.0,332,332,332,332,0.0,0.0,0.0,0.0,0.0,0.0,20.0,40.0,0.0,0.0,40.0,150000.0,100000.0,10000.0,110000.0,10000.0,6000.0,5000.0,7000.0,2000.0,20000.0,9197.0,10401.0,36409.0,2016,4211275.764,0.0,4211275.764,1300000.0,571500.0,728500.0,728500.0,1028500.0,2.55533333333,30.5,332,332,332,332,994,996,995,332
332,2015,9.0,703,342,342,342,342,342,342,342,5,60,55,15,10,1,50.0,5.0,60.0,50.0,4.0,107000000.0,27.0,0.0,0,1,1,1,1,1,0,0,0,1,1,1,1,1,1,1,1,1,1,1,0,0,697922.0,15.0,98.0,250000.0,0.0,342,342,342,342,0.0,0.0,1.0,5.0,0.0,0.0,93.0,1.0,0.0,0.0,0.0,0.0,30000.0,20000.0,30000.0,18000.0,5000.0,5000.0,5000.0,5000.0,120000.0,25000.0,0.0,30000.0,2015,1316631.28157,250000.0,1566631.28157,697922.0,583000.0,114922.0,174922.0,374922.0,2.88883333333,30.4,342,342,342,342,1024,1026,1025,342
333,2016,10.0,703,343,343,343,343,343,343,343,5,70,55,15,15,1,50.0,5.0,60.0,50.0,4.0,140000000.0,18.0,85.0,0,1,1,1,1,1,0,0,0,1,1,1,1,1,1,1,1,1,1,1,0,1,830486.0,15.0,98.0,250000.0,0.0,343,343,343,343,0.0,0.0,1.0,5.0,0.0,0.0,93.0,1.0,0.0,0.0,0.0,0.0,30000.0,20000.0,30000.0,18000.0,5000.0,5000.0,5000.0,5000.0,120000.0,25000.0,0.0,30000.0,2016,2793849.85229,250000.0,3043849.85229,830486.0,593000.0,237486.0,302486.0,702486.0,2.88883333333,30.4,343,343,343,343,1027,1029,1028,343
335,2015,5.0,341,345,345,345,345,345,345,345,23,142,45,3,26,3,80.0,12.0,27.8,50.0,4.0,1100000000.0,49.4,0.0,0,0,0,0,1,1,0,1,1,1,1,1,1,1,1,0,1,1,1,1,0,0,6100000.0,10.0,100.0,0.0,0.0,345,345,345,345,0.0,17.4,12.8,0.0,0.0,14.5,0.0,0.0,0.0,50.0,5.3,623515.0,2867773.0,608341.0,12118.0,51183.0,260735.0,19662.0,144142.0,50809.0,60292.0,20000.0,0.0,8111.0,2015,21760371.0008,0.0,21760371.0008,6100000.0,0.0,6100000.0,6100000.0,6100000.0,2.6665,29.4,345,345,345,345,1033,1035,1034,345
336,2016,6.0,341,346,346,346,346,346,346,346,23,142,45,3,26,3,80.0,12.0,27.8,50.0,4.0,1100000000.0,49.4,0.0,0,0,0,0,1,1,0,1,1,1,1,1,1,1,1,0,1,1,1,1,0,0,6128596.0,10.0,100.0,0.0,0.0,346,346,346,346,0.0,17.4,12.8,0.0,0.0,14.5,0.0,0.0,0.0,50.0,5.3,1802000.0,222000.0,29000.0,83000.0,53000.0,50000.0,75000.0,25000.0,40000.0,122698.0,9197.0,10401.0,36409.0,2016,8684845.88105,0.0,8684845.88105,6128596.0,4726681.0,1401915.0,1471603.0,2434589.0,2.6665,29.4,346,346,346,346,1036,1038,1037,346
344,2015,20.0,346,354,354,354,354,354,354,354,28,418,60,8,50,1,60.0,0.0,10.0,20.0,3.0,1100000000.0,95.0,0.0,0,0,0,0,1,0,0,0,0,1,1,1,1,1,1,1,0,1,1,1,0,0,0.0,12.0,100.0,0.0,0.0,354,354,354,354,0.0,0.0,0.0,0.0,0.0,0.0,100.0,0.0,0.0,0.0,0.0,386949.0,2189393.0,51731.0,57946.0,41860.0,28172.0,21766.0,22122.0,14078.0,851810.0,9197.0,10401.0,3943.0,2015,0.0,0.0,0.0,0.0,0.0,0.0,0.0,0.0,1.49983333333,0.0,354,354,354,354,1060,1062,1061,354
345,2016,21.0,346,355,355,355,355,355,355,355,28,418,60,8,50,1,60.0,0.0,10.0,20.0,3.0,1331264256.0,95.0,0.0,0,0,0,0,1,0,0,0,0,1,1,1,1,1,1,1,0,1,1,1,0,0,3444120.0,12.0,100.0,0.0,0.0,355,355,355,355,0.0,0.0,0.0,29.1,0.0,0.0,26.3,9.8,0.0,0.0,34.8,1500000.0,248459.0,51731.0,57946.0,41860.0,28172.0,21766.0,22122.0,14078.0,122698.0,9197.0,10401.0,36409.0,2016,2065500.57439,0.0,2065500.57439,3444120.0,3045146.0,398974.0,478207.0,543007.0,2.9445,28.3,355,355,355,355,1063,1065,1064,355
351,2015,24.0,351,361,361,361,361,361,361,361,40,810,58,15,40,10,30.0,1.0,7.5,35.0,4.0,1000000000.0,85.0,0.0,0,0,0,1,1,0,0,0,0,0,1,1,1,1,1,0,0,1,1,1,0,0,7666567.0,10.0,99.0,0.0,0.0,361,361,361,361,0.0,8.0,2.0,84.0,0.0,0.0,0.0,0.0,0.0,0.0,6.0,386949.0,248459.0,51731.0,57946.0,41860.0,28172.0,21766.0,22122.0,14078.0,7225836.0,58000.0,10401.0,36409.0,2015,28218843.8614,0.0,28218843.8614,7666567.0,0.0,7666567.0,7666567.0,7666567.0,3.16633333333,28.1,361,361,361,361,1081,1083,1082,361
352,2016,25.0,351,362,362,362,362,362,362,362,40,810,58,15,40,10,30.0,1.0,7.5,35.0,4.0,1000000000.0,85.0,0.0,0,0,0,1,1,0,0,0,0,0,1,1,1,1,1,0,0,1,1,1,0,0,7666567.0,10.0,99.0,0.0,0.0,362,362,362,362,0.0,8.0,2.0,84.0,0.0,0.0,0.0,0.0,0.0,0.0,6.0,500000.0,500000.0,250000.0,250000.0,75000.0,75000.0,100000.0,100000.0,2750.0,0.0,9197.0,10401.0,7100.0,2016,11108047.0771,0.0,11108047.0771,7666567.0,7283836.0,382731.0,504451.0,3032562.0,2.99983333333,28.3,362,362,362,362,1084,1086,1085,362
354,2016,4.0,704,364,364,364,364,364,364,364,8,200,60,10,10,2,100.0,7.0,25.0,40.0,3.0,425000000.0,6.0,0.0,0,1,0,1,1,0,0,0,0,1,1,1,1,1,1,1,0,1,0,1,0,0,2030000.0,8.0,75.0,0.0,0.0,364,364,364,364,0.0,1.0,5.0,51.0,8.0,0.0,27.0,0.0,8.0,0.0,0.0,319000.0,185000.0,35000.0,55000.0,9000.0,10000.0,15000.0,25000.0,42000.0,122698.0,9197.0,10401.0,30000.0,2016,4351544.59494,0.0,4351544.59494,2030000.0,1718000.0,312000.0,342000.0,1342000.0,2.611,31.2,364,364,364,364,1090,1092,1091,364
355,2017,5.0,704,365,365,365,365,365,365,365,524296,200,60,12,10,2,100.0,7.0,25.0,50.0,3.0,500000000.0,6.0,70.0,0,1,0,1,1,0,0,0,0,1,1,1,1,1,1,1,1,1,1,1,0,0,2150000.0,8.0,80.0,0.0,0.0,365,365,365,365,0.0,1.0,9.0,45.0,11.0,0.0,28.0,0.0,6.0,0.0,0.0,386949.0,430000.0,20000.0,50000.0,20000.0,15000.0,50000.0,40000.0,10000.0,507500.0,9197.0,10401.0,36409.0,2017,4848444.75218,0.0,4848444.75218,2150000.0,1437000.0,713000.0,743000.0,1485000.0,2.611,30.9,365,365,365,365,1093,1095,1094,365
359,2015,8.0,706,369,369,369,369,369,369,369,4,96,62,15,3,1,75.0,0.0,30.0,75.0,4.0,93000000.0,60.0,0.0,0,0,0,0,1,1,0,0,0,1,1,1,1,1,1,1,0,1,1,1,0,0,618803.0,5.0,75.0,7525.0,1677.0,369,369,369,369,0.0,2.28,4.68,6.5,0.0,9.0,64.0,0.04,13.47,0.0,0.0,156455.0,110824.0,23951.0,37200.0,3867.0,13881.0,941.0,13045.0,1798.0,122698.0,4946.0,176.0,4026.0,2015,1259282.90193,5848.0,1265130.90193,618803.0,343087.0,275716.0,279820.0,436772.0,2.27783333333,32.9,369,369,369,369,1105,1107,1106,369
360,2016,9.0,706,374,374,374,374,374,374,374,4,96,62,15,3,1,75.0,0.0,30.0,75.0,4.0,93000000.0,60.0,0.0,0,0,0,1,1,1,0,0,0,1,1,1,1,1,1,1,0,1,1,1,0,0,679642.0,5.0,75.0,20402.0,8551.0,374,374,374,374,0.0,2.28,4.68,6.5,0.0,9.0,64.0,0.04,13.47,0.0,0.0,156952.0,99481.0,18481.0,37200.0,2654.0,6040.0,2534.0,13391.0,2250.0,122698.0,9197.0,176.0,3928.0,2016,1470407.86657,11851.0,1482258.86657,679642.0,339826.0,339816.0,348152.0,502250.0,2.44433333333,32.2,374,374,374,374,1120,1122,1121,374
366,2015,15.0,356,381,381,381,381,381,381,381,4,150,69,10,12,5,90.0,0.0,25.0,8.0,3.0,85000000.0,50.0,0.0,0,0,0,1,0,0,0,0,0,1,1,0,0,0,0,0,0,0,0,1,0,0,650000.0,6.0,15.0,25000.0,0.0,381,381,381,381,0.0,5.0,10.0,15.0,10.0,15.0,20.0,0.0,15.0,10.0,0.0,50000.0,50000.0,8000.0,30000.0,8000.0,6000.0,12000.0,15000.0,12000.0,10000.0,9197.0,10401.0,36409.0,2015,1554410.19779,25000.0,1579410.19779,650000.0,368000.0,282000.0,282000.0,532000.0,2.22216666667,33.5,381,381,381,381,1141,1143,1142,381
367,2016,16.0,356,382,382,382,382,382,382,382,4,150,69,10,12,5,90.0,0.0,25.0,8.0,3.0,85000000.0,50.0,0.0,0,0,0,0,0,0,0,0,0,1,1,0,0,0,0,0,0,0,0,1,0,0,650000.0,7.0,90.0,25000.0,0.0,382,382,382,382,0.0,5.0,10.0,15.0,10.0,15.0,20.0,0.0,15.0,10.0,0.0,54.0,45.0,54.0,45.0,54.0,45.0,54.0,45.0,54.0,54.0,45.0,54.0,45.0,2016,1421804.60831,25000.0,1446804.60831,650000.0,326000.0,324000.0,324000.0,474000.0,2.22216666667,33.5,382,382,382,382,1144,1146,1145,382
372,2015,6.0,716,388,388,388,388,388,388,388,9,265,56,5,15,3,70.0,2.0,15.0,60.0,3.0,132000000.0,60.0,0.0,0,1,0,1,0,0,0,0,0,1,1,1,0,1,1,1,1,1,1,1,0,0,855000.0,5.0,95.0,0.0,0.0,388,388,388,388,0.0,0.5,0.0,7.2,0.25,3.15,83.0,0.9,5.0,0.0,0.0,42000.0,1800.0,24000.0,42000.0,5600.0,2700.0,3600.0,22122.0,2000.0,7500.0,0.0,0.0,0.0,2015,2181086.67237,0.0,2181086.67237,855000.0,131200.0,723800.0,723800.0,723800.0,2.72233333333,30.9,388,388,388,388,1162,1164,1163,388
373,2016,7.0,716,389,389,389,389,389,389,389,9,265,52,4,15,3,70.0,2.0,13.8,60.0,3.0,132000000.0,60.0,0.0,0,1,0,1,0,0,0,0,0,1,1,1,0,1,1,1,1,1,1,1,0,0,855000.0,5.0,95.0,0.0,0.0,389,389,389,389,0.0,0.5,0.0,7.2,0.25,3.15,83.0,0.9,5.0,0.0,0.0,42000.0,1800.0,24000.0,42000.0,5600.0,2700.0,3600.0,22122.0,2000.0,7500.0,0.0,0.0,0.0,2016,2190905.41139,0.0,2190905.41139,855000.0,131200.0,723800.0,723800.0,723800.0,2.72233333333,30.7,389,389,389,389,1165,1167,1166,389
374,2017,8.0,716,390,390,390,390,390,390,390,9,265,53,6,15,2,80.0,2.0,13.8,60.0,3.0,156000000.0,60.0,100.0,1,1,0,1,1,0,0,0,0,1,1,1,0,1,1,1,1,1,1,1,0,0,958000.0,5.0,95.0,0.0,0.0,390,390,390,390,0.0,0.5,0.0,5.66,0.2,2.35,81.46,2.94,6.89,0.0,0.0,125000.0,50000.0,5000.0,25000.0,5000.0,10000.0,5000.0,5000.0,5000.0,122698.0,9197.0,10401.0,5000.0,2017,2623074.42658,0.0,2623074.42658,958000.0,311200.0,646800.0,649800.0,829800.0,2.99983333333,28.8,390,390,390,390,1168,1170,1169,390
384,2016,4.0,718,400,400,400,400,400,400,400,3,82,65,15,5,1,90.0,3.0,20.0,10.0,3.0,72040378.0,77.0,1.0,7,0,1,1,1,1,1,0,0,1,1,1,1,1,1,1,1,1,1,1,0,0,295495.0,7.0,80.0,0.0,0.0,400,400,400,400,0.0,3.0,0.0,3.0,0.0,0.0,77.0,5.0,12.0,0.0,0.0,0.0,0.0,10500.0,7700.0,2000.0,500.0,1000.0,1000.0,1300.0,25000.0,9197.0,10401.0,36409.0,2016,855279.010915,0.0,855279.010915,295495.0,49000.0,246495.0,246495.0,271495.0,2.6665,31.3,400,400,400,400,1198,1200,1199,400
385,2017,5.0,718,401,401,401,401,401,401,401,3,82,65,15,5,1,90.0,3.0,20.0,10.0,3.0,72040378.0,77.0,1.0,7,0,1,1,1,1,1,0,0,1,1,1,1,1,1,1,1,1,1,1,0,0,323065.0,10.0,80.0,0.0,0.0,401,401,401,401,0.0,3.0,0.0,3.0,0.0,0.0,77.0,5.0,12.0,0.0,0.0,0.0,0.0,10500.0,7700.0,2000.0,500.0,1000.0,1000.0,1300.0,25000.0,9197.0,10401.0,36409.0,2017,1020234.8399,0.0,1020234.8399,323065.0,49000.0,274065.0,274065.0,299065.0,2.6665,31.3,401,401,401,401,1201,1203,1202,401
386,2018,6.0,718,402,402,402,402,402,402,402,3,82,65,15,5,1,90.0,3.0,20.0,10.0,3.0,72040378.0,77.0,1.0,7,0,1,1,1,1,1,0,0,1,1,1,1,1,1,1,1,1,1,1,0,0,323065.0,10.0,80.0,0.0,0.0,402,402,402,402,0.0,3.0,0.0,3.0,0.0,0.0,77.0,5.0,12.0,0.0,0.0,0.0,71650.0,13100.0,26000.0,41860.0,4100.0,5500.0,3100.0,875.0,122698.0,9197.0,10401.0,8900.0,2018,1020234.8399,0.0,1020234.8399,323065.0,49000.0,274065.0,274065.0,299065.0,2.6665,31.3,402,402,402,402,1204,1206,1205,402
387,2016,1.0,719,403,403,403,403,403,403,403,5,179,61,10,12,1,90.0,0.0,13.0,65.0,2.0,141000000.0,10.0,100.0,5,1,1,1,0,0,0,0,0,1,1,1,1,1,1,1,0,1,1,1,0,0,660418.0,10.0,79.5,60000.0,0.0,403,403,403,403,0.0,14.0,3.6,16.0,0.0,0.0,60.9,0.5,2.0,0.0,3.0,0.0,71650.0,23100.0,26000.0,41860.0,4100.0,5500.0,3100.0,875.0,122698.0,9197.0,10401.0,8900.0,2016,1889803.14005,60000.0,1949803.14005,660418.0,133225.0,527193.0,536093.0,536093.0,2.88883333333,29.9,403,403,403,403,1207,1209,1208,403
388,2017,2.0,719,404,404,404,404,404,404,404,5,179,61,10,12,1,90.0,0.0,13.0,65.0,3.0,152000000.0,10.0,101.0,5,1,1,1,0,0,0,0,0,1,1,1,1,1,1,1,0,1,1,1,0,0,722068.0,10.0,79.5,60000.0,0.0,404,404,404,404,0.0,14.0,3.6,16.0,0.0,0.0,60.9,0.5,2.0,0.0,3.0,0.0,30000.0,1000.0,48000.0,41860.0,2500.0,1000.0,2000.0,6258.0,0.0,9197.0,10401.0,50000.0,2017,2081724.24837,60000.0,2141724.24837,722068.0,143225.0,578843.0,587743.0,587743.0,2.88883333333,29.7,404,404,404,404,1210,1212,1211,404
393,2016,25.0,722,409,409,409,409,409,409,409,4,187,57,14,10,2,100.0,12.0,20.0,23.0,4.0,72000000.0,0.0,90.0,0,0,0,0,0,0,0,0,0,1,0,1,0,0,1,0,0,0,0,1,0,0,513000.0,10.0,65.0,0.0,0.0,409,409,409,409,0.0,0.0,0.0,0.0,0.0,2.0,65.0,25.0,8.0,0.0,0.0,0.0,75000.0,5420.0,51982.0,11541.0,5140.0,25000.0,40000.0,900.0,2676.0,9197.0,10401.0,90000.0,2016,890553.790961,0.0,890553.790961,513000.0,217659.0,295341.0,295341.0,320341.0,2.3335,32.5,409,409,409,409,1225,1227,1226,409
394,2017,26.0,722,410,410,410,410,410,410,410,132,187,57,14,10,2,100.0,7.0,34.0,23.0,4.0,81000000.0,0.0,85.0,0,0,0,0,0,0,0,0,0,1,0,1,1,0,1,0,0,0,0,1,0,0,570000.0,10.0,75.0,0.0,0.0,410,410,410,410,0.0,0.0,0.0,0.0,0.0,8.0,65.0,22.0,5.0,0.0,0.0,386949.0,75000.0,51731.0,32000.0,16000.0,3000.0,15000.0,20000.0,1000.0,122698.0,9197.0,10401.0,110000.0,2017,1224508.17806,0.0,1224508.17806,570000.0,307659.0,262341.0,352341.0,372341.0,2.3335,32.9,410,410,410,410,1228,1230,1229,410
395,2015,24.0,722,411,411,411,411,411,411,411,131,200,58,14,15,4,50.0,12.0,30.0,75.0,4.0,90000000.0,0.0,90.0,0,1,0,1,1,0,1,0,0,1,0,1,0,1,1,1,1,1,0,1,1,1,650000.0,10.0,75.0,0.0,0.0,411,411,411,411,0.0,0.0,0.0,0.0,0.0,0.0,70.0,20.0,5.0,5.0,0.0,410000.0,0.0,35000.0,90000.0,45000.0,12000.0,45000.0,18000.0,6000.0,0.0,0.0,0.0,12000.0,2015,1664770.5411,0.0,1664770.5411,650000.0,272000.0,378000.0,488000.0,488000.0,2.611,31.3,411,411,411,411,1231,1233,1232,411
397,2016,0.0,723,413,413,413,413,413,413,413,13,300,68,0,0,0,40.0,25.0,20.0,40.0,3.0,330000000.0,20.0,0.0,0,1,0,1,0,0,0,0,0,1,1,1,0,1,1,1,1,1,1,1,0,0,2000000.0,10.0,70.0,391000.0,39000.0,413,413,413,413,0.0,13.0,2.0,3.0,1.0,0.0,70.0,2.0,8.0,0.0,1.0,45000.0,145000.0,50000.0,78000.0,36000.0,20000.0,40000.0,30000.0,2500.0,10000.0,13000.0,5000.0,10000.0,2016,5340292.29626,352000.0,5692292.29626,2000000.0,1227000.0,773000.0,816500.0,1616500.0,2.44433333333,32.7,413,413,413,413,1237,1239,1238,413
398,2017,1.0,723,414,414,414,414,414,414,414,13,450,62,8,50,10,40.0,25.0,25.0,40.0,3.0,390000000.0,10.0,100.0,0,1,0,1,1,0,1,0,0,1,1,1,0,1,1,1,1,1,1,1,0,0,1604432.0,10.0,75.0,234000.0,23000.0,414,414,414,414,0.0,6.0,4.0,3.0,1.0,0.0,70.0,2.0,8.0,0.0,1.0,0.0,350000.0,30000.0,50000.0,10000.0,10000.0,30000.0,15000.0,6800.0,0.0,0.0,0.0,0.0,2017,4078439.99786,211000.0,4289439.99786,1604432.0,1434500.0,169932.0,197932.0,1167932.0,2.722,30.3,414,414,414,414,1240,1242,1241,414
400,2016,27.0,364,416,416,416,416,416,416,416,3,360,55,12,25,10,15.0,8.0,15.0,12.0,3.0,24700000.0,0.0,0.0,0,0,0,1,0,0,0,0,0,1,0,1,0,1,1,1,0,0,1,0,0,0,40000.0,5.0,28.4,0.0,0.0,416,416,416,416,0.0,21.0,8.0,32.0,0.0,0.0,0.0,0.0,38.0,0.0,0.0,0.0,0.0,0.0,3000.0,540.0,1900.0,21766.0,22122.0,2800.0,122698.0,9197.0,10401.0,36409.0,2016,89612.7708076,0.0,89612.7708076,40000.0,38240.0,1760.0,1760.0,31760.0,2.22216666667,33.9,416,416,416,416,1246,1248,1247,416
401,2017,28.0,364,417,417,417,417,417,417,417,3,375,55,12,30,15,15.0,8.0,15.0,15.0,3.0,24600000.0,0.0,0.0,0,1,0,1,0,0,0,0,0,1,0,1,0,1,1,1,0,0,1,0,0,0,110000.0,5.0,11.0,0.0,0.0,417,417,417,417,0.0,21.0,8.0,32.0,0.0,0.0,0.0,0.0,38.0,0.0,0.0,386949.0,248459.0,51731.0,3000.0,41860.0,28172.0,21766.0,5000.0,14078.0,122698.0,9197.0,10401.0,36409.0,2017,287738.612554,0.0,287738.612554,110000.0,8240.0,101760.0,101760.0,101760.0,2.22216666667,33.8,417,417,417,417,1249,1251,1250,417
417,2016,15.0,731,434,434,434,434,434,434,434,524296,550,58,15,12,10,95.0,14.0,13.0,10.0,3.0,251000000.0,32.0,1.25,7,1,0,1,1,0,1,0,0,1,1,1,1,1,1,1,1,1,1,1,0,0,1081875.0,5.0,80.0,0.0,0.0,434,434,434,434,0.0,3.0,10.0,13.0,4.0,0.0,65.0,0.0,5.0,0.0,0.0,83000.0,87800.0,17716.71,27122.77,8743.0,7013.75,4172.01,4587.46,32917.84,2562.0,0.0,0.0,0.0,2016,2536641.97011,0.0,2536641.97011,1081875.0,262635.54,819239.46,819239.46,819239.46,2.9445,29.7,434,434,434,434,1300,1302,1301,434
418,2017,16.0,731,435,435,435,435,435,435,435,8,550,58,16,12,10,95.0,15.0,13.0,10.0,3.0,270000000.0,32.0,1.25,7,1,0,1,1,0,1,0,0,1,1,1,1,1,1,1,1,1,1,1,0,0,1319994.0,5.0,80.0,0.0,0.0,435,435,435,435,0.0,3.0,10.0,13.0,4.0,0.0,65.0,0.0,5.0,0.0,0.0,386949.0,19000.0,2400.0,8340.0,3780.0,1500.0,21766.0,4000.0,450.0,122698.0,9197.0,10401.0,36409.0,2017,3233686.40163,0.0,3233686.40163,1319994.0,275635.54,1044358.46,1044358.46,1044358.46,2.9445,29.7,435,435,435,435,1303,1305,1304,435
426,2016,16.0,371,443,443,443,443,443,443,443,3,25,55,4,8,1,50.0,0.0,54.0,8.0,2.0,6000000.0,0.0,0.0,0,0,0,1,0,0,1,0,0,1,0,0,0,0,1,1,1,1,1,1,0,0,47067.86,20.0,50.0,0.0,0.0,443,443,443,443,0.0,0.0,0.0,7.88,0.0,0.0,30.68,0.0,61.43,0.0,0.0,386949.0,57000.0,51731.0,6000.0,41860.0,28172.0,21766.0,22122.0,14078.0,13000.0,9197.0,10401.0,36409.0,2016,113017.01727,0.0,113017.01727,47067.86,12000.0,35067.86,35067.86,35067.86,2.22216666667,33.8,443,443,443,443,1327,1329,1328,443
427,2017,17.0,371,444,444,444,444,444,444,444,5,76,55,15,20,0,50.0,0.0,25.0,50.0,3.0,25000000.0,0.0,0.0,0,0,0,0,0,0,1,0,0,1,1,1,1,1,0,1,0,1,1,1,0,0,240000.0,25.0,60.0,0.0,0.0,444,444,444,444,0.0,23.0,0.0,4.49,0.0,0.0,57.11,0.0,15.4,0.0,0.0,60000.0,85000.0,95000.0,54000.0,24000.0,11000.0,13000.0,10000.0,0.0,0.0,0.0,0.0,2400.0,2017,536910.665469,0.0,536910.665469,240000.0,76000.0,164000.0,164000.0,164000.0,2.38883333333,33.1,444,444,444,444,1330,1332,1331,444
434,2016,6.0,380,453,453,453,453,453,453,453,3200,1300,480,4,50,10,95.0,7.0,18.0,10.0,3.0,700000000.0,97.0,1.1,6,1,1,1,1,0,1,0,0,1,1,1,0,1,1,1,1,1,1,1,0,1,5802650.0,7.5,100.0,150000.0,0.0,453,453,453,453,0.0,0.0,0.0,0.0,0.0,0.0,98.0,0.0,0.0,2.0,0.0,4250000.0,670000.0,7500.0,20549.0,295000.0,33000.0,9000.0,14300.0,62000.0,12800.0,255.0,0.0,36409.0,2016,556178.904947,150000.0,706178.904947,5802650.0,5848404.0,-45754.0,-11299.0,168701.0,2.94433333333,29.9,453,453,453,453,1357,1359,1358,453
435,2017,7.0,380,454,454,454,454,454,454,454,3200,1300,48,4,50,10,95.0,7.0,18.0,10.0,3.0,700000000.0,99.0,1.1,6,1,1,1,1,0,1,0,0,1,1,1,0,1,1,1,1,1,1,1,0,1,5802650.0,10.0,100.0,150000.0,0.0,454,454,454,454,0.0,0.0,0.0,0.0,0.0,0.0,98.0,0.0,0.0,2.0,0.0,386949.0,124.0,1148.0,57946.0,17610.0,9099.0,1917.0,5519.0,11237.0,80947.0,9197.0,10401.0,36409.0,2017,1666453.91723,150000.0,1816453.91723,5802650.0,5554404.0,248246.0,282701.0,462701.0,3.05533333333,29.0,454,454,454,454,1360,1362,1361,454
455,2016,32.0,398,475,475,475,475,475,475,475,524295,600,45,10,35,8,95.0,1.0,12.0,60.0,5.0,160000000.0,66.0,1.0,7,1,1,1,1,0,1,0,0,1,1,1,1,1,1,1,1,1,1,1,0,0,1038728.0,15.0,96.0,0.0,0.0,475,475,475,475,0.0,1.0,0.0,7.0,1.0,1.0,85.0,1.0,4.0,0.0,0.0,386949.0,140000.0,32000.0,24000.0,37000.0,2400.0,10000.0,22122.0,14078.0,122698.0,9197.0,10401.0,110000.0,2016,3290309.73758,0.0,3290309.73758,1038728.0,867400.0,171328.0,281328.0,793328.0,3.05533333333,28.7,475,475,475,475,1423,1425,1424,475
456,2017,33.0,398,476,476,476,476,476,476,476,524296,600,45,15,35,8,95.0,1.0,12.0,70.0,5.0,160000000.0,66.0,1.0,7,1,1,1,1,0,1,0,0,1,1,1,1,1,1,1,1,1,1,1,0,0,1038728.0,20.0,96.0,0.0,0.0,476,476,476,476,0.0,1.0,0.0,7.0,1.0,1.0,85.0,1.0,4.0,0.0,0.0,386949.0,71783.64,33118.89,23000.0,4266.0,1500.0,2000.0,22122.0,14078.0,122698.0,9197.0,10401.0,36409.0,2017,3765871.4261,0.0,3765871.4261,1038728.0,867400.0,171328.0,281328.0,793328.0,3.05533333333,28.6,476,476,476,476,1426,1428,1427,476
459,2016,5.0,741,479,479,479,479,479,479,479,1090,185,60,5,15,1,10.0,0.0,10.0,10.0,3.0,145000000.0,0.0,104.0,7,1,0,1,0,0,0,0,0,1,0,1,0,1,1,1,1,0,0,0,0,1,1150000.0,25.0,100.0,0.0,0.0,479,479,479,479,0.0,0.0,0.0,3.0,0.0,0.0,92.0,0.0,5.0,0.0,0.0,386949.0,20000.0,51731.0,57946.0,19000.0,2000.0,10000.0,22122.0,4000.0,122698.0,9197.0,10401.0,220000.0,2016,5647010.24461,0.0,5647010.24461,1150000.0,475000.0,675000.0,875000.0,1100000.0,2.72233333333,30.6,479,479,479,479,1435,1437,1436,479
460,2017,6.0,741,480,480,480,480,480,480,480,1091,126,60,5,30,1,20.0,0.0,8.0,10.0,3.0,164420000.0,0.0,104.0,7,1,1,1,1,1,1,0,0,1,0,1,1,1,1,1,1,0,1,1,0,1,1000000.0,30.0,100.0,0.0,0.0,480,480,480,480,0.0,0.0,0.0,3.0,0.0,0.0,67.0,0.0,5.0,0.0,25.0,0.0,95000.0,24000.0,48000.0,9000.0,2000.0,10000.0,3000.0,14078.0,15000.0,9197.0,10401.0,36409.0,2017,6318018.36468,0.0,6318018.36468,1000000.0,500000.0,500000.0,720000.0,998000.0,3.2775,27.6,480,480,480,480,1438,1440,1439,480
485,2016,0.0,743,505,505,505,505,505,505,505,5,112,60,10,6,2,100.0,0.0,19.0,10.0,2.0,66600000.0,0.0,0.75,0,0,0,0,0,0,0,0,0,1,1,1,1,1,1,1,1,1,1,1,0,1,401763.0,5.0,90.0,0.0,228740.0,505,505,505,505,0.0,1.0,0.0,5.0,0.0,0.0,70.0,0.0,24.0,0.0,0.0,386949.0,29741.0,6235.0,57946.0,41860.0,1975.0,21766.0,1527.0,14078.0,122698.0,9197.0,10401.0,36409.0,2016,1034180.1569,-228740.0,805440.156902,401763.0,29276.0,372487.0,372487.0,372487.0,2.27783333333,33.3,505,505,505,505,1513,1515,1514,505
486,2017,1.0,743,506,506,506,506,506,506,506,5,112,60,10,6,2,100.0,0.0,19.0,10.0,2.0,68000000.0,0.0,0.9,0,0,0,0,0,0,0,0,0,1,1,1,1,1,1,1,1,1,1,1,0,1,495000.0,5.0,90.0,0.0,222908.0,506,506,506,506,0.0,1.0,0.0,5.0,0.0,0.0,70.0,0.0,24.0,0.0,0.0,14000.0,41000.0,3200.0,26676.0,8712.0,560.0,1560.0,22122.0,9212.0,24800.0,9197.0,10401.0,36409.0,2017,1301995.35189,-222908.0,1079087.35189,495000.0,39478.0,455522.0,455522.0,455522.0,2.27783333333,33.3,506,506,506,506,1516,1518,1517,506
494,2016,35.0,745,514,514,514,514,514,514,514,2137,1300,59,6,70,15,40.0,0.0,17.0,30.0,1.0,737000000.0,84.0,165.0,1,1,0,1,1,1,1,0,0,1,1,1,1,1,1,1,1,1,1,1,0,1,4000000.0,10.0,97.0,0.0,0.0,514,514,514,514,0.0,0.0,2.0,5.0,0.0,0.0,70.0,11.0,12.0,0.0,0.0,279959.0,248459.0,47695.0,50520.0,12296.0,17689.0,23957.0,39451.0,4072.0,35227.0,9197.0,10401.0,37850.0,2016,5029767.57871,0.0,5029767.57871,4000000.0,2999000.0,1001000.0,1001000.0,1366500.0,3.0555,28.1,514,514,514,514,1540,1542,1541,514
495,2017,36.0,745,515,515,515,515,515,515,515,8,231,69,20,5,2,100.0,0.0,19.0,30.0,3.0,130000000.0,62.0,1.15,0,1,0,1,0,0,1,0,0,1,1,1,1,1,1,1,1,1,1,1,0,1,943546.38,5.0,97.0,0.0,0.0,515,515,515,515,0.0,0.0,0.0,4.0,0.0,0.0,88.0,0.0,8.0,0.0,0.0,386949.0,7000.0,2000.0,15000.0,8000.0,1000.0,3000.0,2400.0,1800.0,122698.0,9197.0,10401.0,36409.0,2017,1017440.61037,0.0,1017440.61037,943546.38,788716.0,154830.38,192680.38,450495.38,2.44433333333,32.3,515,515,515,515,1543,1545,1544,515
507,2016,6.0,747,527,527,527,527,527,527,527,1091,83,55,4,16,2,78.0,0.0,0.0,0.0,2.0,55000000.0,100.0,100.0,0,0,0,1,1,0,1,0,0,1,0,1,0,0,1,1,0,1,1,1,0,0,332034.0,20.0,100.0,0.0,0.0,527,527,527,527,0.0,0.0,0.0,0.0,0.0,0.0,100.0,0.0,0.0,0.0,0.0,386949.0,75000.0,10000.0,48000.0,41860.0,28172.0,7500.0,22122.0,14078.0,122698.0,9197.0,10401.0,4600.0,2016,862853.12972,0.0,862853.12972,332034.0,239600.0,92434.0,97034.0,199034.0,2.44433333333,32.2,527,527,527,527,1579,1581,1580,527
508,2017,7.0,747,528,528,528,528,528,528,528,1091,83,55,4,16,2,78.0,0.0,0.0,0.0,3.0,55000000.0,100.0,85.0,5,0,0,1,1,0,1,0,0,1,0,1,0,1,1,1,0,1,1,1,0,1,400000.0,15.0,100.0,0.0,0.0,528,528,528,528,0.0,0.0,0.0,0.0,0.0,0.0,100.0,0.0,0.0,0.0,0.0,386949.0,260000.0,10000.0,60000.0,10000.0,28172.0,21766.0,10000.0,1000.0,122698.0,9197.0,10401.0,760000.0,2017,1022075.98184,0.0,1022075.98184,400000.0,247100.0,152900.0,157500.0,259500.0,2.77783333333,30.8,528,528,528,528,1582,1584,1583,528
510,2016,16.0,749,530,530,530,530,530,530,530,524293,90,62,15,10,1,25.0,5.0,23.0,33.0,3.0,40000000.0,75.0,130.0,7,1,1,1,1,0,1,0,0,1,1,1,1,1,1,1,1,1,1,1,0,1,575000.0,15.0,75.0,225000.0,225000.0,530,530,530,530,0.0,0.0,10.0,10.0,10.0,0.0,40.0,10.0,20.0,0.0,0.0,0.0,72000.0,6000.0,10000.0,2000.0,2000.0,6000.0,2000.0,0.0,100000.0,0.0,0.0,25000.0,2016,1229971.78311,0.0,1229971.78311,575000.0,375000.0,200000.0,225000.0,375000.0,3.111,28.5,530,530,530,530,1588,1590,1589,530
511,2017,17.0,749,531,531,531,531,531,531,531,524293,90,62,15,10,1,25.0,5.0,23.0,33.0,3.0,40000000.0,75.0,130.0,7,1,1,1,1,0,1,0,0,1,1,1,1,1,1,1,1,1,1,1,0,1,614000.0,15.0,75.0,225000.0,225000.0,531,531,531,531,0.0,0.0,10.0,10.0,10.0,0.0,40.0,10.0,20.0,0.0,0.0,0.0,6000.0,2400.0,3000.0,12000.0,2000.0,2000.0,8400.0,300.0,122698.0,9197.0,10401.0,7776.0,2017,1422004.35783,0.0,1422004.35783,614000.0,415000.0,199000.0,224000.0,414000.0,3.111,28.5,531,531,531,531,1591,1593,1592,531
538,2016,19.0,756,562,562,562,562,562,562,562,71,35,62,12,8,8,10.0,1.0,10.0,10.0,2.0,109000000.0,0.0,100.0,7,1,1,1,1,1,1,0,0,0,0,1,1,1,1,1,0,0,0,1,0,0,776093.0,5.0,94.0,241199.0,22639.0,562,562,562,562,0.0,0.0,0.0,18.2,0.0,0.0,35.4,3.6,42.8,0.0,0.0,142747.0,28411.0,36258.0,22800.0,8429.0,7290.0,2106.0,1419.0,6203.0,243.0,0.0,0.0,0.0,2016,1613300.62916,218560.0,1831860.62916,776093.0,459483.0,316610.0,367024.0,529041.0,3.0,29.3,562,562,562,562,1684,1686,1685,562
539,2017,20.0,756,563,563,563,563,563,563,563,70,350,62,12,8,8,10.0,1.0,10.0,10.0,2.0,109200000.0,0.0,1.0,7,1,1,1,1,1,1,0,0,0,1,1,1,1,1,1,0,1,0,1,0,0,806799.0,2.5,87.72,241199.0,22639.0,563,563,563,563,0.0,0.0,0.0,18.2,0.0,0.0,35.4,3.6,42.8,0.0,0.0,0.0,25170.0,1463.0,13539.0,1482.0,545.0,0.0,450.0,2866.0,6200.0,0.0,0.0,1822.0,2017,1609932.33803,218560.0,1828492.33803,806799.0,479343.0,327456.0,327456.0,552655.0,3.0,29.4,563,563,563,563,1687,1689,1688,563
551,2016,35.0,466,577,577,577,577,577,577,577,1150,1145,64,15,17,10,75.0,0.0,7.0,48.0,3.0,701000000.0,85.0,130.0,7,1,1,1,1,1,1,0,0,1,1,1,1,1,1,1,1,1,1,1,1,1,7100000.0,7.0,95.0,133000.0,4360000.0,577,577,577,577,0.0,49.0,0.0,43.0,0.0,0.0,0.0,2.0,1.0,1.0,4.0,1093629.0,2180181.0,181040.0,376301.0,422611.0,14879.0,13000.0,28612.0,11898.0,773858.0,6540.0,383134.0,1600.0,2016,6922872.53936,-4227000.0,2695872.53936,7100000.0,6177283.0,922717.0,1388991.0,2088991.0,3.05533333333,29.1,577,577,577,577,1729,1731,1730,577
552,2017,36.0,466,578,578,578,578,578,578,578,1150,1145,64,15,17,10,75.0,0.0,7.0,48.0,3.0,701000000.0,85.0,130.0,7,1,1,1,1,1,1,0,0,1,1,1,1,1,1,1,1,1,1,1,1,1,7100000.0,7.0,95.0,133000.0,4360000.0,578,578,578,578,0.0,0.0,0.0,43.0,0.0,0.0,49.0,2.0,1.0,1.0,4.0,523757.0,174586.0,70745.0,117997.0,108604.0,65977.0,147929.0,214613.0,24046.0,125144.0,52881.0,0.0,5014.0,2017,7004727.6888,-4227000.0,2777727.6888,7100000.0,6177283.0,922717.0,1388991.0,2088991.0,3.111,28.6,578,578,578,578,1732,1734,1733,578
564,2016,1.0,472,593,593,593,593,593,593,593,1030,42,50,0,5,2,5.0,40.0,50.0,5.0,2.0,211000000.0,0.0,0.0,0,0,0,0,0,0,0,0,0,1,1,1,1,0,1,1,1,1,1,1,0,1,1092097.15,5.0,0.0,2898745.76,3748338.69,593,593,593,593,0.0,14.0,20.0,12.0,20.0,1.0,0.0,0.0,0.0,0.0,33.0,386949.0,480139.78,31878.4,85421.35,148571.06,131306.48,10973.55,67557.58,25146.88,73871.41,15949.95,10401.0,184.54,2016,839338.981629,-849592.93,-10253.9483714,1092097.15,1339809.39,-247712.24,-236382.3,289851.92,2.16666666667,32.7,593,593,593,593,1777,1779,1778,593
565,2017,2.0,472,594,594,594,594,594,594,594,1030,42,50,10,5,2,5.0,40.0,50.0,5.0,2.0,211000000.0,0.0,80.0,0,0,0,0,0,0,0,0,0,1,1,1,1,0,1,1,1,1,1,1,0,1,1544935.01,5.0,0.0,3128781.43,4427025.88,594,594,594,594,0.0,14.0,20.0,12.0,20.0,1.0,0.0,0.0,0.0,0.0,33.0,386949.0,164050.6,20125.45,36103.8,24768.06,6742.36,14388.32,11501.02,5696.8,86093.49,9739.16,10401.0,1014.0,2017,1437905.3792,-1298244.45,139660.929202,1544935.01,1781008.85,-236073.84,-219939.35,490068.52,2.27766666667,32.1,594,594,594,594,1780,1782,1781,594
566,2016,23.0,766,596,596,596,596,596,596,596,524301,712,60,15,7,7,85.0,10.0,8.2,45.0,4.0,793924214.95,45.0,51.0,1,1,0,1,1,0,1,0,0,1,1,1,0,1,1,1,1,1,0,0,0,0,4070492.0,8.0,75.5,0.0,0.0,596,596,596,596,0.0,5.0,0.0,15.0,3.0,0.0,75.0,0.0,2.0,0.0,0.0,307582.56,442066.32,28445.93,165094.2,65819.5,8116.8,46050.86,42513.81,88866.95,70831.02,47210.0,10401.0,141497.24,2016,9652501.86699,0.0,9652501.86699,4070492.0,1830248.27,2240243.73,2625767.78,2915767.7,2.88883333333,30.3,596,596,596,596,1786,1788,1787,596
567,2017,24.0,766,597,597,597,597,597,597,597,524301,712,60,15,7,7,85.0,10.0,8.2,45.0,4.0,793924214.95,45.0,51.0,1,1,0,1,1,0,1,0,0,1,1,1,0,1,1,1,1,1,0,0,0,0,4070492.0,8.0,75.5,0.0,0.0,597,597,597,597,0.0,5.0,0.0,15.0,3.0,0.0,75.0,0.0,2.0,0.0,0.0,386949.0,91002.0,34036.0,22529.0,51900.0,13131.0,26114.0,16776.0,1788.0,8800.0,18050.0,10401.0,8616.0,2017,9937707.55665,0.0,9937707.55665,4070492.0,2004095.19,2066396.81,2451920.86,3001920.86,2.88883333333,30.3,597,597,597,597,1789,1791,1790,597
579,2016,37.0,771,609,609,609,609,609,609,609,4,350,58,35,6,2,1.0,1.0,22.0,20.0,4.0,82097827.0,1.0,1.0,7,1,1,1,1,1,1,0,0,1,1,0,0,1,1,1,1,1,1,1,0,0,456812.98,8.0,87.6,0.0,26000.0,609,609,609,609,0.0,1.18,0.0,26.33,0.0,3.92,44.37,3.07,13.5,2.5,0.2,50000.0,3700.0,2661.0,15600.0,4765.0,250.0,3623.0,1000.0,532.0,122698.0,0.0,0.0,8900.0,2016,1226130.91327,-26000.0,1200130.91327,456812.98,91031.0,365781.98,374681.98,374681.98,2.72216666667,30.8,609,609,609,609,1825,1827,1826,609
580,2017,38.0,771,610,610,610,610,610,610,610,4,350,58,35,6,2,1.0,1.0,22.0,20.0,4.0,82097827.0,1.0,1.0,7,1,1,1,1,1,1,0,0,1,1,0,0,1,1,1,1,1,1,1,0,0,456812.98,8.0,87.6,0.0,26000.0,610,610,610,610,0.0,1.18,0.0,26.33,0.0,3.92,44.37,3.07,13.5,2.5,0.2,50000.0,3700.0,2661.0,15600.0,4765.0,250.0,3623.0,1000.0,532.0,122698.0,0.0,0.0,8900.0,2017,1231792.2218,-26000.0,1205792.2218,456812.98,91031.0,365781.98,374681.98,374681.98,2.88866666667,30.6,610,610,610,610,1828,1830,1829,610
581,2018,39.0,771,611,611,611,611,611,611,611,4,350,58,20,6,2,1.0,1.0,22.0,20.0,4.0,82097827.0,1.0,1.0,7,1,1,1,1,1,1,0,0,1,1,0,0,1,1,1,1,1,1,1,0,0,456812.98,8.0,87.6,0.0,26000.0,611,611,611,611,0.0,1.18,0.0,26.33,0.0,3.92,44.37,3.07,13.5,2.5,0.2,0.0,50000.0,10000.0,30000.0,8000.0,10000.0,10000.0,3000.0,10000.0,122698.0,9197.0,10401.0,12500.0,2018,1226130.91327,-26000.0,1200130.91327,456812.98,91031.0,365781.98,374681.98,374681.98,2.72216666667,30.8,611,611,611,611,1831,1833,1832,611
585,2016,33.0,482,615,615,615,615,615,615,615,134,1000,60,10,40,20,60.0,5.0,10.0,20.0,4.0,130000000.0,0.0,100.0,0,0,0,1,0,0,1,0,0,1,1,1,1,1,1,1,1,1,1,1,0,0,637000.0,10.0,80.0,25000.0,0.0,615,615,615,615,0.0,0.0,0.0,15.0,0.0,0.0,60.0,15.0,6.0,4.0,0.0,386949.0,190000.0,73000.0,35000.0,11000.0,3000.0,10000.0,8000.0,500.0,122698.0,9197.0,10401.0,3000.0,2016,973819.909894,25000.0,998819.909894,637000.0,627500.0,9500.0,62500.0,306500.0,2.3335,32.8,615,615,615,615,1843,1845,1844,615
586,2017,34.0,482,616,616,616,616,616,616,616,134,500,60,10,60,15,60.0,5.0,10.0,30.0,4.0,130000000.0,0.0,100.0,0,0,0,1,0,0,1,0,0,1,1,1,1,1,1,1,1,1,1,1,0,0,637000.0,10.0,80.0,25000.0,0.0,616,616,616,616,0.0,0.0,0.0,15.0,0.0,0.0,60.0,15.0,6.0,4.0,0.0,0.0,0.0,0.0,0.0,0.0,1000.0,21766.0,500.0,1500.0,0.0,9197.0,10401.0,36409.0,2017,996068.492339,25000.0,1021068.49234,637000.0,577500.0,59500.0,62500.0,306500.0,2.4445,31.8,616,616,616,616,1846,1848,1847,616
591,2016,22.0,487,621,621,621,621,621,621,621,136,250,55,15,10,2,90.0,10.0,10.0,30.0,2.0,210000000.0,40.0,115.0,0,1,0,1,0,0,0,0,0,1,1,1,0,1,1,1,0,0,1,0,0,0,948000.0,8.0,90.0,0.0,0.0,621,621,621,621,0.0,10.0,0.0,40.0,0.0,0.0,40.0,0.0,10.0,0.0,0.0,0.0,44253.0,90000.0,12000.0,10000.0,2500.0,20000.0,5000.0,4467.0,50000.0,9197.0,10401.0,23000.0,2016,2452427.79133,0.0,2452427.79133,948000.0,399220.0,548780.0,571780.0,759780.0,2.55533333333,31.4,621,621,621,621,1861,1863,1862,621
592,2017,23.0,487,622,622,622,622,622,622,622,136,250,55,15,10,2,90.0,10.0,10.0,30.0,2.0,210000000.0,40.0,115.0,0,1,0,1,0,0,0,0,0,1,1,1,0,1,1,1,0,0,1,0,0,0,1050000.0,12.0,90.0,0.0,0.0,622,622,622,622,0.0,10.0,0.0,40.0,0.0,0.0,40.0,0.0,10.0,0.0,0.0,386949.0,248459.0,51731.0,57946.0,41860.0,28172.0,21766.0,22122.0,14078.0,27484.23,9197.0,10401.0,36409.0,2017,3092082.6227,0.0,3092082.6227,1050000.0,399220.0,650780.0,673780.0,861780.0,2.55533333333,31.4,622,622,622,622,1864,1866,1865,622
599,2016,19.0,494,629,629,629,629,629,629,629,524420,322,62,10,20,4,85.0,0.0,15.2,15.0,1.0,85159734.0,5.0,90.0,0,0,0,1,0,0,1,0,0,1,1,1,1,1,1,1,1,1,0,1,0,1,416802.0,7.5,88.0,10000.0,0.0,629,629,629,629,0.0,0.1,0.0,2.5,0.0,0.0,88.0,5.9,3.2,0.1,0.0,386949.0,40000.0,3139.0,13920.0,8583.0,4065.0,4000.0,4351.0,4411.0,3300.0,9197.0,10401.0,36409.0,2016,0.0,10000.0,0.0,416802.0,341975.0,74827.0,74827.0,324827.0,0.0,0.0,629,629,629,629,1885,1887,1886,629
600,2017,20.0,494,630,630,630,630,630,630,630,524420,317,60,12,16,10,100.0,0.0,15.2,10.0,3.0,85159734.0,5.0,90.0,0,0,0,1,0,0,1,0,0,1,1,1,1,1,1,1,1,1,0,1,0,1,438242.0,11.5,88.0,10000.0,0.0,630,630,630,630,0.0,0.1,0.0,2.5,0.0,0.0,88.0,5.9,3.2,0.1,0.0,386949.0,248459.0,51731.0,24000.0,41860.0,28172.0,21766.0,0.0,14078.0,0.0,9197.0,10401.0,0.0,2017,1181124.16258,10000.0,1191124.16258,438242.0,335769.0,102473.0,102473.0,352473.0,2.1665,33.8,630,630,630,630,1888,1890,1889,630
603,2016,45.0,496,633,633,633,633,633,633,633,3,264,64,27,8,1,100.0,10.0,27.0,18.0,1.0,52304659.56,0.0,1.0,0,0,0,0,0,0,1,0,0,1,1,1,0,1,1,1,0,1,1,1,0,1,367773.41,5.0,90.0,25000.0,0.0,633,633,633,633,0.0,0.21,0.0,7.22,0.0,0.0,0.0,13.0,79.57,0.0,0.0,0.0,108261.2,8028.97,23248.2,1996.45,4387.0,485.0,4105.22,1543.83,16680.43,9197.0,10401.0,4873.15,2016,566445.77055,25000.0,591445.77055,367773.41,361727.45,6045.96,10919.11,199037.11,2.16666666667,33.5,633,633,633,633,1897,1899,1898,633
604,2017,46.0,496,634,634,634,634,634,634,634,3,264,64,27,8,1,100.0,10.0,27.0,18.0,1.0,52304659.56,0.0,1.0,0,0,0,0,0,0,1,0,0,1,1,1,0,1,1,1,0,1,1,1,0,1,367773.41,5.0,90.0,25000.0,0.0,634,634,634,634,0.0,0.21,0.0,7.22,0.0,0.0,0.0,13.0,79.57,0.0,0.0,386949.0,248459.0,6000.0,6000.0,3000.0,28172.0,21766.0,6000.0,3000.0,122698.0,9197.0,10401.0,3000.0,2017,566445.77055,25000.0,591445.77055,367773.41,185728.35,182045.06,186918.21,199037.11,2.16666666667,33.5,634,634,634,634,1900,1902,1901,634
619,2016,20.0,507,649,649,649,649,649,649,649,138,500,56,15,50,5,75.0,0.0,10.0,5.0,3.0,90000000.0,100.0,1.0,4,0,0,1,0,0,0,0,0,1,1,1,1,1,1,1,1,1,1,0,0,0,544341.0,20.0,60.0,0.0,0.0,649,649,649,649,0.0,25.0,3.0,12.0,0.0,17.0,25.0,5.0,11.0,2.0,0.0,73600.0,50000.0,8500.0,26000.0,6500.0,1500.0,2750.0,1500.0,750.0,2500.0,13500.0,14800.0,7500.0,2016,1473722.26855,0.0,1473722.26855,544341.0,223800.0,320541.0,356341.0,370741.0,2.333,32.8,649,649,649,649,1945,1947,1946,649
620,2017,21.0,507,650,650,650,650,650,650,650,138,750,56,15,50,5,75.0,0.0,10.0,5.0,3.0,90000000.0,100.0,1.0,4,0,0,1,0,0,0,0,0,1,1,1,1,1,1,1,1,1,1,0,0,0,544341.0,20.0,60.0,0.0,0.0,650,650,650,650,0.0,25.0,3.0,12.0,0.0,17.0,25.0,5.0,11.0,2.0,0.0,386949.0,248459.0,51731.0,57946.0,41860.0,28172.0,21766.0,22122.0,14078.0,384000.0,9197.0,10401.0,36409.0,2017,1459757.63296,0.0,1459757.63296,544341.0,223800.0,320541.0,356341.0,370741.0,2.333,33.2,650,650,650,650,1948,1950,1949,650
621,2016,0.0,778,651,651,651,651,651,651,651,524296,383,60,10,15,5,75.0,20.0,12.0,5.0,4.0,210000000.0,60.0,1.2,7,1,0,1,1,0,0,0,0,1,1,1,0,1,1,0,1,1,0,0,0,0,1200000.0,10.0,80.0,0.0,0.0,651,651,651,651,0.0,0.75,0.95,3.5,0.15,0.0,85.15,0.0,9.5,0.0,0.0,386949.0,248459.0,51731.0,57946.0,41860.0,28172.0,21766.0,22122.0,14078.0,384000.0,9197.0,10401.0,36409.0,2016,2803181.80012,0.0,2803181.80012,1200000.0,1200000.0,0.0,0.0,816000.0,2.77783333333,31.0,651,651,651,651,1951,1953,1952,651
622,2017,1.0,778,652,652,652,652,652,652,652,524296,383,60,10,15,5,50.0,20.0,12.0,5.0,4.0,210000000.0,60.0,1.2,7,1,0,1,1,0,0,0,0,1,1,1,0,1,1,1,1,1,0,0,0,0,1200000.0,10.0,80.0,0.0,0.0,652,652,652,652,0.0,0.75,0.95,3.5,0.15,0.0,85.15,0.0,9.5,0.0,0.0,386949.0,98900.0,1508.0,22800.0,2552.0,1476.0,1000.0,415.0,6380.0,5216.0,9197.0,10401.0,7480.0,2017,2829488.94406,0.0,2829488.94406,1200000.0,384000.0,816000.0,816000.0,816000.0,2.88883333333,30.6,652,652,652,652,1954,1956,1955,652
625,2016,22.0,511,655,655,655,655,655,655,655,133,1319,65,10,25,5,80.0,0.0,15.0,70.0,3.0,165000000.0,33.0,100.0,0,0,0,0,0,0,0,0,0,1,0,1,0,1,1,1,1,1,0,1,0,0,700000.0,15.0,82.0,0.0,0.0,655,655,655,655,0.0,1.0,0.0,43.0,0.0,0.0,53.0,0.0,3.0,0.0,0.0,386949.0,24000.0,3300.0,14400.0,9500.0,28172.0,21766.0,22122.0,14078.0,122698.0,9197.0,10401.0,36409.0,2016,2363658.14872,0.0,2363658.14872,700000.0,699200.0,800.0,800.0,648800.0,2.1665,34.1,655,655,655,655,1963,1965,1964,655
626,2017,23.0,511,656,656,656,656,656,656,656,133,1319,65,10,25,5,80.0,0.0,15.0,70.0,3.0,165000000.0,33.0,100.0,0,0,0,0,0,0,0,0,0,1,0,1,0,1,1,1,1,1,0,1,0,0,700000.0,15.0,82.0,0.0,0.0,656,656,656,656,0.0,1.0,0.0,43.0,0.0,0.0,53.0,0.0,3.0,0.0,0.0,386949.0,248459.0,6000.0,11000.0,6000.0,28172.0,21766.0,22122.0,14078.0,122698.0,9197.0,10401.0,36409.0,2017,2363658.14872,0.0,2363658.14872,700000.0,699200.0,800.0,800.0,648800.0,2.1665,34.1,656,656,656,656,1966,1968,1967,656
652,2016,29.0,532,682,682,682,682,682,682,682,12,471,65,21,24,24,100.0,0.0,18.0,0.0,3.0,164640489.0,0.0,100.0,1,1,0,1,1,0,0,0,0,1,0,0,0,0,1,0,0,0,0,0,0,0,994441.0,3.0,57.0,0.0,0.0,682,682,682,682,0.0,13.56,0.34,23.28,0.0,0.0,43.14,0.0,0.0,0.0,19.68,386949.0,919809.0,0.0,0.0,0.0,0.0,0.0,0.0,0.0,702890.0,9197.0,10401.0,0.0,2016,1527189.79502,0.0,1527189.79502,994441.0,641963.0,352478.0,352478.0,551366.0,2.55566666667,32.3,682,682,682,682,2044,2046,2045,682
653,2017,30.0,532,683,683,683,683,683,683,683,20,1305,55,16,141,100,100.0,0.0,9.0,0.0,3.0,997135508.0,53.0,100.0,3,1,1,1,1,0,1,0,0,1,1,1,0,1,1,1,1,1,0,1,0,0,5688302.0,5.0,93.0,0.0,0.0,683,683,683,683,0.0,1.26,0.66,7.16,0.0,0.0,73.74,0.0,16.01,0.0,1.17,340134.0,93800.44,15092.61,13650.0,17106.71,7468.05,19047.67,7946.31,1056.55,9333.19,1544.0,10401.0,200.0,2017,12588479.5681,0.0,12588479.5681,5688302.0,2391454.0,3296848.0,3296848.0,4065603.0,2.94433333333,29.7,683,683,683,683,2047,2049,2048,683
657,2016,36.0,533,687,687,687,687,687,687,687,2120,231,65,20,5,2,100.0,0.0,19.4,30.0,3.0,139475865.0,61.6,1.0,0,1,0,1,0,0,1,0,0,1,1,1,1,1,1,1,1,1,1,1,0,1,1058552.36,5.0,97.0,0.0,0.0,687,687,687,687,0.0,0.0,0.0,4.0,0.0,0.0,88.0,0.0,8.0,0.0,0.0,0.0,175453.0,15420.0,50520.0,18873.0,31973.0,13892.0,15121.0,9987.0,164592.74,0.0,0.0,980.87,2016,2259881.67288,0.0,2259881.67288,1058552.36,736812.61,321739.75,322720.62,770215.4,2.44433333333,32.1,687,687,687,687,2059,2061,2060,687
658,2017,37.0,533,688,688,688,688,688,688,688,8,231,65,20,5,2,0.0,0.0,19.4,30.0,3.0,139475865.0,61.6,100.0,0,1,1,1,0,0,1,0,0,1,1,1,1,1,1,1,1,1,1,1,0,1,1058552.36,10.0,97.0,0.0,0.0,688,688,688,688,0.0,10.0,0.0,4.0,2.0,2.0,73.0,0.0,4.0,5.0,0.0,67760.0,58211.0,54748.0,36258.0,41860.0,28172.0,2000.0,62045.0,14078.0,122698.0,0.0,0.0,36409.0,2017,2597363.5187,0.0,2597363.5187,1058552.36,736812.61,321739.75,322720.62,770215.4,2.61133333333,31.8,688,688,688,688,2062,2064,2063,688
672,2016,9.0,548,703,703,703,703,703,703,703,198,325,54,10,20,5,75.0,3.0,15.0,25.0,3.0,72000000.0,0.0,100.0,0,1,0,1,0,0,0,0,0,1,1,1,0,1,1,1,1,1,1,1,0,1,430000.0,15.0,75.0,10000.0,0.0,703,703,703,703,0.0,0.0,0.0,12.0,0.0,4.0,63.0,4.0,17.0,0.0,0.0,74500.0,31500.0,14000.0,13500.0,41860.0,1500.0,4500.0,5500.0,500.0,122698.0,9197.0,10401.0,36409.0,2016,1091322.77392,10000.0,1101322.77392,430000.0,430000.0,0.0,0.0,284500.0,2.5,31.9,703,703,703,703,2107,2109,2108,703
673,2017,10.0,548,704,704,704,704,704,704,704,198,325,54,10,20,5,75.0,3.0,15.0,25.0,3.0,72000000.0,0.0,100.0,0,1,0,1,0,0,0,0,0,1,1,1,0,1,1,1,1,1,1,1,0,1,435000.0,15.0,75.0,10000.0,0.0,704,704,704,704,0.0,0.0,0.0,5.0,0.0,2.0,72.0,2.0,19.0,0.0,0.0,175382.0,248459.0,51731.0,74466.0,3000.0,6500.0,48600.0,2000.0,3500.0,122698.0,1400.0,761.0,36409.0,2017,1110502.43603,10000.0,1120502.43603,435000.0,430000.0,5000.0,5000.0,289500.0,2.44433333333,31.9,704,704,704,704,2110,2112,2111,704
685,2016,24.0,556,716,716,716,716,716,716,716,16391,300,62,20,15,10,100.0,0.0,20.0,15.0,3.0,185074929.0,0.0,96.0,0,0,0,0,0,0,0,0,0,1,0,1,1,0,1,1,0,1,1,1,0,0,494055.47,5.0,98.3,20000.0,0.0,716,716,716,716,0.0,0.0,0.0,1.0,0.0,0.0,26.0,0.0,73.0,0.0,0.0,81007.0,0.0,40000.0,24000.0,3500.0,5000.0,2500.0,5000.0,5000.0,5000.0,120.0,10401.0,18500.0,2016,935467.923851,20000.0,955467.923851,494055.47,397294.0,96761.47,115381.47,323048.47,2.3335,32.7,716,716,716,716,2146,2148,2147,716
686,2017,25.0,556,717,717,717,717,717,717,717,7,300,62,20,15,10,100.0,0.0,20.0,15.0,3.0,185074929.0,0.0,96.0,0,0,0,0,0,0,0,0,0,1,0,1,1,0,1,1,0,1,1,1,0,0,537600.0,5.0,98.3,20000.0,0.0,717,717,717,717,0.0,0.0,0.0,1.0,0.0,0.0,26.0,0.0,73.0,0.0,0.0,66667.01,100579.5,19553.91,32159.45,0.0,15.0,6744.58,36730.69,7868.11,275.0,0.0,0.0,0.0,2017,1061562.03931,20000.0,1081562.03931,537600.0,397294.0,140306.0,158926.0,366593.0,2.3335,32.7,717,717,717,717,2149,2151,2150,717
689,2016,15.0,794,720,720,720,720,720,720,720,525331,1174,54,4,194,55,35.0,0.0,7.0,0.0,3.0,199250632.87,100.0,1.12,3,1,1,1,1,0,1,0,0,1,1,0,1,1,1,1,0,1,0,0,0,0,2455308.0,0.0,65.0,0.0,0.0,720,720,720,720,0.0,0.0,0.0,0.0,0.0,0.0,92.0,0.0,0.0,1.0,7.0,507111.0,395415.0,4943.0,96000.0,111473.0,95294.0,37133.0,39592.0,34216.0,292424.0,9197.0,10401.0,74340.0,2016,6770127.24916,0.0,6770127.24916,2455308.0,0.0,2455308.0,2455308.0,2455308.0,3.111,28.8,720,720,720,720,2158,2160,2159,720
690,2017,16.0,794,721,721,721,721,721,721,721,525331,1174,54,4,194,55,35.0,0.0,7.0,0.0,3.0,199250632.87,100.0,1.21,3,1,1,1,1,0,1,0,0,1,1,1,1,1,1,1,0,1,0,0,0,0,2455801.0,25.0,100.0,362340.0,65760.0,721,721,721,721,0.0,0.0,0.0,0.0,0.0,0.0,92.0,0.0,0.0,1.0,7.0,386949.0,20182.0,26661.0,18000.0,515.0,3226.0,21937.0,4947.0,1522.0,122698.0,9197.0,10401.0,7065.0,2017,6309699.57346,296580.0,6606279.57346,2455801.0,1992964.0,462837.0,857959.0,1162982.0,3.278,28.5,721,721,721,721,2161,2163,2162,721
697,2016,-1.0,800,728,728,728,728,728,728,728,5,348,60,10,50,5,70.0,45.0,20.0,30.0,3.0,180418550.0,0.0,125.0,0,0,0,0,0,0,0,0,0,1,1,1,1,1,1,1,1,1,1,1,0,1,711371.0,6.0,95.0,0.0,0.0,728,728,728,728,0.0,2.0,0.0,2.0,0.0,0.0,74.0,8.0,14.0,0.0,0.0,0.0,50000.0,96000.0,22800.0,15221.0,10000.0,420.0,1000.0,0.0,0.0,0.0,0.0,100000.0,2016,2138667.73672,0.0,2138667.73672,711371.0,0.0,711371.0,711371.0,711371.0,2.4445,32.2,728,728,728,728,2182,2184,2183,728
698,2017,0.0,800,729,729,729,729,729,729,729,5,348,55,12,48,5,80.0,45.0,20.0,30.0,4.0,180418550.0,0.0,125.0,7,1,0,1,0,0,1,0,0,1,1,1,1,1,1,1,1,1,1,1,0,1,1148000.0,6.0,95.0,0.0,0.0,729,729,729,729,0.0,2.0,0.0,2.0,0.0,0.0,74.0,8.0,14.0,0.0,0.0,0.0,40000.0,10000.0,10000.0,500.0,1000.0,0.0,22122.0,14078.0,122698.0,9197.0,10401.0,36409.0,2017,2975195.947,0.0,2975195.947,1148000.0,695441.0,452559.0,552559.0,952559.0,2.778,30.5,729,729,729,729,2185,2187,2186,729
703,2016,4.0,803,734,734,734,734,734,734,734,1098,104,57,9,3,1,75.0,3.0,28.0,13.0,5.0,250000000.0,100.0,72.0,6,0,0,0,0,0,0,0,0,1,1,1,0,1,0,1,1,1,0,1,0,0,1763398.0,10.0,100.0,0.0,0.0,734,734,734,734,0.0,0.0,0.0,79.0,5.0,10.0,4.0,1.0,0.0,0.0,0.0,386949.0,234000.0,33935.0,68545.0,72245.0,4000.0,30700.0,7008.0,26131.0,318885.0,0.0,0.0,4152.0,2016,3097176.74332,0.0,3097176.74332,1763398.0,799601.0,963797.0,967949.0,967949.0,2.55533333333,31.2,734,734,734,734,2200,2202,2201,734
704,2017,5.0,803,735,735,735,735,735,735,735,1098,104,57,9,3,1,75.0,3.0,28.0,13.0,5.0,250000000.0,100.0,72.0,6,0,0,0,0,0,0,0,0,1,1,1,0,1,0,1,1,1,0,1,0,0,1763398.0,0.0,100.0,0.0,0.0,735,735,735,735,0.0,0.0,0.0,79.0,5.0,10.0,4.0,1.0,0.0,0.0,0.0,285000.0,248459.0,51731.0,57946.0,41860.0,28172.0,21766.0,22122.0,14078.0,122698.0,9197.0,10401.0,36409.0,2017,2532876.14823,0.0,2532876.14823,1763398.0,949601.0,813797.0,817949.0,967949.0,2.55533333333,31.2,735,735,735,735,2203,2205,2204,735
705,2016,24.0,563,736,736,736,736,736,736,736,135,1200,57,8,50,20,100.0,7.0,8.0,15.0,1.0,265000000.0,30.0,0.8,0,1,1,1,1,0,1,0,0,1,1,1,1,1,1,1,1,1,1,1,0,0,1636226.0,10.0,90.0,0.0,0.0,736,736,736,736,0.0,0.0,0.0,0.0,0.0,0.0,100.0,0.0,0.0,0.0,0.0,386949.0,264703.0,51731.0,57946.0,41860.0,28172.0,21766.0,22122.0,14078.0,200000.0,9197.0,10401.0,36409.0,2016,4696386.74327,0.0,4696386.74327,1636226.0,285000.0,1351226.0,1351226.0,1351226.0,2.88883333333,30.5,736,736,736,736,2206,2208,2207,736
706,2017,25.0,563,737,737,737,737,737,737,737,8,1200,57,8,50,15,100.0,7.0,8.0,15.0,1.0,265000000.0,30.0,0.8,0,1,1,1,1,0,1,0,0,1,1,1,1,1,1,1,1,1,1,1,0,0,1636226.0,10.0,90.0,0.0,0.0,737,737,737,737,0.0,0.0,0.0,0.0,0.0,0.0,100.0,0.0,0.0,0.0,0.0,25896.0,3278.0,5633.0,2190.0,10017.0,2040.0,8359.0,11369.0,4250.0,18034.0,9197.0,10401.0,1437.53,2017,4071802.26448,0.0,4071802.26448,1636226.0,864703.0,771523.0,771523.0,1171523.0,2.88883333333,30.5,737,737,737,737,2209,2211,2210,737
707,2016,8.0,804,738,738,738,738,738,738,738,4,169,48,7,10,2,100.0,5.42,20.54,6.5,2.0,25029519.0,87.38,1.4,0,0,0,0,0,0,0,0,0,1,0,1,0,1,1,1,1,0,0,0,0,1,191307.0,10.0,91.45,0.0,0.0,738,738,738,738,0.0,0.14,0.0,98.9,0.0,0.0,0.0,0.82,0.14,0.0,0.0,25896.0,3278.0,5633.0,2190.0,10017.0,2040.0,8359.0,11369.0,4250.0,18034.0,9197.0,10401.0,1437.53,2016,320193.381313,0.0,320193.381313,191307.0,104003.53,87303.47,88741.0,100241.0,2.1665,34.2,738,738,738,738,2212,2214,2213,738
708,2017,9.0,804,739,739,739,739,739,739,739,4,169,48,7,10,2,100.0,5.42,20.54,6.5,2.0,25029519.0,87.38,1.4,0,0,0,0,0,0,0,0,0,1,0,1,0,1,1,1,1,0,0,0,0,1,234547.0,10.0,91.45,0.0,0.0,739,739,739,739,0.0,0.14,0.0,98.9,0.0,0.0,0.0,0.82,0.14,0.0,0.0,249000.0,100000.0,10000.0,30000.0,1140.0,2000.0,6000.0,6000.0,2000.0,122698.0,9197.0,10401.0,176694.72,2017,458312.1332,0.0,458312.1332,234547.0,104003.53,130543.47,131981.0,143481.0,2.1665,34.2,739,739,739,739,2215,2217,2216,739
712,2016,22.0,807,744,744,744,744,744,744,744,524292,117,62,15,7,2,85.0,5.0,78.0,80.0,3.0,57500055.0,80.0,125.0,0,1,0,1,1,0,1,0,0,1,1,1,1,1,1,1,1,1,1,1,0,0,350952.0,6.0,99.0,50500.0,0.0,744,744,744,744,0.0,0.0,0.0,0.0,0.0,0.0,99.0,0.0,1.0,0.0,0.0,386949.0,248459.0,51731.0,18000.0,9000.0,28172.0,21766.0,22122.0,14078.0,96083.0,9197.0,10401.0,36409.0,2016,650232.804988,50500.0,700732.804988,350952.0,123083.0,227869.0,227869.0,227869.0,2.5,32.4,744,744,744,744,2230,2232,2231,744
713,2017,23.0,807,745,745,745,745,745,745,745,524290,117,62,15,7,2,85.0,5.0,78.0,80.0,3.0,57500055.0,80.0,125.0,0,1,0,1,1,0,1,0,0,1,1,1,1,1,1,1,1,1,1,1,0,0,391615.0,6.0,99.0,50500.0,0.0,745,745,745,745,0.0,0.0,0.0,0.0,0.0,0.0,99.0,0.0,1.0,0.0,0.0,0.0,48000.0,36000.0,30600.0,12000.0,3500.0,3000.0,5000.0,5500.0,122698.0,9197.0,10401.0,36409.0,2017,807315.345547,50500.0,857815.345547,391615.0,123083.0,268532.0,268532.0,268532.0,2.5,32.2,745,745,745,745,2233,2235,2234,745
719,2016,3.0,810,753,753,753,753,753,753,753,2,593,58,8,14,1,15.0,2.0,15.0,20.0,1.0,37303929.0,100.0,100.0,0,1,0,0,0,0,0,0,0,1,1,1,1,0,1,1,0,1,1,1,0,1,174330.0,-1.0,36.0,0.0,0.0,753,753,753,753,0.0,0.0,0.0,16.0,0.0,0.0,84.0,0.0,0.0,0.0,0.0,0.0,0.0,0.0,0.0,0.0,0.0,0.0,0.0,2889.0,40000.0,0.0,0.0,31262.0,2016,411969.223235,0.0,411969.223235,174330.0,140920.0,33410.0,64672.0,171441.0,2.1665,34.0,753,753,753,753,2257,2259,2258,753
720,2017,4.0,810,754,754,754,754,754,754,754,2,593,58,8,14,1,15.0,2.0,15.0,20.0,1.0,37303929.0,100.0,100.0,0,1,0,0,0,0,0,0,0,1,1,1,1,0,1,1,0,1,1,1,0,1,174330.0,-1.0,36.0,0.0,0.0,754,754,754,754,0.0,0.0,0.0,16.0,0.0,0.0,84.0,0.0,0.0,0.0,0.0,0.0,0.0,0.0,0.0,0.0,0.0,0.0,0.0,0.0,0.0,0.0,0.0,0.0,2017,315850.039788,0.0,315850.039788,174330.0,180920.0,-6590.0,24672.0,131441.0,2.1665,34.0,754,754,754,754,2260,2262,2261,754
724,2016,-1.0,812,758,758,758,758,758,758,758,7,500,55,15,20,5,80.0,10.0,15.0,35.0,3.0,185000000.0,20.0,100.0,0,1,0,1,0,0,0,0,0,1,1,1,1,1,0,1,0,1,0,1,0,0,1179000.0,3.0,75.0,0.0,0.0,758,758,758,758,0.0,11.0,6.0,17.0,2.0,0.0,50.0,0.0,12.0,0.0,2.0,386949.0,60000.0,3000.0,36000.0,15000.0,2000.0,1500.0,5000.0,2000.0,122698.0,9197.0,10401.0,36409.0,2016,2959053.12963,0.0,2959053.12963,1179000.0,824500.0,354500.0,354500.0,1054500.0,2.611,31.7,758,758,758,758,2272,2274,2273,758
725,2017,0.0,812,759,759,759,759,759,759,759,7,500,55,15,20,5,80.0,10.0,15.0,35.0,3.0,185000000.0,20.0,100.0,0,1,0,1,0,0,0,0,0,1,1,1,1,1,0,1,0,1,0,1,0,0,1232574.0,5.0,75.0,0.0,0.0,759,759,759,759,0.0,11.0,6.0,17.0,2.0,0.0,50.0,0.0,12.0,0.0,2.0,0.0,29225.0,1385.0,34650.0,1595.0,5742.0,755.0,7951.0,948.0,122698.0,9197.0,10401.0,13304.0,2017,3280040.63072,0.0,3280040.63072,1232574.0,824500.0,408074.0,408074.0,1108074.0,2.611,31.7,759,759,759,759,2275,2277,2276,759
740,2017,7.0,584,775,775,775,775,775,775,775,6,268,64,3,25,20,100.0,0.0,9.0,20.0,5.0,234061869.34,100.0,129.0,7,1,0,0,0,0,1,1,0,1,1,1,1,0,1,1,1,1,0,1,0,0,2476523.0,5.0,100.0,47644.0,0.0,775,775,775,775,0.0,0.0,0.0,0.0,0.0,0.0,100.0,0.0,0.0,0.0,0.0,0.0,272800.0,60000.0,24000.0,32000.0,20000.0,16000.0,16000.0,12425.0,122698.0,0.0,0.0,0.0,2017,5787934.00426,47644.0,5835578.00426,2476523.0,1841891.0,634632.0,1234632.0,1959632.0,2.55533333333,31.8,775,775,775,775,2323,2325,2324,775
741,2018,8.0,584,776,776,776,776,776,776,776,6,268,64,4,33,12,100.0,0.0,9.0,20.0,5.0,234061869.34,100.0,129.0,7,1,1,1,0,0,1,1,0,1,1,1,1,0,1,1,1,1,0,1,0,0,2866000.0,5.0,100.0,47644.0,0.0,776,776,776,776,0.0,0.0,0.0,100.0,0.0,0.0,0.0,0.0,0.0,0.0,0.0,189220.0,85123.0,27003.0,80086.0,19444.0,2395.0,15332.0,5318.0,3657.0,16625.0,920.0,5464.0,47946.0,2018,8256337.0833,47644.0,8303981.0833,2866000.0,578225.0,2287775.0,2287775.0,2684775.0,2.72233333333,30.0,776,776,776,776,2326,2328,2327,776
746,2015,35.0,205,13,13,13,13,13,13,13,7,250,55,12,10,3,30.0,0.0,30.0,30.0,2.0,320000000.0,100.0,0.0,0,0,0,0,0,1,0,0,0,1,1,0,0,1,0,1,0,0,0,0,0,0,2236000.0,10.0,95.0,50000.0,0.0,13,13,13,13,0.0,0.0,0.0,0.0,0.0,0.0,80.0,0.0,0.0,20.0,0.0,375000.0,165000.0,33648.0,56100.0,71304.0,465816.0,25808.0,10500.0,5736.0,55000.0,2976.0,0.0,0.0,2015,0.0,50000.0,0.0,2236000.0,1266888.0,969112.0,972088.0,1172088.0,1.4445,0.0,13,13,13,13,37,39,38,13
