id,crm,accounting,portfoliomanagement,portfolioaccounting,financialplanning,firmwebsite,clientportal,socialmedia,email,digitalcompliancemonitoring,digitalfinancialrecords,robotechnology,riskassessmentsoftware,NetRevenue,OperatingExpenses,Ebitda,Eboc,NetRevenue(<=25),NetRevenue(26-50),NetRevenue(51-75),NetRevenue(>75),OpExpenses(<=25),OpExpenses(26-50),OpExpenses(51-75),OpExpenses(>75),Ebitda(<=25),Ebitda(26-50),Ebitda(51-75),Ebitda(>75),Eboc(<=25),Eboc(26-50),Eboc(51-75),Eboc(>75)
1,1,1,1,1,1,1,1,1,1,1,1,0,0,2350000.0,557000.0,1830000.0,2360000.0,0,0,0,1,0,0,1,0,0,0,0,1,0,0,0,1
2,1,1,1,1,1,1,1,1,1,0,1,0,0,1320000.0,752933.0,567067.0,692900.0,0,0,1,0,0,0,1,0,0,0,1,0,0,0,1,0
4,0,0,1,1,0,0,0,0,0,1,1,0,0,662674.0,392050.0,294924.0,473224.0,0,1,0,0,0,0,1,0,0,1,0,0,0,1,0,0
5,0,0,1,1,0,0,0,0,0,1,1,0,0,662674.0,392050.0,294924.0,473224.0,0,1,0,0,0,0,1,0,0,1,0,0,0,1,0,0
6,1,1,1,1,1,0,1,1,0,1,1,0,1,1443750.0,511050.0,957000.0,1207000.0,0,0,1,0,0,0,1,0,0,0,0,1,0,0,0,1
7,1,1,1,0,1,1,1,1,1,1,1,0,0,550000.0,240000.0,310000.0,310000.0,0,1,0,0,0,1,0,0,0,1,0,0,0,1,0,0
8,0,1,1,1,1,1,1,0,1,1,1,0,0,2100000.0,879000.0,1296000.0,2296000.0,0,0,0,1,0,0,0,1,0,0,0,1,0,0,0,1
9,1,1,1,1,1,1,1,0,1,1,1,0,0,2600000.0,2254000.0,421000.0,1421000.0,0,0,0,1,0,0,0,1,0,0,1,0,0,0,0,1
11,1,1,1,1,1,1,1,1,1,0,1,0,0,0.0,0.0,0.0,0.0,1,0,0,0,1,0,0,0,1,0,0,0,1,0,0,0
12,1,1,1,0,1,0,1,0,0,0,0,0,0,2356000.0,1266888.0,1092088.0,1292088.0,0,0,0,1,0,0,0,1,0,0,0,1,0,0,0,1
13,1,0,0,0,0,0,1,0,0,0,0,0,0,2356000.0,1266888.0,1092088.0,1292088.0,0,0,0,1,0,0,0,1,0,0,0,1,0,0,0,1
14,0,0,0,1,1,1,1,1,1,1,1,0,0,2545000.0,2447188.0,118312.0,183312.0,0,0,0,1,0,0,0,1,1,0,0,0,1,0,0,0
15,1,1,1,1,0,1,1,0,1,0,1,0,0,5950000.0,2838000.0,3112085.0,3164085.0,0,0,0,1,0,0,0,1,0,0,0,1,0,0,0,1
16,1,1,1,1,0,1,0,1,1,1,1,0,0,1606000.0,1460089.0,150240.0,330240.0,0,0,1,0,0,0,0,1,1,0,0,0,0,1,0,0
17,1,1,1,1,0,1,0,1,1,1,1,0,0,1606000.0,985500.0,634500.0,784500.0,0,0,1,0,0,0,0,1,0,0,1,0,0,0,1,0
18,1,1,1,1,0,1,0,1,1,1,1,0,0,1606000.0,985500.0,634500.0,784500.0,0,0,1,0,0,0,0,1,0,0,1,0,0,0,1,0
19,0,1,1,1,1,1,1,1,0,1,1,0,0,5761033.0,3784823.0,1989610.0,2279610.0,0,0,0,1,0,0,0,1,0,0,0,1,0,0,0,1
20,0,1,1,1,1,1,1,1,0,1,1,0,0,5761033.0,3784823.0,1989610.0,2279610.0,0,0,0,1,0,0,0,1,0,0,0,1,0,0,0,1
21,0,0,0,0,0,0,0,0,0,0,0,0,0,257793.0,93937.0,163856.0,167456.0,1,0,0,0,0,1,0,0,0,1,0,0,1,0,0,0
22,0,0,0,0,0,0,0,0,0,0,0,0,0,650000.0,209411.0,440589.0,440589.0,0,1,0,0,0,1,0,0,0,0,1,0,0,1,0,0
23,0,0,0,0,0,0,0,0,0,0,0,0,0,650000.0,289518.0,360482.0,375482.0,0,1,0,0,0,1,0,0,0,1,0,0,0,1,0,0
24,1,1,1,0,0,1,1,1,1,0,1,0,0,4200000.0,1332300.0,2914000.0,5232772.0,0,0,0,1,0,0,0,1,0,0,0,1,0,0,0,1
25,1,1,1,0,0,1,1,1,1,0,1,0,0,3452000.0,1330388.0,2548027.0,2773027.0,0,0,0,1,0,0,0,1,0,0,0,1,0,0,0,1
26,1,1,1,0,0,1,1,1,1,1,1,0,0,3554907.0,1327871.0,2404319.0,2704319.0,0,0,0,1,0,0,0,1,0,0,0,1,0,0,0,1
27,0,1,1,1,1,1,1,1,1,1,0,0,0,640272.0,640272.0,27446.83,506819.9,0,1,0,0,0,0,1,0,1,0,0,0,0,1,0,0
28,1,1,1,1,1,1,1,1,1,1,1,0,0,713544.0,406000.0,317544.0,557544.0,0,1,0,0,0,0,1,0,0,1,0,0,0,1,0,0
29,1,1,1,1,1,1,1,1,1,1,1,0,0,624683.0,406000.0,228683.0,468683.0,0,1,0,0,0,0,1,0,0,1,0,0,0,1,0,0
30,1,1,1,1,1,1,1,0,1,1,1,0,0,816935.33,794444.61,63954.9,671580.35,0,0,1,0,0,0,1,0,1,0,0,0,0,0,1,0
31,1,1,0,0,0,1,1,1,1,0,0,0,0,1000714.0,619000.0,381714.0,606714.0,0,0,1,0,0,0,1,0,0,0,1,0,0,0,1,0
32,1,1,1,0,1,1,1,1,1,1,1,0,0,534215.0,69200.0,465015.0,465015.0,0,1,0,0,1,0,0,0,0,0,1,0,0,1,0,0
33,1,1,1,0,1,1,0,1,1,1,1,0,0,2200000.0,995000.0,1205000.0,2205000.0,0,0,0,1,0,0,0,1,0,0,0,1,0,0,0,1
34,0,0,0,0,0,0,0,0,0,0,0,0,0,0.0,0.0,0.0,0.0,1,0,0,0,1,0,0,0,1,0,0,0,1,0,0,0
35,1,1,1,0,1,1,1,1,1,1,1,0,0,168000.0,219785.0,-41785.0,58215.0,1,0,0,0,0,1,0,0,1,0,0,0,1,0,0,0
36,1,0,1,1,1,1,1,1,1,1,1,0,0,1700000.0,1020000.0,680000.0,680000.0,0,0,0,1,0,0,0,1,0,0,1,0,0,0,1,0
37,1,1,1,1,1,1,1,1,1,1,1,0,0,1800000.0,0.0,1800000.0,1800000.0,0,0,0,1,1,0,0,0,0,0,0,1,0,0,0,1
38,0,0,0,0,0,0,0,0,0,0,0,0,0,257000.0,93937.0,163063.0,166663.0,1,0,0,0,0,1,0,0,0,1,0,0,1,0,0,0
39,1,1,1,1,1,1,1,0,1,0,1,0,0,4600000.0,3390000.0,1275000.0,2825000.0,0,0,0,1,0,0,0,1,0,0,0,1,0,0,0,1
40,1,1,1,1,1,1,1,0,1,0,1,0,0,4450000.0,3232000.0,1276000.0,2826000.0,0,0,0,1,0,0,0,1,0,0,0,1,0,0,0,1
41,0,1,1,1,1,1,1,0,1,0,1,0,0,250000.0,81700.0,168300.0,168300.0,1,0,0,0,1,0,0,0,0,1,0,0,1,0,0,0
42,1,1,1,0,1,1,1,1,1,1,1,0,0,200000.0,160800.0,39200.0,135200.0,1,0,0,0,0,1,0,0,1,0,0,0,1,0,0,0
43,0,1,0,0,0,0,0,0,0,0,0,0,0,555000.0,299500.0,255500.0,255500.0,0,1,0,0,0,1,0,0,0,1,0,0,1,0,0,0
44,1,1,1,0,1,1,1,1,1,1,1,0,0,550000.0,299500.0,250500.0,250500.0,0,1,0,0,0,1,0,0,0,1,0,0,1,0,0,0
45,1,1,1,1,1,1,0,0,1,0,0,0,0,9000000.0,8100000.0,935000.0,1385000.0,0,0,0,1,0,0,0,1,0,0,0,1,0,0,0,1
46,1,1,1,1,1,1,1,1,1,0,1,0,0,750000.0,770200.0,279800.0,279800.0,0,1,0,0,0,0,1,0,0,1,0,0,1,0,0,0
47,0,0,0,0,0,0,0,0,0,0,0,0,0,120000.0,0.0,120000.0,120000.0,1,0,0,0,1,0,0,0,1,0,0,0,1,0,0,0
48,1,0,1,0,1,1,1,1,1,0,0,0,0,1250000.0,1136300.0,113700.0,763700.0,0,0,1,0,0,0,0,1,1,0,0,0,0,0,1,0
49,1,1,1,1,1,1,1,0,1,1,1,0,0,2750000.0,776000.0,1974000.0,1974000.0,0,0,0,1,0,0,1,0,0,0,0,1,0,0,0,1
50,1,1,1,1,1,1,1,0,1,1,1,0,0,3100000.0,822300.0,2277700.0,2277700.0,0,0,0,1,0,0,1,0,0,0,0,1,0,0,0,1
51,0,1,1,0,0,1,1,0,0,1,1,0,0,1362881.0,1542782.0,-23478.0,176522.0,0,0,1,0,0,0,0,1,1,0,0,0,1,0,0,0
52,1,1,1,0,1,1,1,0,1,0,1,0,0,2504000.0,1530363.0,1230808.0,1430808.0,0,0,0,1,0,0,0,1,0,0,0,1,0,0,0,1
53,1,1,1,1,1,1,1,0,1,0,1,0,0,580961.0,426055.0,166389.0,166389.0,0,1,0,0,0,0,1,0,0,1,0,0,1,0,0,0
54,0,0,0,0,0,1,0,0,1,0,0,0,0,120000.0,22000.0,98000.0,98000.0,1,0,0,0,1,0,0,0,1,0,0,0,1,0,0,0
55,1,1,1,1,1,1,1,1,1,1,0,0,0,8900000.0,0.0,8900000.0,8900000.0,0,0,0,1,1,0,0,0,0,0,0,1,0,0,0,1
56,0,0,1,0,0,1,0,0,0,0,0,0,0,1200000.0,330900.0,869100.0,1738200.0,0,0,1,0,0,1,0,0,0,0,0,1,0,0,0,1
57,1,1,0,0,1,1,1,0,1,0,1,0,0,1270000.0,426685.0,939455.0,1751655.0,0,0,1,0,0,0,1,0,0,0,0,1,0,0,0,1
58,1,1,0,0,1,1,1,0,1,0,1,0,0,1385000.0,826685.0,654455.0,655455.0,0,0,1,0,0,0,1,0,0,0,1,0,0,0,1,0
59,1,1,1,1,1,1,1,0,1,0,1,0,0,2152000.0,862000.0,1340000.0,2360000.0,0,0,0,1,0,0,0,1,0,0,0,1,0,0,0,1
60,0,1,1,1,0,1,1,0,1,1,0,0,0,195000.0,190600.0,4400.0,4400.0,1,0,0,0,0,1,0,0,1,0,0,0,1,0,0,0
61,1,1,1,0,1,1,1,1,1,1,1,0,0,4599000.0,3909000.0,760000.0,2660000.0,0,0,0,1,0,0,0,1,0,0,1,0,0,0,0,1
62,1,1,1,1,1,1,1,1,1,1,1,0,0,498000.0,261140.0,329360.0,329360.0,0,1,0,0,0,1,0,0,0,1,0,0,0,1,0,0
63,0,0,0,0,0,0,0,0,0,0,0,0,0,500000.0,300000.0,200000.0,350000.0,0,1,0,0,0,1,0,0,0,1,0,0,0,1,0,0
64,1,1,1,1,1,1,1,1,1,0,1,0,0,233100.0,79160.0,202755.0,290755.0,1,0,0,0,1,0,0,0,0,1,0,0,0,1,0,0
65,1,0,0,0,0,0,1,0,1,0,0,0,0,200000.0,68900.0,131100.0,131100.0,1,0,0,0,1,0,0,0,1,0,0,0,1,0,0,0
66,0,1,0,1,1,1,1,1,1,1,1,0,0,450000.0,117400.0,332600.0,332600.0,0,1,0,0,0,1,0,0,0,1,0,0,0,1,0,0
67,1,1,1,1,1,1,1,1,1,1,1,0,0,425000.0,128008.0,296992.0,296992.0,0,1,0,0,0,1,0,0,0,1,0,0,0,1,0,0
68,1,1,1,1,1,1,0,1,1,0,1,0,0,353000.0,170000.0,183000.0,183000.0,1,0,0,0,0,1,0,0,0,1,0,0,1,0,0,0
69,1,0,1,0,1,1,1,1,0,0,1,0,0,609100.0,0.0,609100.0,609100.0,0,1,0,0,1,0,0,0,0,0,1,0,0,0,1,0
70,1,0,1,0,0,1,1,1,1,0,0,0,0,593619.0,553300.48,62005.52,348721.52,0,1,0,0,0,0,1,0,1,0,0,0,0,1,0,0
71,1,1,1,0,1,1,1,1,1,1,1,0,0,405150.0,125249.0,281098.0,281098.0,1,0,0,0,0,1,0,0,0,1,0,0,1,0,0,0
72,1,1,1,0,1,1,1,0,1,1,0,0,0,2609611.0,1356950.0,836768.0,1186768.0,0,0,0,1,0,0,0,1,0,0,0,1,0,0,0,1
73,1,1,1,1,1,1,0,1,1,0,1,0,0,4892483.0,2291907.0,2616062.0,3114995.0,0,0,0,1,0,0,0,1,0,0,0,1,0,0,0,1
74,1,1,1,1,1,1,1,1,1,1,1,0,0,1650000.0,961248.0,987594.0,1565636.0,0,0,1,0,0,0,0,1,0,0,0,1,0,0,0,1
75,1,1,1,0,1,1,1,0,0,1,0,0,0,2716613.0,1516963.0,747043.0,797043.0,0,0,0,1,0,0,0,1,0,0,1,0,0,0,1,0
76,1,0,1,1,1,0,0,0,0,0,1,0,0,4892483.0,2291907.0,2616062.0,3114995.0,0,0,0,1,0,0,0,1,0,0,0,1,0,0,0,1
77,1,1,1,0,1,1,1,0,1,1,1,0,0,246631.0,0.0,246631.0,246631.0,1,0,0,0,1,0,0,0,0,1,0,0,1,0,0,0
78,1,1,1,1,1,1,0,0,1,1,1,0,0,617497.0,112000.0,505497.0,505497.0,0,1,0,0,0,1,0,0,0,0,1,0,0,1,0,0
79,1,1,1,1,1,1,0,1,1,1,0,0,0,2467343.54,2006543.45,549515.7,951921.84,0,0,0,1,0,0,0,1,0,0,1,0,0,0,1,0
80,1,1,1,1,1,1,1,1,1,1,1,0,0,947500.0,532145.63,483184.93,898184.93,0,0,1,0,0,0,1,0,0,0,1,0,0,0,1,0
81,1,1,1,1,1,1,1,1,1,1,1,0,0,927500.0,570901.0,424429.56,781028.56,0,0,1,0,0,0,1,0,0,0,1,0,0,0,1,0
82,1,1,1,1,1,1,1,1,1,1,1,0,0,927500.0,570901.0,424429.56,781028.56,0,0,1,0,0,0,1,0,0,0,1,0,0,0,1,0
83,1,1,1,1,1,1,0,0,1,1,1,0,0,1992626.0,1363979.0,671771.0,1209339.0,0,0,0,1,0,0,0,1,0,0,1,0,0,0,0,1
84,1,1,1,1,1,1,1,1,1,0,1,0,0,15500000.0,13659668.0,2454359.0,2454359.0,0,0,0,1,0,0,0,1,0,0,0,1,0,0,0,1
85,1,1,1,1,1,1,1,1,1,1,1,0,0,2516018.0,760000.0,1786018.0,2786018.0,0,0,0,1,0,0,1,0,0,0,0,1,0,0,0,1
86,1,1,1,1,1,1,1,1,1,1,1,0,0,2516018.0,1345207.0,1257811.0,1952611.0,0,0,0,1,0,0,0,1,0,0,0,1,0,0,0,1
87,0,0,0,0,0,1,0,1,1,0,0,0,0,1030000.0,625060.0,410940.0,630940.0,0,0,1,0,0,0,1,0,0,0,1,0,0,0,1,0
88,1,0,0,0,0,0,0,0,0,0,0,0,0,1045000.0,501200.0,549700.0,834700.0,0,0,1,0,0,0,1,0,0,0,1,0,0,0,1,0
89,1,1,1,1,1,1,1,1,1,1,1,0,0,466935.0,138500.0,388435.0,654435.0,0,1,0,0,0,1,0,0,0,0,1,0,0,0,1,0
90,1,1,1,0,1,1,0,0,1,1,1,0,0,1634575.0,1257755.22,384659.19,852159.19,0,0,1,0,0,0,0,1,0,0,1,0,0,0,1,0
91,1,1,1,1,1,1,1,1,1,1,1,0,0,14000000.0,3183440.0,10896560.0,10896560.0,0,0,0,1,0,0,0,1,0,0,0,1,0,0,0,1
92,1,1,1,0,1,1,1,1,1,1,1,0,0,482000.0,298000.0,184000.0,184000.0,0,1,0,0,0,1,0,0,0,1,0,0,1,0,0,0
93,1,1,1,1,1,1,1,0,1,1,1,0,0,1400000.0,371500.0,1158500.0,1378500.0,0,0,1,0,0,0,1,0,0,0,0,1,0,0,0,1
94,1,1,1,1,1,1,1,1,1,1,1,0,0,2470232.0,1887815.39,679500.84,1207844.5,0,0,0,1,0,0,0,1,0,0,1,0,0,0,0,1
95,1,1,1,1,1,1,1,1,1,1,1,0,0,2470232.0,1874583.0,713301.0,1072195.0,0,0,0,1,0,0,0,1,0,0,1,0,0,0,1,0
96,1,1,1,1,1,1,1,1,1,1,1,0,0,11003000.0,7294678.0,4102257.0,6402257.0,0,0,0,1,0,0,0,1,0,0,0,1,0,0,0,1
97,1,1,1,1,1,1,0,0,0,0,0,0,0,17300000.0,11590000.0,5770000.0,10420000.0,0,0,0,1,0,0,0,1,0,0,0,1,0,0,0,1
98,1,1,1,1,1,1,1,0,1,1,1,0,1,17400000.0,11650000.0,5940000.0,10040000.0,0,0,0,1,0,0,0,1,0,0,0,1,0,0,0,1
99,1,1,1,1,1,1,1,1,1,1,1,0,0,11003000.0,7294678.0,4102257.0,6402257.0,0,0,0,1,0,0,0,1,0,0,0,1,0,0,0,1
100,1,1,1,1,1,1,1,1,1,1,1,0,0,3063958.0,1901344.0,1190759.0,1190759.0,0,0,0,1,0,0,0,1,0,0,0,1,0,0,0,1
101,1,1,1,1,1,1,1,1,1,1,1,0,0,3063958.0,1901344.0,1190759.0,1190759.0,0,0,0,1,0,0,0,1,0,0,0,1,0,0,0,1
102,1,1,1,1,1,1,1,1,1,0,1,0,0,1336240.0,937818.0,454309.0,506294.0,0,0,1,0,0,0,0,1,0,0,1,0,0,1,0,0
103,1,1,1,1,1,1,1,0,1,1,1,0,0,4920000.0,3185000.0,1735000.0,1735000.0,0,0,0,1,0,0,0,1,0,0,0,1,0,0,0,1
104,1,1,1,0,1,1,1,1,1,1,1,0,0,4424267.0,3213286.03,1212071.97,1969974.11,0,0,0,1,0,0,0,1,0,0,0,1,0,0,0,1
105,1,1,1,1,1,1,0,0,0,0,1,0,0,946206.0,696468.0,249738.0,249738.0,0,0,1,0,0,0,1,0,0,1,0,0,1,0,0,0
106,1,1,1,1,0,1,0,1,1,0,1,0,0,0.0,0.0,0.0,0.0,1,0,0,0,1,0,0,0,1,0,0,0,1,0,0,0
107,1,1,1,1,1,1,1,0,0,0,0,0,0,1500000.0,1400403.0,99597.0,591597.0,0,0,1,0,0,0,0,1,1,0,0,0,0,0,1,0
108,1,1,1,1,1,1,1,0,0,0,0,0,0,425000.0,283300.0,141700.0,366700.0,0,1,0,0,0,1,0,0,1,0,0,0,0,1,0,0
109,1,1,1,1,1,1,0,0,0,0,0,0,0,630000.0,114000.0,516000.0,516000.0,0,1,0,0,0,1,0,0,0,0,1,0,0,1,0,0
110,1,1,1,1,1,0,0,0,0,0,0,0,0,444000.0,444000.0,10500.0,190500.0,0,1,0,0,0,0,1,0,1,0,0,0,1,0,0,0
111,1,1,1,1,1,1,0,0,1,1,0,0,0,2350000.0,1634000.0,716000.0,1328000.0,0,0,0,1,0,0,0,1,0,0,1,0,0,0,0,1
112,1,1,1,1,1,1,0,0,1,1,0,0,0,2350000.0,1634000.0,716000.0,1328000.0,0,0,0,1,0,0,0,1,0,0,1,0,0,0,0,1
113,1,1,1,1,1,1,1,0,1,0,0,0,0,431939.0,343733.0,182432.0,182432.0,0,1,0,0,0,1,0,0,0,1,0,0,1,0,0,0
114,1,1,1,0,1,1,1,1,1,1,1,0,0,0.0,0.0,0.0,0.0,1,0,0,0,1,0,0,0,1,0,0,0,1,0,0,0
115,1,1,1,1,1,1,1,1,1,0,0,0,0,90000.0,46500.0,48500.0,108500.0,1,0,0,0,1,0,0,0,1,0,0,0,1,0,0,0
116,1,0,1,1,1,1,1,1,1,1,1,0,0,2500000.0,175000.0,2325000.0,2325000.0,0,0,0,1,0,1,0,0,0,0,0,1,0,0,0,1
117,1,1,1,0,1,1,0,0,1,0,1,0,0,208730.0,83492.0,132572.0,132572.0,1,0,0,0,1,0,0,0,1,0,0,0,1,0,0,0
118,1,1,1,0,1,1,1,1,1,1,1,0,0,2160801.0,1089893.0,1070908.0,1070908.0,0,0,0,1,0,0,0,1,0,0,0,1,0,0,1,0
119,1,1,0,0,1,1,1,1,1,0,0,0,0,550000.0,125020.0,464980.0,464980.0,0,1,0,0,0,1,0,0,0,0,1,0,0,1,0,0
120,1,0,0,0,0,1,0,1,1,0,0,0,0,450000.0,94400.0,405600.0,405600.0,0,1,0,0,0,1,0,0,0,0,1,0,0,1,0,0
121,1,0,0,0,0,1,1,1,1,1,1,0,1,500000.0,90900.0,459100.0,459100.0,0,1,0,0,1,0,0,0,0,0,1,0,0,1,0,0
122,1,0,1,1,1,1,1,1,1,0,1,0,0,2000000.0,1200000.0,800000.0,800000.0,0,0,0,1,0,0,0,1,0,0,1,0,0,0,1,0
123,1,1,1,1,1,1,1,0,0,0,1,0,0,4042000.0,3478886.0,436234.0,1036234.0,0,0,0,1,0,0,0,1,0,0,1,0,0,0,1,0
124,1,1,1,0,1,1,1,1,1,1,1,0,0,1700000.0,852568.0,1045099.0,1336822.0,0,0,0,1,0,0,0,1,0,0,0,1,0,0,0,1
125,1,1,1,1,1,1,1,1,1,1,1,0,0,1950000.0,929000.0,1315000.0,1690000.0,0,0,0,1,0,0,0,1,0,0,0,1,0,0,0,1
126,1,1,1,1,1,1,1,1,0,1,1,0,0,1726498.27,223464.06,1504995.4,1504995.4,0,0,0,1,0,1,0,0,0,0,0,1,0,0,0,1
127,1,1,1,1,1,1,1,1,0,1,1,0,0,1862131.52,223464.06,1640628.65,1640628.65,0,0,0,1,0,1,0,0,0,0,0,1,0,0,0,1
128,1,1,1,1,1,1,1,1,0,1,1,0,0,722073.6,223464.06,500570.73,500570.73,0,1,0,0,0,1,0,0,0,0,1,0,0,1,0,0
129,1,1,1,1,1,1,1,1,0,1,1,0,0,593737.43,223464.06,372234.56,372234.56,0,1,0,0,0,1,0,0,0,0,1,0,0,1,0,0
130,1,1,1,1,1,1,1,1,0,1,1,0,0,5888648.0,893855.18,5002637.82,5002637.82,0,0,0,1,0,0,0,1,0,0,0,1,0,0,0,1
131,1,1,1,1,1,1,1,1,1,1,1,0,0,4600000.0,500000.0,4100000.0,4100000.0,0,0,0,1,0,0,1,0,0,0,0,1,0,0,0,1
132,1,1,1,1,1,1,1,0,1,1,1,0,0,4200000.0,1330200.0,2873800.0,2873800.0,0,0,0,1,0,0,0,1,0,0,0,1,0,0,0,1
133,1,1,1,1,1,1,1,1,1,1,1,0,0,3900000.0,1330200.0,2573800.0,2573800.0,0,0,0,1,0,0,0,1,0,0,0,1,0,0,0,1
134,1,1,1,1,1,1,1,0,1,0,1,0,0,1505463.0,1102543.0,447731.0,1114791.0,0,0,1,0,0,0,0,1,0,0,1,0,0,0,1,0
135,1,0,1,1,1,1,1,1,1,1,1,0,0,650000.0,70000.0,580000.0,880000.0,0,1,0,0,1,0,0,0,0,0,1,0,0,0,1,0
136,1,0,1,1,1,1,1,1,1,1,1,0,0,750000.0,70000.0,680000.0,980000.0,0,1,0,0,1,0,0,0,0,0,1,0,0,0,1,0
137,1,1,1,1,1,1,1,1,1,1,1,0,0,725000.0,100600.0,624400.0,924400.0,0,1,0,0,0,1,0,0,0,0,1,0,0,0,1,0
138,1,1,1,1,0,1,0,0,1,0,1,0,0,840000.0,687618.0,152382.0,152382.0,0,0,1,0,0,0,1,0,1,0,0,0,1,0,0,0
139,1,1,1,0,1,0,1,0,1,1,0,0,0,3400000.0,0.0,3400000.0,3400000.0,0,0,0,1,1,0,0,0,0,0,0,1,0,0,0,1
140,0,1,0,0,1,0,0,1,1,0,0,0,0,10000.0,20000.0,-10000.0,-10000.0,1,0,0,0,1,0,0,0,1,0,0,0,1,0,0,0
141,0,0,0,0,0,0,1,0,0,0,0,0,0,172316.0,159379.0,56016.0,56016.0,1,0,0,0,0,1,0,0,1,0,0,0,1,0,0,0
142,0,1,1,0,0,1,1,1,1,0,1,0,0,2000000.0,536100.0,1463900.0,1578900.0,0,0,0,1,0,0,1,0,0,0,0,1,0,0,0,1
143,0,1,1,0,0,1,1,1,1,0,1,0,0,1903418.0,455600.0,1447818.0,1562818.0,0,0,0,1,0,0,1,0,0,0,0,1,0,0,0,1
144,0,1,0,0,0,1,1,0,1,0,0,0,0,2500000.0,2355000.0,145000.0,1590000.0,0,0,0,1,0,0,0,1,1,0,0,0,0,0,0,1
145,1,1,1,1,1,1,0,0,1,0,1,0,0,463000.0,346600.0,122400.0,212400.0,0,1,0,0,0,1,0,0,1,0,0,0,1,0,0,0
146,1,1,1,1,1,1,1,0,1,0,1,0,1,625000.0,569000.0,56000.0,306000.0,0,1,0,0,0,0,1,0,1,0,0,0,0,1,0,0
147,1,1,1,1,1,1,1,1,1,1,0,0,0,724550.96,565574.0,173537.96,413537.96,0,1,0,0,0,0,1,0,0,1,0,0,0,1,0,0
148,1,1,1,1,1,1,1,1,1,1,1,0,0,2186335.89,1749438.87,524178.55,975919.69,0,0,0,1,0,0,0,1,0,0,1,0,0,0,1,0
149,1,1,1,1,1,1,1,1,1,1,1,0,0,2186335.89,1749438.87,524178.55,975919.69,0,0,0,1,0,0,0,1,0,0,1,0,0,0,1,0
150,1,1,1,1,1,1,1,1,0,1,0,0,0,1500000.0,800000.0,700000.0,1100000.0,0,0,1,0,0,0,1,0,0,0,1,0,0,0,1,0
151,1,1,1,1,1,1,1,1,1,1,0,0,0,1500000.0,670000.0,890000.0,1090000.0,0,0,1,0,0,0,1,0,0,0,0,1,0,0,1,0
152,1,1,1,1,1,1,1,1,1,1,1,0,0,1300000.0,641000.0,719000.0,1019000.0,0,0,1,0,0,0,1,0,0,0,1,0,0,0,1,0
153,1,1,1,1,1,1,1,0,1,1,1,0,0,6092125.0,5155389.0,936736.0,2343724.0,0,0,0,1,0,0,0,1,0,0,0,1,0,0,0,1
154,1,1,1,1,1,1,1,1,1,1,1,0,0,3000000.0,1909199.0,1322456.0,1390032.0,0,0,0,1,0,0,0,1,0,0,0,1,0,0,0,1
155,1,1,1,0,1,1,0,1,1,1,1,0,0,545000.0,272500.0,294000.0,294000.0,0,1,0,0,0,1,0,0,0,1,0,0,0,1,0,0
157,1,1,1,0,1,0,1,1,1,1,1,0,0,571324.0,346600.0,224724.0,224724.0,0,1,0,0,0,1,0,0,0,1,0,0,1,0,0,0
158,0,0,1,1,1,1,1,0,0,0,1,0,0,1250000.0,740500.0,699500.0,699500.0,0,0,1,0,0,0,1,0,0,0,1,0,0,0,1,0
159,0,0,1,1,1,1,1,0,0,0,1,0,0,1250000.0,722500.0,647500.0,647500.0,0,0,1,0,0,0,1,0,0,0,1,0,0,0,1,0
160,1,1,1,1,1,1,1,0,1,1,1,0,0,1321375.0,883527.0,451592.0,451592.0,0,0,1,0,0,0,0,1,0,0,1,0,0,1,0,0
161,1,1,1,1,1,1,1,0,1,1,1,0,0,1321375.0,883527.0,451592.0,451592.0,0,0,1,0,0,0,0,1,0,0,1,0,0,1,0,0
162,1,1,1,1,0,1,1,1,1,1,1,0,0,508350.0,506900.0,2250.0,304250.0,0,1,0,0,0,0,1,0,1,0,0,0,0,1,0,0
163,1,1,1,1,0,1,1,1,1,1,1,0,0,508350.0,504900.0,4250.0,314250.0,0,1,0,0,0,0,1,0,1,0,0,0,0,1,0,0
164,0,0,0,0,1,1,1,0,1,0,0,0,0,795000.0,255000.0,544000.0,1084000.0,0,1,0,0,0,1,0,0,0,0,1,0,0,0,1,0
165,0,1,0,0,1,1,1,0,1,0,0,0,0,1000000.0,282000.0,721000.0,741000.0,0,0,1,0,0,1,0,0,0,0,1,0,0,0,1,0
166,0,1,0,0,1,1,1,0,1,0,0,0,0,1150000.0,303000.0,850000.0,870000.0,0,0,1,0,0,1,0,0,0,0,0,1,0,0,1,0
167,1,1,1,1,1,1,0,0,1,0,0,0,0,650000.0,585000.0,65000.0,335000.0,0,1,0,0,0,0,1,0,1,0,0,0,0,1,0,0
168,1,1,1,1,1,1,0,0,1,0,0,0,0,1670000.0,1303036.0,394600.0,651600.0,0,0,0,1,0,0,0,1,0,0,1,0,0,0,1,0
169,1,1,0,1,1,1,1,1,1,1,1,0,0,2231471.0,1107180.0,1154441.0,1516527.0,0,0,0,1,0,0,0,1,0,0,0,1,0,0,0,1
170,1,1,1,1,1,1,1,1,1,1,1,0,0,1000000.0,605000.0,395000.0,595000.0,0,0,1,0,0,0,1,0,0,0,1,0,0,0,1,0
171,1,1,0,0,1,1,1,1,1,1,1,0,0,806292.0,0.0,806292.0,806292.0,0,1,0,0,1,0,0,0,0,0,1,0,0,0,1,0
172,1,1,0,0,1,1,1,1,1,1,1,0,0,806292.0,0.0,806292.0,806292.0,0,1,0,0,1,0,0,0,0,0,1,0,0,0,1,0
173,1,1,0,0,1,1,1,1,1,1,1,0,0,806292.0,0.0,806292.0,806292.0,0,1,0,0,1,0,0,0,0,0,1,0,0,0,1,0
174,1,1,1,1,1,1,1,1,1,1,1,0,0,1494879.0,0.0,1494879.0,1494879.0,0,0,1,0,1,0,0,0,0,0,0,1,0,0,0,1
175,1,1,1,1,1,1,1,1,1,1,1,0,0,1550356.0,1245327.0,320471.0,515854.0,0,0,1,0,0,0,0,1,0,1,0,0,0,1,0,0
176,1,1,1,1,1,1,1,1,1,1,1,0,0,4930858.0,4795823.53,580322.47,660488.0,0,0,0,1,0,0,0,1,0,0,1,0,0,0,1,0
177,1,1,0,0,0,1,1,0,1,1,1,0,0,1560000.0,310810.0,1247625.0,1247625.0,0,0,1,0,0,1,0,0,0,0,0,1,0,0,0,1
178,1,1,0,1,1,0,1,1,1,1,0,0,0,1096230.0,263600.0,959830.0,1359830.0,0,0,1,0,0,1,0,0,0,0,0,1,0,0,0,1
179,1,1,0,1,1,0,1,1,1,1,0,0,0,1096230.0,263600.0,959830.0,979830.0,0,0,1,0,0,1,0,0,0,0,0,1,0,0,1,0
180,0,0,0,0,0,0,0,0,0,0,0,0,0,0.0,0.0,0.0,0.0,1,0,0,0,1,0,0,0,1,0,0,0,1,0,0,0
181,0,1,1,0,0,1,0,0,1,0,0,0,0,529000.0,164425.0,366075.0,366075.0,0,1,0,0,0,1,0,0,0,1,0,0,0,1,0,0
182,0,0,0,0,0,0,0,0,1,0,0,0,0,522500.0,0.0,522500.0,522500.0,0,1,0,0,1,0,0,0,0,0,1,0,0,1,0,0
183,0,0,0,0,0,0,0,0,0,0,0,0,0,522500.0,10250.0,512250.0,512250.0,0,1,0,0,1,0,0,0,0,0,1,0,0,1,0,0
184,1,1,0,0,1,1,1,1,1,0,1,0,0,0.0,0.0,0.0,0.0,1,0,0,0,1,0,0,0,1,0,0,0,1,0,0,0
185,1,1,1,1,1,1,1,1,1,1,1,0,0,660000.0,192300.0,467700.0,467700.0,0,1,0,0,0,1,0,0,0,0,1,0,0,1,0,0
186,1,1,1,1,1,1,1,1,1,1,1,0,0,376171.0,195635.0,195096.0,222096.0,1,0,0,0,0,1,0,0,0,1,0,0,1,0,0,0
187,1,1,1,0,1,1,1,1,1,1,1,0,1,457945.0,174250.0,283695.0,426445.0,0,1,0,0,0,1,0,0,0,1,0,0,0,1,0,0
188,1,1,1,0,1,1,1,1,1,1,1,0,1,457945.0,186885.0,271060.0,426445.0,0,1,0,0,0,1,0,0,0,1,0,0,0,1,0,0
189,0,1,1,1,1,1,1,0,1,1,1,0,0,631019.0,280690.0,360128.0,606128.0,0,1,0,0,0,1,0,0,0,1,0,0,0,0,1,0
190,1,1,1,1,1,1,1,1,1,1,1,0,0,3096880.0,2116683.0,1112671.0,1216671.0,0,0,0,1,0,0,0,1,0,0,0,1,0,0,0,1
191,0,0,0,0,0,0,0,0,0,0,0,0,0,0.0,0.0,0.0,0.0,1,0,0,0,1,0,0,0,1,0,0,0,1,0,0,0
192,1,1,1,1,1,1,1,0,1,1,1,0,0,785000.0,217000.0,568000.0,568000.0,0,1,0,0,0,1,0,0,0,0,1,0,0,0,1,0
193,1,1,1,1,1,1,1,0,1,1,1,0,0,0.0,0.0,0.0,0.0,1,0,0,0,1,0,0,0,1,0,0,0,1,0,0,0
194,1,1,1,1,1,1,1,0,1,1,1,0,0,1862088.0,284172.4,1624618.84,3018647.71,0,0,0,1,0,1,0,0,0,0,0,1,0,0,0,1
195,1,0,0,1,1,0,0,0,0,1,1,0,0,360000.0,117400.0,243200.0,348200.0,1,0,0,0,0,1,0,0,0,1,0,0,0,1,0,0
196,1,1,1,1,1,1,1,0,1,1,1,0,0,1354426.0,0.0,1354426.0,1354426.0,0,0,1,0,1,0,0,0,0,0,0,1,0,0,0,1
197,1,1,1,1,1,1,1,0,1,1,1,0,0,1319738.0,921577.0,398980.0,488980.0,0,0,1,0,0,0,0,1,0,0,1,0,0,1,0,0
198,0,0,1,1,1,1,1,0,1,0,0,0,0,445000.0,176218.0,294639.0,565744.0,0,1,0,0,0,1,0,0,0,1,0,0,0,1,0,0
199,1,1,1,1,1,0,1,0,1,1,1,0,0,1616974.0,374109.0,1247965.0,1259965.0,0,0,1,0,0,0,1,0,0,0,0,1,0,0,0,1
200,1,1,1,0,0,1,1,1,1,1,0,0,0,730000.0,137500.0,602500.0,1002500.0,0,1,0,0,0,1,0,0,0,0,1,0,0,0,1,0
201,1,1,1,0,0,1,1,1,1,1,0,0,0,803000.0,176800.0,626200.0,1151200.0,0,1,0,0,0,1,0,0,0,0,1,0,0,0,0,1
202,1,1,1,0,0,1,1,1,1,1,0,0,0,803000.0,176800.0,626200.0,1151200.0,0,1,0,0,0,1,0,0,0,0,1,0,0,0,0,1
203,1,0,1,0,1,1,1,1,1,0,0,0,0,1255422.0,228000.0,1047422.0,1847422.0,0,0,1,0,0,1,0,0,0,0,0,1,0,0,0,1
204,1,0,1,0,1,1,1,1,1,0,0,0,0,1300000.0,228000.0,1092000.0,1892000.0,0,0,1,0,0,1,0,0,0,0,0,1,0,0,0,1
205,1,0,1,0,1,1,1,1,1,0,0,0,0,1325000.0,229000.0,1116000.0,1916000.0,0,0,1,0,0,1,0,0,0,0,0,1,0,0,0,1
206,1,0,1,0,1,1,1,1,1,0,0,0,0,1325000.0,571000.0,774000.0,1924000.0,0,0,1,0,0,0,1,0,0,0,1,0,0,0,0,1
207,1,1,1,1,1,1,1,1,1,1,1,0,0,1500000.0,594300.0,905700.0,1205700.0,0,0,1,0,0,0,1,0,0,0,0,1,0,0,0,1
208,1,1,1,1,1,1,1,1,1,1,1,0,0,1150000.0,619300.0,555700.0,855700.0,0,0,1,0,0,0,1,0,0,0,1,0,0,0,1,0
209,1,1,1,1,1,1,1,1,1,1,1,0,0,1150000.0,608300.0,566700.0,866700.0,0,0,1,0,0,0,1,0,0,0,1,0,0,0,1,0
210,1,1,0,0,0,1,1,0,1,0,0,0,0,1000000.0,24000.0,976000.0,976000.0,0,0,1,0,1,0,0,0,0,0,0,1,0,0,1,0
211,1,1,1,1,1,1,1,1,1,1,1,0,0,1790730.64,293194.2,1505944.44,1532961.44,0,0,0,1,0,1,0,0,0,0,0,1,0,0,0,1
212,1,1,1,1,1,1,1,1,1,1,1,0,0,732379.07,293194.2,447592.87,474609.87,0,1,0,0,0,1,0,0,0,0,1,0,0,1,0,0
213,1,1,1,1,1,1,1,1,1,1,1,0,0,527365.69,293194.2,242579.49,269596.49,0,1,0,0,0,1,0,0,0,1,0,0,1,0,0,0
214,1,1,1,1,1,1,1,1,1,1,1,0,0,429981.15,293194.2,145194.95,172211.95,0,1,0,0,0,1,0,0,1,0,0,0,1,0,0,0
215,1,1,1,1,1,1,1,1,1,1,1,0,0,448623.21,293194.2,163837.01,190854.01,0,1,0,0,0,1,0,0,0,1,0,0,1,0,0,0
216,1,1,1,1,1,1,1,1,1,1,1,0,0,7600000.0,804.0,7599196.0,7599196.0,0,0,0,1,1,0,0,0,0,0,0,1,0,0,0,1
217,1,0,1,0,1,1,1,1,1,1,0,0,0,715000.0,263000.0,453000.0,473000.0,0,1,0,0,0,1,0,0,0,0,1,0,0,1,0,0
218,1,1,1,1,1,1,1,0,0,0,0,0,0,1632521.0,1246112.0,289289.0,568453.0,0,0,1,0,0,0,0,1,0,1,0,0,0,0,1,0
219,1,1,1,0,1,1,1,1,1,1,0,0,0,1156000.0,982400.0,190600.0,840600.0,0,0,1,0,0,0,0,1,0,1,0,0,0,0,1,0
220,0,1,1,1,1,1,1,0,1,1,1,0,0,7800000.0,4845696.0,3011818.0,5959955.0,0,0,0,1,0,0,0,1,0,0,0,1,0,0,0,1
221,1,1,1,1,1,1,0,1,1,1,1,0,0,2897927.0,1749284.0,1225082.0,1900735.0,0,0,0,1,0,0,0,1,0,0,0,1,0,0,0,1
222,1,1,1,1,1,1,1,1,1,1,1,0,0,1500000.0,0.0,1500000.0,1500000.0,0,0,1,0,1,0,0,0,0,0,0,1,0,0,0,1
223,1,1,1,1,1,1,1,1,1,1,1,0,0,650000.0,186300.0,463700.0,463700.0,0,1,0,0,0,1,0,0,0,0,1,0,0,1,0,0
224,1,1,1,0,1,1,1,1,1,0,1,0,0,1500000.0,685000.0,815000.0,1015000.0,0,0,1,0,0,0,1,0,0,0,0,1,0,0,1,0
225,1,1,1,1,1,1,1,0,1,1,1,0,0,1031036.0,660661.0,375439.0,391861.0,0,0,1,0,0,0,1,0,0,0,1,0,0,1,0,0
226,1,1,1,0,0,1,1,1,0,0,0,0,0,2560000.0,1478400.0,1089600.0,1289600.0,0,0,0,1,0,0,0,1,0,0,0,1,0,0,0,1
227,1,1,1,0,0,1,1,1,0,0,0,0,0,2020000.0,828400.0,1199600.0,1199600.0,0,0,0,1,0,0,1,0,0,0,0,1,0,0,0,1
228,1,1,1,1,1,1,0,0,0,0,0,0,0,3657000.0,1769000.0,1991000.0,2641000.0,0,0,0,1,0,0,0,1,0,0,0,1,0,0,0,1
229,1,1,1,1,1,1,0,0,0,0,0,0,0,3657641.0,2867000.0,893641.0,1593641.0,0,0,0,1,0,0,0,1,0,0,0,1,0,0,0,1
230,1,1,1,1,1,1,1,1,1,0,1,0,0,3323000.0,2982000.0,343800.0,1343800.0,0,0,0,1,0,0,0,1,0,1,0,0,0,0,0,1
231,1,1,1,1,1,1,1,1,1,0,1,0,0,3650000.0,3270000.0,382800.0,1547800.0,0,0,0,1,0,0,0,1,0,0,1,0,0,0,0,1
232,1,1,1,1,0,1,1,0,1,0,1,0,0,2300000.0,2173000.0,184000.0,899000.0,0,0,0,1,0,0,0,1,0,1,0,0,0,0,1,0
233,1,1,1,1,1,1,1,1,1,1,1,0,0,3050000.0,2667396.0,432604.0,620604.0,0,0,0,1,0,0,0,1,0,0,1,0,0,0,1,0
234,1,1,1,1,1,1,1,0,1,1,1,0,0,572080.0,282375.0,289705.0,289705.0,0,1,0,0,0,1,0,0,0,1,0,0,0,1,0,0
235,0,0,0,0,0,0,0,1,1,1,0,0,0,0.0,0.0,0.0,0.0,1,0,0,0,1,0,0,0,1,0,0,0,1,0,0,0
236,1,1,1,1,1,1,1,0,1,1,1,0,0,204759.0,0.0,204759.0,204759.0,1,0,0,0,1,0,0,0,0,1,0,0,1,0,0,0
237,1,1,1,1,1,1,1,1,1,0,1,0,0,1895835.0,695852.0,1228950.0,1322292.0,0,0,0,1,0,0,1,0,0,0,0,1,0,0,0,1
238,1,1,1,1,1,1,1,1,1,1,1,0,0,10341755.74,6142705.0,4259050.74,5259050.74,0,0,0,1,0,0,0,1,0,0,0,1,0,0,0,1
240,1,1,1,1,1,1,1,1,1,1,1,1,1,14096065.0,7492618.0,6603447.0,8913447.0,0,0,0,1,0,0,0,1,0,0,0,1,0,0,0,1
241,1,1,1,1,1,1,1,1,1,1,1,0,0,11831786.0,6672063.41,5159722.59,6624722.59,0,0,0,1,0,0,0,1,0,0,0,1,0,0,0,1
242,1,1,1,1,1,1,1,1,1,1,1,1,1,15096065.0,7492618.0,7603447.0,9913447.0,0,0,0,1,0,0,0,1,0,0,0,1,0,0,0,1
243,1,1,1,1,1,1,1,1,1,0,1,0,0,1400000.0,823700.0,622000.0,802000.0,0,0,1,0,0,0,1,0,0,0,1,0,0,0,1,0
244,1,1,1,1,1,1,1,1,1,0,1,0,1,1400000.0,823700.0,622000.0,802000.0,0,0,1,0,0,0,1,0,0,0,1,0,0,0,1,0
245,1,1,1,1,1,1,1,0,1,1,1,0,0,6787835.0,6675365.0,173560.0,213248.0,0,0,0,1,0,0,0,1,0,1,0,0,1,0,0,0
246,1,1,1,1,1,1,1,0,1,1,1,0,0,6787835.0,6675365.0,255755.0,295443.0,0,0,0,1,0,0,0,1,0,1,0,0,0,1,0,0
247,1,1,1,1,0,1,1,0,1,1,1,0,0,4249798.0,4267942.0,321921.0,351921.0,0,0,0,1,0,0,0,1,0,1,0,0,0,1,0,0
248,1,1,1,1,1,1,0,0,1,1,1,0,0,0.0,0.0,0.0,0.0,1,0,0,0,1,0,0,0,1,0,0,0,1,0,0,0
249,1,1,1,1,1,1,1,1,1,1,1,0,0,2470231.0,2126511.0,631066.0,989960.0,0,0,0,1,0,0,0,1,0,0,1,0,0,0,1,0
250,0,1,1,0,1,1,0,1,1,1,1,0,0,355800.0,91208.0,275284.0,387284.0,1,0,0,0,1,0,0,0,0,1,0,0,0,1,0,0
251,1,1,1,1,1,1,1,0,1,1,1,0,0,400000.0,91208.0,312484.0,424484.0,1,0,0,0,1,0,0,0,0,1,0,0,0,1,0,0
252,0,1,1,1,1,1,1,1,1,1,0,0,0,400000.0,91208.0,312484.0,424484.0,1,0,0,0,1,0,0,0,0,1,0,0,0,1,0,0
253,1,0,0,0,1,1,1,0,1,1,1,0,0,311000.0,206015.0,104985.0,266886.0,1,0,0,0,0,1,0,0,1,0,0,0,1,0,0,0
254,1,1,1,1,1,1,1,1,1,1,1,0,0,259209.48,46800.0,212409.48,212409.48,1,0,0,0,1,0,0,0,0,1,0,0,1,0,0,0
255,1,1,1,1,1,1,1,0,1,1,1,0,0,5722146.0,2914820.0,2909209.0,2909209.0,0,0,0,1,0,0,0,1,0,0,0,1,0,0,0,1
256,1,1,1,0,0,1,1,0,1,0,0,0,0,630000.0,201600.0,453200.0,553200.0,0,1,0,0,0,1,0,0,0,0,1,0,0,1,0,0
257,1,1,1,0,0,1,1,0,1,0,0,0,0,600000.0,201600.0,423200.0,523200.0,0,1,0,0,0,1,0,0,0,0,1,0,0,1,0,0
258,1,1,1,1,0,1,1,1,1,1,1,0,0,445000.0,191500.0,253500.0,253500.0,0,1,0,0,0,1,0,0,0,1,0,0,1,0,0,0
259,1,1,1,1,1,1,1,1,1,0,1,0,0,1955000.0,1109500.0,898000.0,1068000.0,0,0,0,1,0,0,0,1,0,0,0,1,0,0,1,0
260,1,1,1,1,1,1,1,1,1,1,1,0,0,605000.0,174000.0,431000.0,446000.0,0,1,0,0,0,1,0,0,0,0,1,0,0,1,0,0
261,0,0,1,0,1,1,1,1,1,1,1,0,0,725000.0,45000.0,680000.0,680000.0,0,1,0,0,1,0,0,0,0,0,1,0,0,0,1,0
262,1,0,1,0,0,1,1,1,1,0,1,0,0,696156.0,264000.0,434656.0,458656.0,0,1,0,0,0,1,0,0,0,0,1,0,0,1,0,0
263,1,1,1,1,1,1,1,1,1,1,1,0,0,1628319.0,1413500.0,232319.0,582319.0,0,0,1,0,0,0,0,1,0,1,0,0,0,0,1,0
264,1,1,1,1,1,1,1,1,1,1,1,1,1,1216719.0,792800.0,427119.0,477119.0,0,0,1,0,0,0,1,0,0,0,1,0,0,1,0,0
265,1,1,1,1,1,1,1,1,1,1,1,1,1,1600000.0,983028.13,617321.87,617321.87,0,0,1,0,0,0,0,1,0,0,1,0,0,0,1,0
266,0,0,0,0,0,0,0,0,0,0,0,0,0,0.0,0.0,0.0,0.0,1,0,0,0,1,0,0,0,1,0,0,0,1,0,0,0
267,1,1,1,1,1,1,1,1,1,1,0,0,0,813000.0,0.0,813000.0,813000.0,0,1,0,0,1,0,0,0,0,0,0,1,0,0,1,0
268,1,1,1,1,1,1,1,1,1,1,0,0,0,859800.0,433938.0,431889.0,640741.0,0,0,1,0,0,0,1,0,0,0,1,0,0,0,1,0
269,1,1,1,0,1,1,1,1,1,1,1,0,0,1400000.0,0.0,1400000.0,1400000.0,0,0,1,0,1,0,0,0,0,0,0,1,0,0,0,1
270,0,1,1,0,1,1,1,0,1,0,0,0,0,582000.0,289500.0,312500.0,312500.0,0,1,0,0,0,1,0,0,0,1,0,0,0,1,0,0
271,1,0,1,0,1,1,1,1,1,1,1,0,0,1700000.0,0.0,1700000.0,1700000.0,0,0,0,1,1,0,0,0,0,0,0,1,0,0,0,1
272,1,0,1,0,1,1,1,0,1,1,1,0,0,2100000.0,495253.0,1604747.0,1604747.0,0,0,0,1,0,0,1,0,0,0,0,1,0,0,0,1
273,1,0,1,0,1,1,1,0,1,1,1,0,0,2100000.0,495253.0,1604747.0,1604747.0,0,0,0,1,0,0,1,0,0,0,0,1,0,0,0,1
274,0,0,0,0,0,0,0,0,0,0,0,0,0,0.0,0.0,0.0,0.0,1,0,0,0,1,0,0,0,1,0,0,0,1,0,0,0
275,1,1,1,1,0,1,1,1,1,0,1,0,0,850000.0,355900.0,580900.0,580900.0,0,0,1,0,0,1,0,0,0,0,1,0,0,0,1,0
276,1,1,0,0,1,1,1,0,1,0,1,0,0,2413327.0,2413327.0,0.0,1671156.0,0,0,0,1,0,0,0,1,1,0,0,0,0,0,0,1
277,1,1,0,0,1,1,1,0,1,0,1,0,0,2413327.0,742171.0,1671156.0,1671156.0,0,0,0,1,0,0,1,0,0,0,0,1,0,0,0,1
278,1,0,0,0,1,1,1,1,1,0,1,0,0,500000.0,153000.0,347000.0,347000.0,0,1,0,0,0,1,0,0,0,1,0,0,0,1,0,0
279,1,1,1,1,1,1,1,1,1,1,1,0,0,2464380.0,960000.0,2139380.0,2268380.0,0,0,0,1,0,0,0,1,0,0,0,1,0,0,0,1
280,1,1,1,0,1,1,1,1,1,0,1,0,0,815000.0,57500.0,757500.0,757500.0,0,1,0,0,1,0,0,0,0,0,1,0,0,0,1,0
281,1,0,1,1,1,1,1,1,1,1,1,0,0,1273692.0,260266.0,1023426.0,1023426.0,0,0,1,0,0,1,0,0,0,0,0,1,0,0,1,0
282,1,1,1,0,1,1,1,1,0,1,1,0,0,716113.0,508504.0,303324.0,569366.0,0,1,0,0,0,0,1,0,0,1,0,0,0,0,1,0
283,1,1,1,1,1,1,1,0,0,1,1,0,0,647919.0,302838.0,323503.0,323503.0,0,1,0,0,0,1,0,0,0,1,0,0,0,1,0,0
284,1,1,1,0,1,1,1,0,1,0,1,0,0,2634499.0,0.0,2634499.0,2634499.0,0,0,0,1,1,0,0,0,0,0,0,1,0,0,0,1
285,1,1,1,1,1,1,1,1,1,0,1,0,0,0.0,0.0,0.0,0.0,1,0,0,0,1,0,0,0,1,0,0,0,1,0,0,0
286,1,1,1,0,1,1,0,1,0,0,0,0,0,190000.0,77000.0,113000.0,113000.0,1,0,0,0,1,0,0,0,1,0,0,0,1,0,0,0
287,1,1,1,0,1,1,1,0,0,0,1,0,0,684624.0,97000.0,587624.0,587624.0,0,1,0,0,0,1,0,0,0,0,1,0,0,0,1,0
288,1,1,1,1,1,1,1,1,1,0,1,0,0,1334386.0,848000.0,486386.0,786386.0,0,0,1,0,0,0,0,1,0,0,1,0,0,0,1,0
289,0,0,0,0,0,0,0,0,0,0,0,0,0,0.0,0.0,0.0,0.0,1,0,0,0,1,0,0,0,1,0,0,0,1,0,0,0
290,1,0,0,0,0,0,1,0,1,0,0,0,0,1200000.0,504072.0,695928.0,695928.0,0,0,1,0,0,0,1,0,0,0,1,0,0,0,1,0
291,1,1,1,1,1,1,1,1,1,1,1,0,0,8944191.0,6751462.0,2379124.0,4167649.0,0,0,0,1,0,0,0,1,0,0,0,1,0,0,0,1
292,1,1,1,1,1,1,1,1,1,1,1,1,1,7739720.0,6744023.0,1171802.0,5805067.0,0,0,0,1,0,0,0,1,0,0,0,1,0,0,0,1
293,0,0,1,0,0,1,0,0,0,0,0,0,0,1405000.0,738000.0,667000.0,697000.0,0,0,1,0,0,0,1,0,0,0,1,0,0,0,1,0
294,1,1,1,0,1,1,1,1,1,1,1,0,0,399528.0,290864.0,124664.0,124664.0,1,0,0,0,0,1,0,0,1,0,0,0,1,0,0,0
295,1,1,0,0,1,1,1,0,1,0,0,0,0,1024000.0,457707.0,602493.0,725993.0,0,0,1,0,0,0,1,0,0,0,1,0,0,0,1,0
296,1,0,1,0,1,1,1,1,1,0,0,0,0,548000.0,146800.0,401200.0,401200.0,0,1,0,0,0,1,0,0,0,0,1,0,0,1,0,0
297,1,1,1,1,1,1,1,1,1,1,1,0,0,736000.0,404324.0,416676.0,561676.0,0,1,0,0,0,0,1,0,0,0,1,0,0,1,0,0
298,1,1,1,1,1,1,1,1,1,1,1,1,1,770000.0,705900.0,144100.0,519100.0,0,1,0,0,0,0,1,0,1,0,0,0,0,1,0,0
299,1,1,1,1,1,1,1,1,1,1,1,1,1,850000.0,705900.0,224100.0,599100.0,0,0,1,0,0,0,1,0,0,1,0,0,0,0,1,0
300,1,0,0,0,1,1,1,0,0,0,0,0,0,880000.0,381800.0,718200.0,718200.0,0,0,1,0,0,0,1,0,0,0,1,0,0,0,1,0
301,1,1,1,0,1,1,1,1,1,1,1,0,0,800000.0,250000.0,555000.0,555000.0,0,1,0,0,0,1,0,0,0,0,1,0,0,1,0,0
302,0,0,0,0,0,0,0,0,0,0,0,0,0,0.0,0.0,0.0,0.0,1,0,0,0,1,0,0,0,1,0,0,0,1,0,0,0
303,1,1,1,0,1,1,1,1,1,0,1,1,1,2000000.0,1248500.0,761500.0,861500.0,0,0,0,1,0,0,0,1,0,0,1,0,0,0,1,0
304,1,1,0,0,1,0,1,0,1,1,1,0,0,565000.0,213000.0,352000.0,352000.0,0,1,0,0,0,1,0,0,0,1,0,0,0,1,0,0
305,1,1,1,1,1,0,1,0,1,1,1,0,0,1184635.0,356870.0,964877.0,1921078.0,0,0,1,0,0,1,0,0,0,0,0,1,0,0,0,1
306,1,1,1,1,1,0,1,0,1,1,1,0,0,1184635.0,356870.0,964877.0,1921078.0,0,0,1,0,0,1,0,0,0,0,0,1,0,0,0,1
307,1,1,1,1,1,1,1,1,1,1,1,0,0,1050000.0,520000.0,530000.0,1060000.0,0,0,1,0,0,0,1,0,0,0,1,0,0,0,1,0
308,1,1,1,0,1,1,1,0,1,1,1,0,0,729000.0,50000.0,679000.0,679679.0,0,1,0,0,1,0,0,0,0,0,1,0,0,0,1,0
309,1,0,1,0,1,1,1,0,1,0,1,0,0,602577.0,166758.0,436984.0,886984.0,0,1,0,0,0,1,0,0,0,0,1,0,0,0,1,0
310,1,1,1,1,1,1,1,1,1,1,1,0,0,1141996.0,602681.0,541083.0,959083.0,0,0,1,0,0,0,1,0,0,0,1,0,0,0,1,0
311,1,1,1,1,1,1,1,1,1,1,1,0,0,12000000.0,7050000.0,4950000.0,5650000.0,0,0,0,1,0,0,0,1,0,0,0,1,0,0,0,1
312,0,1,1,1,1,1,1,0,1,0,1,0,0,1948000.0,1523500.0,456500.0,1386500.0,0,0,0,1,0,0,0,1,0,0,1,0,0,0,0,1
313,0,1,1,0,1,1,1,0,1,0,1,0,0,2300000.0,1863622.0,562469.0,1630469.0,0,0,0,1,0,0,0,1,0,0,1,0,0,0,0,1
314,0,1,1,1,1,1,1,0,1,0,1,0,0,2300000.0,1523500.0,808500.0,1738500.0,0,0,0,1,0,0,0,1,0,0,0,1,0,0,0,1
315,1,1,0,0,1,1,1,1,1,1,0,0,0,1300000.0,611000.0,964000.0,1164000.0,0,0,1,0,0,0,1,0,0,0,0,1,0,0,0,1
316,1,0,0,0,0,0,1,0,1,1,1,0,0,65000.0,14295.0,50705.0,50705.0,1,0,0,0,1,0,0,0,1,0,0,0,1,0,0,0
317,1,1,1,0,1,1,1,0,1,1,1,0,0,182000.0,128551.98,54519.02,54519.02,1,0,0,0,0,1,0,0,1,0,0,0,1,0,0,0
318,1,1,0,0,1,1,0,1,1,1,1,0,0,650520.0,399141.0,270226.0,357779.0,0,1,0,0,0,0,1,0,0,1,0,0,0,1,0,0
319,1,1,1,1,1,1,1,1,1,1,1,0,0,2000000.0,1961000.0,112000.0,812000.0,0,0,0,1,0,0,0,1,1,0,0,0,0,0,1,0
320,0,0,1,1,1,0,1,0,0,0,0,0,0,1400000.0,330000.0,1070000.0,1070000.0,0,0,1,0,0,1,0,0,0,0,0,1,0,0,1,0
321,1,1,1,0,1,1,1,1,1,1,0,0,0,1000000.0,687000.0,313000.0,613000.0,0,0,1,0,0,0,1,0,0,1,0,0,0,0,1,0
322,1,1,1,0,1,1,1,1,1,1,0,0,0,1300000.0,571500.0,728500.0,1028500.0,0,0,1,0,0,0,1,0,0,0,1,0,0,0,1,0
323,1,1,1,0,1,1,1,1,1,1,1,0,1,1915510.0,670000.0,1287510.0,2237510.0,0,0,0,1,0,0,1,0,0,0,0,1,0,0,0,1
324,1,1,1,0,1,1,1,1,1,1,1,0,1,1915510.0,925000.0,990510.0,1940510.0,0,0,0,1,0,0,0,1,0,0,0,1,0,0,0,1
325,1,0,0,0,0,0,0,0,0,0,0,0,0,989000.0,595558.0,398500.0,1032500.0,0,0,1,0,0,0,1,0,0,0,1,0,0,0,1,0
326,1,0,1,0,1,1,0,0,0,1,1,0,0,300000.0,130000.0,170000.0,170000.0,1,0,0,0,0,1,0,0,0,1,0,0,1,0,0,0
327,1,0,1,1,1,1,1,0,1,1,1,0,0,1394000.0,434700.0,963300.0,963300.0,0,0,1,0,0,0,1,0,0,0,0,1,0,0,1,0
328,1,1,1,0,0,0,1,0,1,1,1,0,0,364719.0,65000.0,299719.0,299719.0,1,0,0,0,1,0,0,0,0,1,0,0,0,1,0,0
329,1,1,1,1,1,1,1,1,1,1,1,0,0,3200000.0,1215000.0,1985000.0,1985000.0,0,0,0,1,0,0,0,1,0,0,0,1,0,0,0,1
330,1,1,1,0,0,0,1,0,1,0,1,0,0,900000.0,400000.0,508000.0,783000.0,0,0,1,0,0,0,1,0,0,0,1,0,0,0,1,0
331,1,1,1,1,1,1,1,1,1,1,1,0,0,525000.0,115000.0,410000.0,410000.0,0,1,0,0,0,1,0,0,0,0,1,0,0,1,0,0
332,1,1,1,1,1,1,1,1,1,1,1,0,0,697922.0,583000.0,174922.0,374922.0,0,1,0,0,0,0,1,0,0,1,0,0,0,1,0,0
333,1,1,1,1,1,1,1,1,1,1,1,0,1,830486.0,593000.0,302486.0,702486.0,0,0,1,0,0,0,1,0,0,1,0,0,0,0,1,0
334,1,1,1,1,1,1,1,0,1,1,1,0,1,1025000.0,693000.0,397000.0,817000.0,0,0,1,0,0,0,1,0,0,0,1,0,0,0,1,0
335,1,1,1,1,1,1,0,1,1,1,1,0,0,6100000.0,0.0,6100000.0,6100000.0,0,0,0,1,1,0,0,0,0,0,0,1,0,0,0,1
336,1,1,1,1,1,1,0,1,1,1,1,0,0,6128596.0,4726681.0,1471603.0,2434589.0,0,0,0,1,0,0,0,1,0,0,0,1,0,0,0,1
337,1,1,1,1,1,1,1,1,1,1,1,0,0,2800000.0,2379000.0,421000.0,2223000.0,0,0,0,1,0,0,0,1,0,0,1,0,0,0,0,1
338,1,1,1,1,1,1,1,1,1,1,1,0,0,0.0,0.0,0.0,0.0,1,0,0,0,1,0,0,0,1,0,0,0,1,0,0,0
339,1,1,1,1,1,1,1,0,0,1,1,0,0,2800000.0,2379000.0,421000.0,2223000.0,0,0,0,1,0,0,0,1,0,0,1,0,0,0,0,1
340,1,1,1,1,1,1,1,0,1,1,1,0,0,0.0,0.0,0.0,0.0,1,0,0,0,1,0,0,0,1,0,0,0,1,0,0,0
341,1,1,1,1,1,1,1,0,1,1,1,0,0,842216.0,51392.0,790824.0,790824.0,0,0,1,0,1,0,0,0,0,0,1,0,0,0,1,0
342,1,1,1,1,1,1,1,0,1,1,1,0,0,0.0,0.0,0.0,0.0,1,0,0,0,1,0,0,0,1,0,0,0,1,0,0,0
343,1,1,1,1,1,1,1,0,1,1,1,0,0,388768.0,51392.0,337376.0,337376.0,1,0,0,0,1,0,0,0,0,1,0,0,0,1,0,0
344,1,1,1,1,1,1,1,0,1,1,1,0,0,0.0,0.0,0.0,0.0,1,0,0,0,1,0,0,0,1,0,0,0,1,0,0,0
345,1,1,1,1,1,1,1,0,1,1,1,0,0,3444120.0,3045146.0,478207.0,543007.0,0,0,0,1,0,0,0,1,0,0,1,0,0,1,0,0
346,1,1,1,1,1,1,1,1,1,0,1,0,0,3000000.0,1500000.0,1500000.0,3000000.0,0,0,0,1,0,0,0,1,0,0,0,1,0,0,0,1
347,1,1,1,1,1,1,1,0,1,1,1,0,0,697577.0,127560.0,570017.0,570017.0,0,1,0,0,0,1,0,0,0,0,1,0,0,0,1,0
348,1,1,1,1,1,1,1,0,1,1,1,0,0,268464.0,58591.0,209873.0,209873.0,1,0,0,0,1,0,0,0,0,1,0,0,1,0,0,0
349,1,1,1,1,1,1,1,1,1,1,1,0,0,1750000.0,0.0,1750000.0,1750000.0,0,0,0,1,1,0,0,0,0,0,0,1,0,0,0,1
350,1,1,1,1,1,1,1,1,1,1,1,0,0,1694233.0,591668.91,1102564.09,1102564.09,0,0,0,1,0,0,1,0,0,0,0,1,0,0,1,0
351,0,1,1,1,1,1,0,0,1,1,1,0,0,7666567.0,0.0,7666567.0,7666567.0,0,0,0,1,1,0,0,0,0,0,0,1,0,0,0,1
352,0,1,1,1,1,1,0,0,1,1,1,0,0,7666567.0,7283836.0,504451.0,3032562.0,0,0,0,1,0,0,0,1,0,0,1,0,0,0,0,1
353,1,1,1,0,1,1,1,1,1,1,0,0,0,11000000.0,2859850.0,8647250.0,9747250.0,0,0,0,1,0,0,0,1,0,0,0,1,0,0,0,1
354,1,1,1,1,1,1,1,0,1,0,1,0,0,2030000.0,1718000.0,342000.0,1342000.0,0,0,0,1,0,0,0,1,0,1,0,0,0,0,0,1
355,1,1,1,1,1,1,1,1,1,1,1,0,0,2150000.0,1437000.0,743000.0,1485000.0,0,0,0,1,0,0,0,1,0,0,1,0,0,0,0,1
356,1,1,1,1,1,1,1,1,1,1,0,0,0,2916925.0,1142500.0,1774425.0,1774425.0,0,0,0,1,0,0,0,1,0,0,0,1,0,0,0,1
357,1,0,1,0,0,1,1,1,1,1,1,0,0,600000.0,82000.0,532000.0,532000.0,0,1,0,0,1,0,0,0,0,0,1,0,0,1,0,0
358,1,1,1,1,0,1,0,1,0,0,0,0,0,450000.0,74000.0,426000.0,426000.0,0,1,0,0,1,0,0,0,0,0,1,0,0,1,0,0
359,1,1,1,1,1,1,1,0,1,1,1,0,0,618803.0,343087.0,279820.0,436772.0,0,1,0,0,0,1,0,0,0,1,0,0,0,1,0,0
360,1,1,1,1,1,1,1,0,1,1,1,0,0,679642.0,339826.0,348152.0,502250.0,0,1,0,0,0,1,0,0,0,1,0,0,0,1,0,0
361,1,1,1,1,1,1,1,1,1,1,1,0,0,665328.0,343087.0,326345.0,483297.0,0,1,0,0,0,1,0,0,0,1,0,0,0,1,0,0
362,1,1,1,1,1,1,1,1,1,1,1,0,0,620000.0,86200.0,563800.0,563800.0,0,1,0,0,1,0,0,0,0,0,1,0,0,1,0,0
364,1,1,1,1,1,1,1,1,1,1,1,0,0,1550977.0,425341.0,1126593.0,1126593.0,0,0,1,0,0,0,1,0,0,0,0,1,0,0,1,0
365,1,1,1,1,1,1,1,1,1,1,1,0,1,1743513.0,675640.0,1070172.0,1070172.0,0,0,0,1,0,0,1,0,0,0,0,1,0,0,1,0
366,1,1,0,0,0,0,0,0,0,0,1,0,0,650000.0,368000.0,282000.0,532000.0,0,1,0,0,0,0,1,0,0,1,0,0,0,1,0,0
367,1,1,0,0,0,0,0,0,0,0,1,0,0,650000.0,326000.0,324000.0,474000.0,0,1,0,0,0,1,0,0,0,1,0,0,0,1,0,0
368,1,1,1,1,1,1,1,1,1,1,1,0,0,54.0,648.0,-396.0,-351.0,1,0,0,0,1,0,0,0,1,0,0,0,1,0,0,0
369,1,1,1,1,1,1,1,0,1,1,1,0,0,647765.0,33000.0,614765.0,619765.0,0,1,0,0,1,0,0,0,0,0,1,0,0,0,1,0
370,1,1,1,0,1,1,1,0,1,1,1,0,0,600000.0,35000.0,565000.0,565000.0,0,1,0,0,1,0,0,0,0,0,1,0,0,1,0,0
371,0,0,0,0,0,0,0,0,0,0,0,0,0,102000.0,30000.0,72000.0,72000.0,1,0,0,0,1,0,0,0,1,0,0,0,1,0,0,0
372,1,1,1,0,1,1,1,1,1,1,1,0,0,855000.0,131200.0,723800.0,723800.0,0,0,1,0,0,1,0,0,0,0,1,0,0,0,1,0
373,1,1,1,0,1,1,1,1,1,1,1,0,0,855000.0,131200.0,723800.0,723800.0,0,0,1,0,0,1,0,0,0,0,1,0,0,0,1,0
374,1,1,1,0,1,1,1,1,1,1,1,0,0,958000.0,311200.0,649800.0,829800.0,0,0,1,0,0,1,0,0,0,0,1,0,0,0,1,0
375,1,1,1,1,1,1,1,1,1,1,1,1,0,475000.0,340000.0,140000.0,255000.0,0,1,0,0,0,1,0,0,1,0,0,0,1,0,0,0
376,1,1,1,0,1,1,1,1,1,1,1,0,0,4536169.0,3820707.6,758358.4,1488358.4,0,0,0,1,0,0,0,1,0,0,1,0,0,0,0,1
377,1,0,0,0,0,0,0,0,0,0,0,0,1,505000.0,314000.0,191000.0,321000.0,0,1,0,0,0,1,0,0,0,1,0,0,0,1,0,0
378,1,1,1,0,1,1,1,1,0,1,1,0,0,845000.0,510888.0,430812.0,647172.0,0,0,1,0,0,0,1,0,0,0,1,0,0,0,1,0
379,1,1,1,1,1,1,1,1,0,1,1,1,1,950000.0,232732.0,728568.0,770568.0,0,0,1,0,0,1,0,0,0,0,1,0,0,0,1,0
380,1,1,1,1,1,1,1,0,1,1,1,0,1,273000.0,93020.0,239980.0,307980.0,1,0,0,0,1,0,0,0,0,1,0,0,0,1,0,0
381,1,1,1,0,1,1,1,1,1,1,1,0,0,1300000.0,771350.0,548394.0,852926.0,0,0,1,0,0,0,1,0,0,0,1,0,0,0,1,0
382,1,1,1,1,1,1,1,0,1,1,1,0,1,273000.0,93020.0,239980.0,307980.0,1,0,0,0,1,0,0,0,0,1,0,0,0,1,0,0
383,1,1,1,1,1,1,1,0,1,0,0,0,0,1550000.0,596350.0,1103650.0,1353650.0,0,0,1,0,0,0,1,0,0,0,0,1,0,0,0,1
384,1,1,1,1,1,1,1,1,1,1,1,0,0,295495.0,49000.0,246495.0,271495.0,1,0,0,0,1,0,0,0,0,1,0,0,1,0,0,0
385,1,1,1,1,1,1,1,1,1,1,1,0,0,323065.0,49000.0,274065.0,299065.0,1,0,0,0,1,0,0,0,0,1,0,0,0,1,0,0
386,1,1,1,1,1,1,1,1,1,1,1,0,0,323065.0,49000.0,274065.0,299065.0,1,0,0,0,1,0,0,0,0,1,0,0,0,1,0,0
387,1,1,1,1,1,1,1,0,1,1,1,0,0,660418.0,133225.0,536093.0,536093.0,0,1,0,0,0,1,0,0,0,0,1,0,0,1,0,0
388,1,1,1,1,1,1,1,0,1,1,1,0,0,722068.0,143225.0,587743.0,587743.0,0,1,0,0,0,1,0,0,0,0,1,0,0,0,1,0
389,0,1,1,0,1,1,1,1,1,1,1,0,0,492000.0,465758.0,76242.0,702038.0,0,1,0,0,0,0,1,0,1,0,0,0,0,0,1,0
390,1,1,1,1,1,1,1,1,1,1,1,0,0,978474.0,549404.0,456888.0,1020480.0,0,0,1,0,0,0,1,0,0,0,1,0,0,0,1,0
391,0,1,1,0,1,1,1,1,1,1,0,0,0,870993.0,509713.0,361280.0,722560.0,0,0,1,0,0,0,1,0,0,1,0,0,0,0,1,0
392,1,1,1,0,1,1,1,1,1,1,0,0,1,290000.0,0.0,290000.0,290000.0,1,0,0,0,1,0,0,0,0,1,0,0,0,1,0,0
393,1,0,1,0,0,1,0,0,0,0,1,0,0,513000.0,217659.0,295341.0,320341.0,0,1,0,0,0,1,0,0,0,1,0,0,0,1,0,0
394,1,0,1,1,0,1,0,0,0,0,1,0,0,570000.0,307659.0,352341.0,372341.0,0,1,0,0,0,1,0,0,0,1,0,0,0,1,0,0
395,1,0,1,0,1,1,1,1,1,0,1,1,1,650000.0,272000.0,488000.0,488000.0,0,1,0,0,0,1,0,0,0,0,1,0,0,1,0,0
396,1,1,1,1,1,1,1,1,1,1,1,0,0,1578978.0,673000.0,947978.0,947978.0,0,0,1,0,0,0,1,0,0,0,0,1,0,0,1,0
397,1,1,1,0,1,1,1,1,1,1,1,0,0,2000000.0,1227000.0,816500.0,1616500.0,0,0,0,1,0,0,0,1,0,0,0,1,0,0,0,1
398,1,1,1,0,1,1,1,1,1,1,1,0,0,1604432.0,1434500.0,197932.0,1167932.0,0,0,1,0,0,0,0,1,0,1,0,0,0,0,0,1
399,1,1,1,0,1,1,1,1,1,1,1,0,0,2000000.0,501800.0,1498200.0,1498200.0,0,0,0,1,0,0,1,0,0,0,0,1,0,0,0,1
400,1,0,1,0,1,1,1,0,0,1,0,0,0,40000.0,38240.0,1760.0,31760.0,1,0,0,0,1,0,0,0,1,0,0,0,1,0,0,0
401,1,0,1,0,1,1,1,0,0,1,0,0,0,110000.0,8240.0,101760.0,101760.0,1,0,0,0,1,0,0,0,1,0,0,0,1,0,0,0
402,0,0,0,0,0,0,0,0,0,0,0,0,0,130000.0,8000.0,122000.0,122000.0,1,0,0,0,1,0,0,0,1,0,0,0,1,0,0,0
403,1,1,1,0,1,1,1,1,1,0,0,0,0,1100000.0,0.0,1100000.0,1100000.0,0,0,1,0,1,0,0,0,0,0,0,1,0,0,1,0
404,1,1,1,0,1,1,1,1,1,1,0,0,1,1070477.0,850900.0,220627.0,569327.0,0,0,1,0,0,0,0,1,0,1,0,0,0,0,1,0
405,1,1,1,1,0,1,1,1,1,0,1,0,0,1546489.0,0.0,1546489.0,1546489.0,0,0,1,0,1,0,0,0,0,0,0,1,0,0,0,1
406,1,1,1,1,0,1,1,1,1,0,1,0,0,1196334.0,706721.0,494884.0,683903.0,0,0,1,0,0,0,1,0,0,0,1,0,0,0,1,0
407,1,1,1,1,1,1,1,0,1,1,1,0,0,1122575.79,1075024.0,70539.79,341126.59,0,0,1,0,0,0,0,1,1,0,0,0,0,1,0,0
408,1,0,1,1,1,1,1,1,1,1,1,0,0,425000.0,228000.0,248000.0,398000.0,0,1,0,0,0,1,0,0,0,1,0,0,0,1,0,0
409,1,1,1,0,0,1,0,0,1,1,1,0,0,633039.0,287157.84,356290.16,427443.53,0,1,0,0,0,1,0,0,0,1,0,0,0,1,0,0
410,1,1,1,1,1,1,1,1,1,1,1,0,0,2898921.0,2290620.0,669781.0,951281.0,0,0,0,1,0,0,0,1,0,0,1,0,0,0,1,0
411,1,1,0,0,1,1,1,1,1,1,1,0,0,1032107.0,725275.0,307988.0,307988.0,0,0,1,0,0,0,1,0,0,1,0,0,0,1,0,0
412,0,0,0,0,0,0,0,0,0,0,0,0,0,0.0,0.0,0.0,0.0,1,0,0,0,1,0,0,0,1,0,0,0,1,0,0,0
413,1,1,1,0,1,1,1,1,1,1,1,0,0,1167710.0,732029.0,445337.0,1049337.0,0,0,1,0,0,0,1,0,0,0,1,0,0,0,1,0
414,0,0,0,0,0,0,0,0,0,0,0,0,0,0.0,0.0,0.0,0.0,1,0,0,0,1,0,0,0,1,0,0,0,1,0,0,0
415,1,1,1,1,1,1,1,1,1,1,1,0,0,1330924.0,1330000.0,924.0,1043924.0,0,0,1,0,0,0,0,1,1,0,0,0,0,0,1,0
416,1,1,1,1,1,0,1,1,0,1,1,0,0,665000.0,392050.0,197250.0,375550.0,0,1,0,0,0,0,1,0,0,1,0,0,0,1,0,0
417,1,1,1,1,1,1,1,1,1,1,1,0,0,1081875.0,262635.54,819239.46,819239.46,0,0,1,0,0,1,0,0,0,0,0,1,0,0,1,0
418,1,1,1,1,1,1,1,1,1,1,1,0,0,1319994.0,275635.54,1044358.46,1044358.46,0,0,1,0,0,1,0,0,0,0,0,1,0,0,1,0
419,1,0,0,0,0,1,1,0,0,0,1,0,0,195684.0,99470.0,96214.0,163174.0,1,0,0,0,0,1,0,0,1,0,0,0,1,0,0,0
420,1,1,1,0,1,1,1,0,1,1,1,0,0,900000.0,0.0,900000.0,900000.0,0,0,1,0,1,0,0,0,0,0,0,1,0,0,1,0
421,1,1,1,1,1,1,1,0,1,1,1,0,0,273322.0,268700.0,14022.0,221022.0,1,0,0,0,0,1,0,0,1,0,0,0,1,0,0,0
422,1,1,1,0,1,1,0,1,1,1,1,0,1,2000000.0,0.0,2000000.0,2000000.0,0,0,0,1,1,0,0,0,0,0,0,1,0,0,0,1
423,1,1,1,1,1,1,1,0,0,1,1,0,0,5795000.0,5376000.0,527100.0,2848100.0,0,0,0,1,0,0,0,1,0,0,1,0,0,0,0,1
424,0,1,1,1,0,1,0,0,0,1,0,0,0,298386.0,235187.0,78368.0,248083.0,1,0,0,0,0,1,0,0,1,0,0,0,1,0,0,0
425,1,1,1,0,1,1,1,1,1,1,1,0,0,4291266.0,0.0,4291266.0,4291266.0,0,0,0,1,1,0,0,0,0,0,0,1,0,0,0,1
426,1,0,0,0,0,1,1,1,1,1,1,0,0,47067.86,12000.0,35067.86,35067.86,1,0,0,0,1,0,0,0,1,0,0,0,1,0,0,0
427,1,1,1,1,1,0,1,0,1,1,1,0,0,240000.0,76000.0,164000.0,164000.0,1,0,0,0,1,0,0,0,0,1,0,0,1,0,0,0
428,1,1,1,0,1,1,1,1,1,0,1,0,0,380056.0,354400.0,53056.0,53056.0,1,0,0,0,0,1,0,0,1,0,0,0,1,0,0,0
429,1,1,0,0,1,1,1,1,1,1,0,0,0,2000000.0,1310000.0,810000.0,1210000.0,0,0,0,1,0,0,0,1,0,0,0,1,0,0,0,1
430,1,1,0,0,1,1,1,0,1,0,1,1,1,91297.0,88300.0,2997.0,84997.0,1,0,0,0,1,0,0,0,1,0,0,0,1,0,0,0
431,1,1,1,0,1,1,1,1,1,1,1,0,1,926000.0,567000.0,359000.0,539000.0,0,0,1,0,0,0,1,0,0,1,0,0,0,1,0,0
432,1,1,1,0,1,1,1,0,1,1,1,0,0,452000.0,358530.0,128470.0,263470.0,0,1,0,0,0,0,1,0,1,0,0,0,1,0,0,0
433,1,1,1,1,1,1,0,1,1,0,1,0,0,300000.0,318990.0,-18990.0,166010.0,1,0,0,0,0,1,0,0,1,0,0,0,1,0,0,0
434,1,1,1,0,1,1,1,1,1,1,1,0,1,5802650.0,5848404.0,-11299.0,168701.0,0,0,0,1,0,0,0,1,1,0,0,0,1,0,0,0
435,1,1,1,0,1,1,1,1,1,1,1,0,1,5802650.0,5554404.0,282701.0,462701.0,0,0,0,1,0,0,0,1,0,1,0,0,0,1,0,0
436,1,1,1,0,1,1,1,0,1,0,1,0,0,571500.0,268601.0,302899.0,443899.0,0,1,0,0,0,1,0,0,0,1,0,0,0,1,0,0
437,1,1,1,1,1,1,1,1,1,1,1,1,1,425000.0,219250.0,303000.0,323000.0,0,1,0,0,0,1,0,0,0,1,0,0,0,1,0,0
438,1,1,0,0,1,1,0,1,1,0,0,0,1,1000000.0,805000.0,195000.0,695000.0,0,0,1,0,0,0,1,0,0,1,0,0,0,0,1,0
439,1,1,1,1,1,1,1,1,1,1,1,0,1,1693000.0,1074350.0,704150.0,1129700.0,0,0,0,1,0,0,0,1,0,0,1,0,0,0,1,0
440,1,1,1,1,1,1,1,0,0,1,1,0,1,858000.0,412000.0,566000.0,686000.0,0,0,1,0,0,0,1,0,0,0,1,0,0,0,1,0
441,1,1,1,0,1,1,1,1,1,0,1,1,1,300000.0,258000.0,67000.0,167000.0,1,0,0,0,0,1,0,0,1,0,0,0,1,0,0,0
442,1,1,1,0,1,0,1,0,1,1,1,0,1,80000.0,80000.0,0.0,91000.0,1,0,0,0,1,0,0,0,1,0,0,0,1,0,0,0
443,1,1,1,1,1,1,0,1,1,1,0,0,0,1300000.0,0.0,1300000.0,1300000.0,0,0,1,0,1,0,0,0,0,0,0,1,0,0,0,1
444,0,0,0,0,0,0,0,0,0,0,0,0,0,0.0,0.0,0.0,0.0,1,0,0,0,1,0,0,0,1,0,0,0,1,0,0,0
445,1,1,1,1,1,1,1,1,1,1,1,0,0,880000.0,570554.0,336443.0,486443.0,0,0,1,0,0,0,1,0,0,1,0,0,0,1,0,0
446,1,1,1,0,1,1,0,0,0,1,1,0,1,1850000.0,1370000.0,480000.0,615000.0,0,0,0,1,0,0,0,1,0,0,1,0,0,0,1,0
447,1,1,1,1,1,1,1,1,1,1,1,1,0,750000.0,574200.0,175800.0,455800.0,0,1,0,0,0,0,1,0,0,1,0,0,0,1,0,0
448,1,1,1,0,1,1,1,0,1,1,1,0,1,2657572.0,2594943.0,1648331.0,2304451.0,0,0,0,1,0,0,0,1,0,0,0,1,0,0,0,1
449,1,1,0,0,1,1,1,1,1,0,1,0,1,300000.0,0.0,300000.0,300000.0,1,0,0,0,1,0,0,0,0,1,0,0,0,1,0,0
450,1,1,1,1,1,1,1,1,1,0,1,0,1,320000.0,320000.0,0.0,225000.0,1,0,0,0,0,1,0,0,1,0,0,0,1,0,0,0
451,1,0,1,0,1,1,1,1,1,1,1,1,1,380000.0,380000.0,0.0,240000.0,1,0,0,0,0,0,1,0,1,0,0,0,1,0,0,0
452,0,0,0,0,0,0,0,0,0,0,0,0,0,0.0,0.0,0.0,0.0,1,0,0,0,1,0,0,0,1,0,0,0,1,0,0,0
454,1,1,1,1,1,1,1,1,1,0,1,0,0,1500000.0,0.0,1500000.0,1500000.0,0,0,1,0,1,0,0,0,0,0,0,1,0,0,0,1
455,1,1,1,1,1,1,1,1,1,1,1,0,0,1038728.0,867400.0,281328.0,793328.0,0,0,1,0,0,0,0,1,0,1,0,0,0,0,1,0
456,1,1,1,1,1,1,1,1,1,1,1,0,0,1038728.0,867400.0,281328.0,793328.0,0,0,1,0,0,0,0,1,0,1,0,0,0,0,1,0
457,1,1,1,0,1,1,1,1,1,0,0,0,0,600000.0,135668.53,464331.47,464331.47,0,1,0,0,0,1,0,0,0,0,1,0,0,1,0,0
458,1,1,1,1,1,1,1,1,1,1,1,0,1,2500000.0,348500.0,2256500.0,2256500.0,0,0,0,1,0,1,0,0,0,0,0,1,0,0,0,1
459,1,0,1,0,1,1,1,1,0,0,0,0,1,1150000.0,475000.0,875000.0,1100000.0,0,0,1,0,0,0,1,0,0,0,0,1,0,0,1,0
460,1,0,1,1,1,1,1,1,0,1,1,0,1,1000000.0,500000.0,720000.0,998000.0,0,0,1,0,0,0,1,0,0,0,1,0,0,0,1,0
461,1,1,1,1,1,1,1,1,1,1,0,0,0,1043014.0,450819.0,592195.0,862014.0,0,0,1,0,0,0,1,0,0,0,1,0,0,0,1,0
462,1,1,1,0,1,1,1,1,1,1,1,1,1,1350000.0,1318000.0,32000.0,457000.0,0,0,1,0,0,0,0,1,1,0,0,0,0,1,0,0
463,1,0,0,0,0,0,0,0,0,0,0,0,0,4200000.0,3273000.0,964000.0,2564000.0,0,0,0,1,0,0,0,1,0,0,0,1,0,0,0,1
464,1,1,1,1,1,1,1,1,1,1,1,0,1,2763222.0,2418158.0,477540.0,1114874.0,0,0,0,1,0,0,0,1,0,0,1,0,0,0,1,0
465,1,1,1,1,1,1,1,1,0,1,1,0,1,3422934.0,1446378.0,1976556.0,2121556.0,0,0,0,1,0,0,0,1,0,0,0,1,0,0,0,1
466,1,1,1,1,1,1,1,1,1,1,1,0,1,670.0,406000.0,-325330.0,-125330.0,1,0,0,0,0,0,1,0,1,0,0,0,1,0,0,0
467,1,1,0,1,1,1,1,0,0,0,1,0,0,1910000.0,839582.0,1079153.0,1626507.0,0,0,0,1,0,0,1,0,0,0,0,1,0,0,0,1
468,1,1,0,1,1,0,1,0,1,1,1,1,0,1000000.0,835000.0,165000.0,439000.0,0,0,1,0,0,0,1,0,0,1,0,0,0,1,0,0
469,1,0,1,0,1,1,1,1,0,1,1,0,1,775000.0,464700.0,310300.0,535300.0,0,1,0,0,0,0,1,0,0,1,0,0,0,1,0,0
470,1,1,1,0,1,1,0,0,1,0,1,0,0,685000.0,685000.0,162800.0,562800.0,0,1,0,0,0,0,1,0,0,1,0,0,0,1,0,0
471,1,1,1,0,1,1,1,1,1,1,1,1,1,506000.0,55100.0,450900.0,450900.0,0,1,0,0,1,0,0,0,0,0,1,0,0,1,0,0
472,1,1,1,0,1,1,1,1,1,0,1,0,0,4200000.0,2625000.0,1575000.0,2575000.0,0,0,0,1,0,0,0,1,0,0,0,1,0,0,0,1
473,1,1,1,1,1,1,1,1,1,1,1,0,0,200000.0,64000.0,136000.0,200000.0,1,0,0,0,1,0,0,0,1,0,0,0,1,0,0,0
474,0,0,0,0,0,0,0,0,0,0,0,0,0,0.0,0.0,0.0,0.0,1,0,0,0,1,0,0,0,1,0,0,0,1,0,0,0
475,1,1,1,1,1,1,1,0,1,1,1,0,0,1080000.0,481700.0,773300.0,893300.0,0,0,1,0,0,0,1,0,0,0,1,0,0,0,1,0
476,1,1,1,0,1,1,1,1,1,0,1,0,0,1700000.0,1733000.0,32000.0,1132000.0,0,0,0,1,0,0,0,1,1,0,0,0,0,0,0,1
477,1,0,1,1,1,1,1,1,1,1,1,0,0,357000.0,133220.0,334000.0,334000.0,1,0,0,0,0,1,0,0,0,1,0,0,0,1,0,0
478,1,0,0,0,0,1,1,1,1,0,1,0,0,320000.0,98500.0,221500.0,281500.0,1,0,0,0,0,1,0,0,0,1,0,0,1,0,0,0
479,1,1,1,0,1,1,1,1,1,1,1,0,1,1030455.0,830900.0,219820.0,579270.0,0,0,1,0,0,0,1,0,0,1,0,0,0,0,1,0
480,1,1,1,0,1,1,1,1,1,0,1,0,1,225000.0,200300.0,54700.0,204700.0,1,0,0,0,0,1,0,0,1,0,0,0,1,0,0,0
481,1,1,1,1,1,1,1,1,1,1,1,0,0,265000.0,171200.0,106300.0,181300.0,1,0,0,0,0,1,0,0,1,0,0,0,1,0,0,0
482,1,1,1,1,1,1,1,0,0,1,1,1,1,2300000.0,1757000.0,543000.0,993000.0,0,0,0,1,0,0,0,1,0,0,1,0,0,0,1,0
483,0,0,1,0,0,1,0,0,0,0,0,0,0,600000.0,547000.0,53000.0,503000.0,0,1,0,0,0,0,1,0,1,0,0,0,0,1,0,0
484,0,0,0,0,0,0,0,0,0,0,0,0,0,0.0,0.0,0.0,0.0,1,0,0,0,1,0,0,0,1,0,0,0,1,0,0,0
485,1,1,1,1,1,1,1,1,1,1,1,0,1,401763.0,29276.0,372487.0,372487.0,1,0,0,0,1,0,0,0,0,0,1,0,0,1,0,0
486,1,1,1,1,1,1,1,1,1,1,1,0,1,495000.0,39478.0,455522.0,455522.0,0,1,0,0,1,0,0,0,0,0,1,0,0,1,0,0
487,1,0,1,0,1,1,0,1,1,1,1,1,1,300000.0,129720.0,170280.0,170280.0,1,0,0,0,0,1,0,0,0,1,0,0,1,0,0,0
488,1,1,1,1,1,1,1,1,1,0,1,0,1,1270697.0,0.0,1270697.0,1270697.0,0,0,1,0,1,0,0,0,0,0,0,1,0,0,0,1
489,1,1,1,1,1,1,1,1,1,0,1,0,1,1270697.0,933636.0,341061.0,694061.0,0,0,1,0,0,0,0,1,0,1,0,0,0,0,1,0
490,1,1,1,1,1,1,1,1,1,0,1,0,1,0.0,0.0,0.0,0.0,1,0,0,0,1,0,0,0,1,0,0,0,1,0,0,0
491,1,1,0,1,1,1,0,0,1,1,1,0,1,3500000.0,5180000.0,-1680000.0,1820000.0,0,0,0,1,0,0,0,1,1,0,0,0,0,0,0,1
492,1,1,1,0,1,1,1,1,1,1,1,0,0,2527105.6,1411671.01,1128424.52,1606280.02,0,0,0,1,0,0,0,1,0,0,0,1,0,0,0,1
493,1,1,1,0,1,1,1,1,1,1,1,1,1,10000.0,6500.0,4900.0,5900.0,1,0,0,0,1,0,0,0,1,0,0,0,1,0,0,0
494,1,1,1,1,1,1,1,1,1,1,1,0,1,4000000.0,2999000.0,1001000.0,1366500.0,0,0,0,1,0,0,0,1,0,0,0,1,0,0,0,1
495,1,1,1,1,1,1,1,1,1,1,1,0,1,943546.38,788716.0,192680.38,450495.38,0,0,1,0,0,0,1,0,0,1,0,0,0,1,0,0
496,1,1,1,0,1,1,1,1,1,0,1,0,0,80000.0,40200.0,39800.0,39800.0,1,0,0,0,1,0,0,0,1,0,0,0,1,0,0,0
497,0,0,0,0,0,0,0,0,0,0,0,0,0,0.0,0.0,0.0,0.0,1,0,0,0,1,0,0,0,1,0,0,0,1,0,0,0
498,0,1,1,1,0,1,0,0,0,0,0,0,0,716538.0,715804.0,20940.0,417999.0,0,1,0,0,0,0,1,0,1,0,0,0,0,1,0,0
499,0,1,0,0,1,1,1,0,0,1,0,0,1,401000.0,0.0,401000.0,401000.0,1,0,0,0,1,0,0,0,0,0,1,0,0,1,0,0
500,1,1,1,0,1,1,1,1,1,0,1,0,1,3600000.0,2490000.0,1150000.0,1700000.0,0,0,0,1,0,0,0,1,0,0,0,1,0,0,0,1
501,1,1,1,1,1,1,1,0,1,0,1,0,0,280000.0,272900.0,18800.0,68800.0,1,0,0,0,0,1,0,0,1,0,0,0,1,0,0,0
502,1,1,1,1,1,1,1,0,1,0,1,0,1,280000.0,262900.0,28800.0,78800.0,1,0,0,0,0,1,0,0,1,0,0,0,1,0,0,0
503,0,0,0,0,0,0,0,0,0,0,0,0,0,175000.0,0.0,175000.0,175000.0,1,0,0,0,1,0,0,0,0,1,0,0,1,0,0,0
504,1,1,1,1,1,1,1,1,1,1,1,0,0,360000.0,93000.0,267000.0,267000.0,1,0,0,0,1,0,0,0,0,1,0,0,1,0,0,0
505,1,1,1,1,1,1,0,1,1,1,1,0,1,1665380.0,1652796.0,40761.0,550976.0,0,0,1,0,0,0,0,1,1,0,0,0,0,1,0,0
506,1,1,1,1,1,1,1,1,0,1,1,0,0,850000.0,160000.0,690000.0,690000.0,0,0,1,0,0,1,0,0,0,0,1,0,0,0,1,0
507,1,0,1,0,0,1,1,0,1,1,1,0,0,332034.0,239600.0,97034.0,199034.0,1,0,0,0,0,1,0,0,1,0,0,0,1,0,0,0
508,1,0,1,0,1,1,1,0,1,1,1,0,1,400000.0,247100.0,157500.0,259500.0,1,0,0,0,0,1,0,0,1,0,0,0,1,0,0,0
509,0,0,0,0,1,1,1,0,0,0,0,0,0,1900000.0,1111000.0,1549000.0,1549000.0,0,0,0,1,0,0,0,1,0,0,0,1,0,0,0,1
510,1,1,1,1,1,1,1,1,1,1,1,0,1,575000.0,375000.0,225000.0,375000.0,0,1,0,0,0,0,1,0,0,1,0,0,0,1,0,0
511,1,1,1,1,1,1,1,1,1,1,1,0,1,614000.0,415000.0,224000.0,414000.0,0,1,0,0,0,0,1,0,0,1,0,0,0,1,0,0
512,1,1,1,0,1,1,1,1,1,0,0,1,0,256764.0,83876.0,180664.0,229664.0,1,0,0,0,1,0,0,0,0,1,0,0,1,0,0,0
513,1,1,1,1,1,1,1,0,1,0,1,0,0,0.0,0.0,0.0,0.0,1,0,0,0,1,0,0,0,1,0,0,0,1,0,0,0
514,1,1,1,1,1,1,1,1,1,1,1,1,1,1300000.0,0.0,1300000.0,1300000.0,0,0,1,0,1,0,0,0,0,0,0,1,0,0,0,1
515,0,0,0,0,0,0,0,0,0,0,0,0,0,0.0,0.0,0.0,0.0,1,0,0,0,1,0,0,0,1,0,0,0,1,0,0,0
516,1,0,1,1,1,1,1,0,0,1,1,0,1,1200000.0,728200.0,471800.0,671800.0,0,0,1,0,0,0,1,0,0,0,1,0,0,0,1,0
517,1,1,1,1,1,1,1,1,1,1,1,0,1,655971.0,585242.0,70729.0,405190.0,0,1,0,0,0,0,1,0,1,0,0,0,0,1,0,0
518,0,0,0,0,0,0,0,0,1,0,0,0,0,144000.0,73400.0,94000.0,94000.0,1,0,0,0,1,0,0,0,1,0,0,0,1,0,0,0
519,1,0,0,0,1,0,1,0,1,0,0,0,1,78794.0,62452.0,31342.0,41342.0,1,0,0,0,1,0,0,0,1,0,0,0,1,0,0,0
520,0,0,0,0,0,0,0,0,0,0,0,0,0,3187661.0,3198440.0,-4613.0,2007787.0,0,0,0,1,0,0,0,1,1,0,0,0,0,0,0,1
521,1,1,1,0,1,1,1,1,1,0,1,0,1,1359558.0,1162027.58,301871.05,745435.88,0,0,1,0,0,0,0,1,0,1,0,0,0,0,1,0
522,0,0,0,0,0,0,0,0,1,0,0,0,0,125000.0,37500.0,87500.0,175000.0,1,0,0,0,1,0,0,0,1,0,0,0,1,0,0,0
523,0,0,0,0,0,0,0,0,0,0,0,0,0,100.0,0.0,100.0,100.0,1,0,0,0,1,0,0,0,1,0,0,0,1,0,0,0
525,1,0,1,0,1,1,1,1,1,0,1,0,0,425000.0,260301.0,227199.0,329640.0,0,1,0,0,0,1,0,0,0,1,0,0,0,1,0,0
526,1,1,1,0,1,1,1,1,1,1,1,0,1,2650000.0,2174794.0,315206.0,1227361.0,0,0,0,1,0,0,0,1,0,1,0,0,0,0,0,1
527,1,1,1,1,1,1,1,1,1,1,1,0,1,1000000.0,506000.0,494000.0,794000.0,0,0,1,0,0,0,1,0,0,0,1,0,0,0,1,0
528,0,0,0,0,0,0,0,0,0,0,0,0,0,130000.0,24100.0,105900.0,105900.0,1,0,0,0,1,0,0,0,1,0,0,0,1,0,0,0
529,1,1,1,0,1,1,1,1,1,0,1,0,0,250000.0,0.0,250000.0,250000.0,1,0,0,0,1,0,0,0,0,1,0,0,1,0,0,0
530,1,1,1,1,1,1,1,1,1,1,1,0,1,1794953.0,1441972.0,500981.0,1216981.0,0,0,0,1,0,0,0,1,0,0,1,0,0,0,0,1
531,1,1,1,0,1,1,1,1,1,0,1,0,1,1995500.0,742921.0,1310963.0,1701963.0,0,0,0,1,0,0,1,0,0,0,0,1,0,0,0,1
532,1,1,1,1,1,1,1,0,0,1,1,0,1,946000.0,435000.0,511000.0,711000.0,0,0,1,0,0,0,1,0,0,0,1,0,0,0,1,0
533,1,0,1,1,0,1,0,0,0,0,0,0,0,11500000.0,7100000.0,7826000.0,8626000.0,0,0,0,1,0,0,0,1,0,0,0,1,0,0,0,1
534,1,1,1,1,1,1,1,0,0,0,1,0,1,7166658.0,6102000.0,1219658.0,2569658.0,0,0,0,1,0,0,0,1,0,0,0,1,0,0,0,1
535,1,1,1,1,1,1,1,0,0,0,0,0,0,3810000.0,3504000.0,1329000.0,2457000.0,0,0,0,1,0,0,0,1,0,0,0,1,0,0,0,1
536,1,1,1,1,1,1,1,0,1,0,1,0,1,4875000.0,3842000.0,1398000.0,1978000.0,0,0,0,1,0,0,0,1,0,0,0,1,0,0,0,1
537,1,1,1,1,1,1,1,1,1,0,1,0,0,988000.0,987100.0,23200.0,683200.0,0,0,1,0,0,0,0,1,1,0,0,0,0,0,1,0
538,0,0,1,1,1,1,1,0,0,0,1,0,0,776093.0,459483.0,367024.0,529041.0,0,1,0,0,0,0,1,0,0,1,0,0,0,1,0,0
539,0,1,1,1,1,1,1,0,1,0,1,0,0,806799.0,479343.0,327456.0,552655.0,0,1,0,0,0,0,1,0,0,1,0,0,0,1,0,0
540,0,0,0,0,0,0,0,0,0,0,0,0,0,297760.0,53537.0,246045.0,246045.0,1,0,0,0,1,0,0,0,0,1,0,0,1,0,0,0
541,1,1,1,1,1,1,1,1,1,1,1,0,1,700000.0,645000.0,55000.0,455000.0,0,1,0,0,0,0,1,0,1,0,0,0,0,1,0,0
542,1,1,1,0,0,0,1,0,1,1,1,0,0,537919.0,390146.0,148947.0,298602.0,0,1,0,0,0,0,1,0,1,0,0,0,0,1,0,0
543,1,1,1,1,1,1,1,1,1,1,1,0,0,1300000.0,600000.0,700000.0,1000000.0,0,0,1,0,0,0,1,0,0,0,1,0,0,0,1,0
544,0,0,0,0,0,0,0,0,0,0,0,0,0,76000.0,20000.0,56000.0,56000.0,1,0,0,0,1,0,0,0,1,0,0,0,1,0,0,0
545,1,0,1,1,1,1,1,1,1,0,0,0,0,1700000.0,980000.0,720000.0,720000.0,0,0,0,1,0,0,0,1,0,0,1,0,0,0,1,0
546,1,0,0,0,1,0,1,0,1,0,0,0,1,78000.0,60952.0,32048.0,42048.0,1,0,0,0,1,0,0,0,1,0,0,0,1,0,0,0
548,1,1,1,1,1,1,1,1,1,1,0,0,1,6000000.0,4525000.0,1605000.0,1629000.0,0,0,0,1,0,0,0,1,0,0,0,1,0,0,0,1
550,1,0,1,0,1,1,1,0,1,1,0,0,0,1132914.0,296958.0,865956.0,1009956.0,0,0,1,0,0,1,0,0,0,0,0,1,0,0,1,0
551,1,1,1,1,1,1,1,1,1,1,1,1,1,7100000.0,6177283.0,1388991.0,2088991.0,0,0,0,1,0,0,0,1,0,0,0,1,0,0,0,1
552,1,1,1,1,1,1,1,1,1,1,1,1,1,7100000.0,6177283.0,1388991.0,2088991.0,0,0,0,1,0,0,0,1,0,0,0,1,0,0,0,1
553,1,1,1,1,1,1,1,1,1,1,1,0,1,2219623.0,1761293.0,516225.0,796225.0,0,0,0,1,0,0,0,1,0,0,1,0,0,0,1,0
554,1,1,1,1,1,1,1,1,1,0,1,0,1,1800000.0,1125000.0,775000.0,1275000.0,0,0,0,1,0,0,0,1,0,0,1,0,0,0,0,1
555,1,1,1,0,1,1,1,1,1,0,1,0,1,425000.0,209600.0,345400.0,345400.0,0,1,0,0,0,1,0,0,0,1,0,0,0,1,0,0
556,1,1,1,1,1,1,1,1,1,1,0,0,0,735785.0,851276.0,-97123.0,485910.0,0,1,0,0,0,0,0,1,1,0,0,0,0,1,0,0
557,1,1,1,1,1,1,1,1,1,1,0,0,0,2279185.36,2230869.52,75902.25,1710976.07,0,0,0,1,0,0,0,1,1,0,0,0,0,0,0,1
558,1,1,1,1,1,1,1,1,1,1,1,0,1,839750.0,426057.0,413693.0,478553.0,0,0,1,0,0,0,1,0,0,0,1,0,0,1,0,0
559,1,0,0,0,1,0,1,1,1,1,1,0,0,830000.0,493875.0,336125.0,510125.0,0,0,1,0,0,0,1,0,0,1,0,0,0,1,0,0
560,1,1,1,1,1,1,1,1,1,1,1,0,1,1130421.0,0.0,1130421.0,1130421.0,0,0,1,0,1,0,0,0,0,0,0,1,0,0,1,0
561,1,1,1,1,1,1,1,1,1,1,1,0,1,976500.0,0.0,976500.0,976500.0,0,0,1,0,1,0,0,0,0,0,0,1,0,0,1,0
562,1,1,1,1,1,1,1,1,1,1,1,0,1,1025325.0,0.0,1025325.0,1025325.0,0,0,1,0,1,0,0,0,0,0,0,1,0,0,1,0
563,1,1,1,1,1,1,1,1,1,1,1,0,1,1076591.0,0.0,1076591.0,1076591.0,0,0,1,0,1,0,0,0,0,0,0,1,0,0,1,0
564,1,1,1,1,0,1,1,1,1,1,1,0,1,1092097.15,1339809.39,-236382.3,289851.92,0,0,1,0,0,0,0,1,1,0,0,0,0,1,0,0
565,1,1,1,1,0,1,1,1,1,1,1,0,1,1544935.01,1781008.85,-219939.35,490068.52,0,0,1,0,0,0,0,1,1,0,0,0,0,1,0,0
566,1,1,1,0,1,1,1,1,1,0,0,0,0,4070492.0,1830248.27,2625767.78,2915767.7,0,0,0,1,0,0,0,1,0,0,0,1,0,0,0,1
567,1,1,1,0,1,1,1,1,1,0,0,0,0,4070492.0,2004095.19,2451920.86,3001920.86,0,0,0,1,0,0,0,1,0,0,0,1,0,0,0,1
568,1,1,1,1,1,1,1,1,1,1,1,0,0,638000.0,509525.0,215841.0,432624.0,0,1,0,0,0,0,1,0,0,1,0,0,0,1,0,0
569,1,1,1,1,1,1,1,1,1,1,1,0,1,1603000.0,551000.0,1052000.0,1352000.0,0,0,1,0,0,0,1,0,0,0,0,1,0,0,0,1
570,1,1,1,1,1,1,1,1,1,1,1,0,1,1603000.0,551000.0,1052000.0,1352000.0,0,0,1,0,0,0,1,0,0,0,0,1,0,0,0,1
572,1,1,1,1,1,1,1,0,1,1,1,0,1,200000.0,112500.0,94500.0,155500.0,1,0,0,0,0,1,0,0,1,0,0,0,1,0,0,0
573,1,0,1,0,0,1,0,1,1,0,1,0,0,413887.0,0.0,413887.0,413887.0,0,1,0,0,1,0,0,0,0,0,1,0,0,1,0,0
574,1,1,1,0,1,1,0,1,1,0,1,0,1,120000.0,10000.0,110000.0,110000.0,1,0,0,0,1,0,0,0,1,0,0,0,1,0,0,0
575,1,1,1,0,0,1,1,0,1,0,0,0,0,1750000.0,370000.0,1380000.0,1385000.0,0,0,0,1,0,0,1,0,0,0,0,1,0,0,0,1
576,1,1,1,0,1,1,1,1,0,1,1,0,0,900000.0,523000.0,524200.0,764200.0,0,0,1,0,0,0,1,0,0,0,1,0,0,0,1,0
577,1,1,1,0,1,0,1,0,0,1,1,0,1,252500.0,209800.0,59900.0,204900.0,1,0,0,0,0,1,0,0,1,0,0,0,1,0,0,0
578,1,0,1,0,1,1,1,1,1,0,1,0,0,450000.0,275000.0,175000.0,375000.0,0,1,0,0,0,1,0,0,0,1,0,0,0,1,0,0
579,1,1,0,0,1,1,1,1,1,1,1,0,0,456812.98,91031.0,374681.98,374681.98,0,1,0,0,1,0,0,0,0,0,1,0,0,1,0,0
580,1,1,0,0,1,1,1,1,1,1,1,0,0,456812.98,91031.0,374681.98,374681.98,0,1,0,0,1,0,0,0,0,0,1,0,0,1,0,0
581,1,1,0,0,1,1,1,1,1,1,1,0,0,456812.98,91031.0,374681.98,374681.98,0,1,0,0,1,0,0,0,0,0,1,0,0,1,0,0
582,1,1,1,1,1,1,1,1,1,1,1,0,1,450000.0,263500.0,199000.0,339000.0,0,1,0,0,0,1,0,0,0,1,0,0,0,1,0,0
583,1,1,0,1,1,1,1,1,1,1,1,0,1,778974.0,0.0,778974.0,778974.0,0,1,0,0,1,0,0,0,0,0,1,0,0,0,1,0
584,1,1,1,0,0,1,1,0,1,0,1,0,0,800000.0,313000.0,612000.0,612000.0,0,1,0,0,0,1,0,0,0,0,1,0,0,0,1,0
585,1,1,1,1,1,1,1,1,1,1,1,0,0,637000.0,627500.0,62500.0,306500.0,0,1,0,0,0,0,1,0,1,0,0,0,0,1,0,0
586,1,1,1,1,1,1,1,1,1,1,1,0,0,637000.0,577500.0,62500.0,306500.0,0,1,0,0,0,0,1,0,1,0,0,0,0,1,0,0
587,0,0,0,0,0,0,0,0,0,0,1,0,0,21000.0,3000.0,18000.0,18000.0,1,0,0,0,1,0,0,0,1,0,0,0,1,0,0,0
588,1,0,1,0,1,1,1,1,1,0,0,0,0,210000.0,8850.0,202350.0,202350.0,1,0,0,0,1,0,0,0,0,1,0,0,1,0,0,0
589,1,0,1,0,1,1,1,1,1,0,0,0,0,350000.0,46300.0,307300.0,307300.0,1,0,0,0,1,0,0,0,0,1,0,0,0,1,0,0
590,1,1,1,1,1,1,1,1,1,1,1,1,1,1000000.0,0.0,1000000.0,1000000.0,0,0,1,0,1,0,0,0,0,0,0,1,0,0,1,0
591,1,1,1,0,1,1,1,0,0,1,0,0,0,948000.0,399220.0,571780.0,759780.0,0,0,1,0,0,0,1,0,0,0,1,0,0,0,1,0
592,1,1,1,0,1,1,1,0,0,1,0,0,0,1050000.0,399220.0,673780.0,861780.0,0,0,1,0,0,0,1,0,0,0,1,0,0,0,1,0
593,1,1,1,0,1,1,1,1,1,0,0,0,0,88875.38,27484.23,61391.15,61391.15,1,0,0,0,1,0,0,0,1,0,0,0,1,0,0,0
595,1,1,1,0,1,1,1,1,0,0,1,0,1,250000.0,100000.0,150000.0,150000.0,1,0,0,0,0,1,0,0,1,0,0,0,1,0,0,0
596,1,1,1,0,1,1,1,1,1,1,1,0,0,1034160.0,728000.0,324160.0,439160.0,0,0,1,0,0,0,1,0,0,1,0,0,0,1,0,0
598,1,1,1,0,0,1,1,0,0,0,1,0,0,600000.0,0.0,600000.0,600000.0,0,1,0,0,1,0,0,0,0,0,1,0,0,0,1,0
599,1,1,1,1,1,1,1,1,1,0,1,0,1,416802.0,341975.0,74827.0,324827.0,0,1,0,0,0,1,0,0,1,0,0,0,0,1,0,0
600,1,1,1,1,1,1,1,1,1,0,1,0,1,438242.0,335769.0,102473.0,352473.0,0,1,0,0,0,1,0,0,1,0,0,0,0,1,0,0
601,1,1,1,0,1,0,0,0,0,1,0,0,0,103000.0,24000.0,79000.0,79000.0,1,0,0,0,1,0,0,0,1,0,0,0,1,0,0,0
602,1,1,1,0,1,1,0,1,1,1,1,0,0,1150000.0,533000.0,776000.0,1076000.0,0,0,1,0,0,0,1,0,0,0,1,0,0,0,1,0
603,1,1,1,0,1,1,1,0,1,1,1,0,1,367773.41,361727.45,10919.11,199037.11,1,0,0,0,0,0,1,0,1,0,0,0,1,0,0,0
604,1,1,1,0,1,1,1,0,1,1,1,0,1,367773.41,185728.35,186918.21,199037.11,1,0,0,0,0,1,0,0,0,1,0,0,1,0,0,0
605,1,1,0,0,0,1,0,0,0,0,0,0,0,195000.0,27000.0,171000.0,171000.0,1,0,0,0,1,0,0,0,0,1,0,0,1,0,0,0
606,1,1,1,1,1,1,1,1,0,1,1,0,0,750000.0,504564.0,320436.0,500436.0,0,1,0,0,0,0,1,0,0,1,0,0,0,1,0,0
607,1,1,0,0,1,1,0,1,1,0,1,0,0,380000.0,170000.0,215000.0,311000.0,1,0,0,0,0,1,0,0,0,1,0,0,0,1,0,0
608,1,1,1,0,0,1,1,1,1,0,0,0,0,165000.0,144200.0,42800.0,122800.0,1,0,0,0,0,1,0,0,1,0,0,0,1,0,0,0
609,1,1,1,0,1,1,1,0,1,1,1,0,0,1201009.0,535874.0,686678.0,686678.0,0,0,1,0,0,0,1,0,0,0,1,0,0,0,1,0
610,0,0,1,0,0,1,0,0,0,0,0,0,0,2700000.0,2194000.0,606000.0,2206000.0,0,0,0,1,0,0,0,1,0,0,1,0,0,0,0,1
611,1,1,1,0,1,1,1,1,1,1,1,0,0,927670.0,187594.0,740076.0,745076.0,0,0,1,0,0,1,0,0,0,0,1,0,0,0,1,0
612,1,1,1,1,1,1,1,1,1,1,1,0,1,1900000.0,0.0,1900000.0,1900000.0,0,0,0,1,1,0,0,0,0,0,0,1,0,0,0,1
613,1,1,0,0,0,0,0,0,0,0,0,0,0,115000.0,0.0,115000.0,115000.0,1,0,0,0,1,0,0,0,1,0,0,0,1,0,0,0
614,0,0,1,1,1,1,1,1,1,1,1,0,0,1191190.0,674180.0,523316.0,1088316.0,0,0,1,0,0,0,1,0,0,0,1,0,0,0,1,0
616,1,0,0,0,1,1,0,0,1,0,0,0,0,1100000.0,522000.0,578000.0,578000.0,0,0,1,0,0,0,1,0,0,0,1,0,0,0,1,0
617,1,1,1,0,1,1,1,0,0,0,0,0,0,950000.0,795500.0,233500.0,533500.0,0,0,1,0,0,0,1,0,0,1,0,0,0,1,0,0
618,1,1,1,0,1,1,1,1,1,0,1,0,0,1500000.0,1238000.0,262000.0,1262000.0,0,0,1,0,0,0,0,1,0,1,0,0,0,0,0,1
619,1,1,1,1,1,1,1,1,1,1,0,0,0,544341.0,223800.0,356341.0,370741.0,0,1,0,0,0,1,0,0,0,1,0,0,0,1,0,0
620,1,1,1,1,1,1,1,1,1,1,0,0,0,544341.0,223800.0,356341.0,370741.0,0,1,0,0,0,1,0,0,0,1,0,0,0,1,0,0
621,1,1,1,0,1,1,0,1,1,0,0,0,0,1200000.0,1200000.0,0.0,816000.0,0,0,1,0,0,0,0,1,1,0,0,0,0,0,1,0
622,1,1,1,0,1,1,1,1,1,0,0,0,0,1200000.0,384000.0,816000.0,816000.0,0,0,1,0,0,0,1,0,0,0,0,1,0,0,1,0
623,1,1,0,0,0,0,1,0,1,1,1,0,0,450000.0,397727.0,59753.0,309753.0,0,1,0,0,0,0,1,0,1,0,0,0,0,1,0,0
624,1,1,1,0,1,1,1,1,1,0,1,0,0,140000.0,94500.0,45500.0,105500.0,1,0,0,0,0,1,0,0,1,0,0,0,1,0,0,0
625,1,0,1,0,1,1,1,1,1,0,1,0,0,700000.0,699200.0,800.0,648800.0,0,1,0,0,0,0,1,0,1,0,0,0,0,0,1,0
626,1,0,1,0,1,1,1,1,1,0,1,0,0,700000.0,699200.0,800.0,648800.0,0,1,0,0,0,0,1,0,1,0,0,0,0,0,1,0
627,1,0,0,0,1,1,1,0,0,0,0,0,0,250000.0,23000.0,227000.0,227000.0,1,0,0,0,1,0,0,0,0,1,0,0,1,0,0,0
628,1,0,0,0,1,1,1,0,0,0,0,0,0,250000.0,23000.0,227000.0,227000.0,1,0,0,0,1,0,0,0,0,1,0,0,1,0,0,0
630,1,1,0,0,0,0,0,0,0,0,0,0,0,350000.0,45000.0,305000.0,305000.0,1,0,0,0,1,0,0,0,0,1,0,0,0,1,0,0
631,1,0,1,0,1,1,0,0,1,0,1,0,0,392118.0,296600.0,125518.0,250518.0,1,0,0,0,0,1,0,0,1,0,0,0,1,0,0,0
632,0,0,1,1,1,1,1,0,1,1,1,0,0,360111.0,0.0,360111.0,360111.0,1,0,0,0,1,0,0,0,0,1,0,0,0,1,0,0
633,1,1,1,0,1,1,1,0,1,1,1,0,0,450000.0,0.0,450000.0,450000.0,0,1,0,0,1,0,0,0,0,0,1,0,0,1,0,0
634,1,1,1,0,1,1,1,0,1,0,1,0,0,435200.0,208654.0,243128.0,321067.0,0,1,0,0,0,1,0,0,0,1,0,0,0,1,0,0
635,1,0,1,0,1,1,1,1,1,0,1,0,1,190219.0,92000.0,98219.0,190219.0,1,0,0,0,1,0,0,0,1,0,0,0,1,0,0,0
636,1,1,1,0,1,1,1,1,1,1,1,0,1,1200000.0,946600.0,253400.0,733400.0,0,0,1,0,0,0,0,1,0,1,0,0,0,0,1,0
637,1,1,1,0,0,1,1,1,1,1,1,0,0,393000.0,120000.0,273000.0,273000.0,1,0,0,0,0,1,0,0,0,1,0,0,1,0,0,0
638,1,0,0,0,0,1,0,0,0,0,0,0,0,689000.0,42500.0,646500.0,646500.0,0,1,0,0,1,0,0,0,0,0,1,0,0,0,1,0
639,1,0,1,0,1,1,1,1,1,0,1,0,0,511000.0,511000.0,129000.0,384000.0,0,1,0,0,0,0,1,0,1,0,0,0,0,1,0,0
640,1,1,1,1,1,1,1,1,1,1,1,0,1,500000.0,300000.0,200000.0,300000.0,0,1,0,0,0,1,0,0,0,1,0,0,0,1,0,0
641,1,1,1,0,0,1,1,1,1,1,1,0,0,680000.0,276000.0,539000.0,575000.0,0,1,0,0,0,1,0,0,0,0,1,0,0,0,1,0
642,1,0,1,0,1,1,0,1,1,0,0,0,1,1200000.0,0.0,1200000.0,1200000.0,0,0,1,0,1,0,0,0,0,0,0,1,0,0,0,1
643,1,1,1,0,1,1,1,0,1,1,0,0,1,250000.0,69954.0,180046.0,180046.0,1,0,0,0,1,0,0,0,0,1,0,0,1,0,0,0
644,1,1,0,0,1,1,1,1,1,0,1,0,0,95000.0,0.0,95000.0,95000.0,1,0,0,0,1,0,0,0,1,0,0,0,1,0,0,0
645,1,1,1,0,1,1,1,1,1,1,1,0,1,443000.0,137000.0,306000.0,318000.0,0,1,0,0,0,1,0,0,0,1,0,0,0,1,0,0
646,1,1,1,0,0,1,1,0,0,1,0,0,0,543000.0,309940.0,233060.0,233060.0,0,1,0,0,0,1,0,0,0,1,0,0,1,0,0,0
647,0,0,0,0,1,1,1,1,1,0,1,0,0,618519.0,0.0,618519.0,618519.0,0,1,0,0,1,0,0,0,0,0,1,0,0,0,1,0
648,1,0,1,0,1,0,0,1,1,1,1,0,0,180000.0,66500.0,126000.0,126000.0,1,0,0,0,1,0,0,0,1,0,0,0,1,0,0,0
649,1,1,1,1,0,1,1,0,0,0,1,0,0,162243.0,126850.0,38393.0,78393.0,1,0,0,0,0,1,0,0,1,0,0,0,1,0,0,0
650,1,1,1,0,1,1,1,0,0,1,1,0,0,312732.0,84070.0,239654.0,239654.0,1,0,0,0,1,0,0,0,0,1,0,0,1,0,0,0
651,1,1,1,1,1,1,1,1,1,1,1,0,1,552000.0,469000.0,95000.0,350000.0,0,1,0,0,0,0,1,0,1,0,0,0,0,1,0,0
652,1,0,0,0,0,1,0,0,0,0,0,0,0,994441.0,641963.0,352478.0,551366.0,0,0,1,0,0,0,1,0,0,1,0,0,0,1,0,0
653,1,1,1,0,1,1,1,1,1,0,1,0,0,5688302.0,2391454.0,3296848.0,4065603.0,0,0,0,1,0,0,0,1,0,0,0,1,0,0,0,1
654,1,1,1,1,1,1,1,0,1,1,1,0,0,575008.0,526379.53,220439.47,226228.28,0,1,0,0,0,0,1,0,0,1,0,0,1,0,0,0
655,1,1,1,1,1,1,1,0,1,1,1,0,0,575008.0,566630.86,200664.87,203785.96,0,1,0,0,0,0,1,0,0,1,0,0,1,0,0,0
656,1,1,0,0,0,1,1,1,1,0,0,0,0,664855.0,584584.38,86041.91,533541.91,0,1,0,0,0,0,1,0,1,0,0,0,0,1,0,0
657,1,1,1,1,1,1,1,1,1,1,1,0,1,1058552.36,736812.61,322720.62,770215.4,0,0,1,0,0,0,1,0,0,1,0,0,0,0,1,0
658,1,1,1,1,1,1,1,1,1,1,1,0,1,1058552.36,736812.61,322720.62,770215.4,0,0,1,0,0,0,1,0,0,1,0,0,0,0,1,0
659,1,1,0,0,0,1,1,1,1,1,1,0,0,678000.0,521022.0,156978.0,396978.0,0,1,0,0,0,0,1,0,1,0,0,0,0,1,0,0
661,1,1,1,0,0,1,1,1,1,1,1,0,0,350000.0,0.0,350000.0,350000.0,1,0,0,0,1,0,0,0,0,1,0,0,0,1,0,0
662,1,0,0,0,0,0,0,0,0,0,0,0,0,12146.79,14780.96,-2634.17,5868.79,1,0,0,0,1,0,0,0,1,0,0,0,1,0,0,0
665,1,1,1,0,1,1,1,1,1,0,1,0,0,880000.0,458620.0,566380.0,614380.0,0,0,1,0,0,0,1,0,0,0,1,0,0,0,1,0
666,1,1,0,0,1,1,1,1,1,0,1,0,0,2000000.0,795000.0,1205000.0,1305000.0,0,0,0,1,0,0,1,0,0,0,0,1,0,0,0,1
667,1,0,1,1,1,1,1,0,1,1,0,0,0,425000.0,170000.0,259000.0,379000.0,0,1,0,0,0,1,0,0,0,1,0,0,0,1,0,0
668,0,0,0,0,0,0,0,0,0,0,0,0,0,950000.0,512050.0,637950.0,695450.0,0,0,1,0,0,0,1,0,0,0,1,0,0,0,1,0
669,1,0,1,0,1,0,0,1,1,1,0,0,0,1200000.0,252500.0,947500.0,1002500.0,0,0,1,0,0,1,0,0,0,0,0,1,0,0,1,0
670,1,1,1,1,1,1,1,0,0,0,1,0,0,1003000.0,266000.0,737000.0,737000.0,0,0,1,0,0,1,0,0,0,0,1,0,0,0,1,0
671,1,1,1,1,1,0,1,0,1,1,1,0,1,251370.0,58110.0,207047.0,207047.0,1,0,0,0,1,0,0,0,0,1,0,0,1,0,0,0
672,1,1,1,0,1,1,1,1,1,1,1,0,1,430000.0,430000.0,0.0,284500.0,0,1,0,0,0,0,1,0,1,0,0,0,1,0,0,0
673,1,1,1,0,1,1,1,1,1,1,1,0,1,435000.0,430000.0,5000.0,289500.0,0,1,0,0,0,0,1,0,1,0,0,0,0,1,0,0
674,1,1,1,0,1,1,1,0,1,0,0,0,0,1203970.0,929609.0,276522.0,890522.0,0,0,1,0,0,0,0,1,0,1,0,0,0,0,1,0
675,1,0,1,0,0,0,0,0,0,0,1,0,1,501235.0,130000.0,371235.0,371235.0,0,1,0,0,0,1,0,0,0,1,0,0,0,1,0,0
676,1,1,0,0,1,1,1,1,1,0,1,0,1,956716.0,674296.0,302947.0,580822.0,0,0,1,0,0,0,1,0,0,1,0,0,0,0,1,0
677,1,1,1,0,1,1,1,1,1,1,1,0,0,220000.0,0.0,220000.0,220000.0,1,0,0,0,1,0,0,0,0,1,0,0,1,0,0,0
679,0,0,0,0,0,0,0,0,0,0,0,0,0,300000.0,36000.0,264000.0,264000.0,1,0,0,0,1,0,0,0,0,1,0,0,1,0,0,0
680,1,1,0,0,0,1,1,0,1,0,1,0,0,509266.4,307888.58,215015.19,335015.19,0,1,0,0,0,1,0,0,0,1,0,0,0,1,0,0
681,1,1,1,0,1,0,1,0,0,0,1,0,0,400000.0,383000.0,17000.0,342000.0,1,0,0,0,0,0,1,0,1,0,0,0,0,1,0,0
682,1,0,0,0,0,1,1,0,1,0,1,0,0,141317.0,208877.0,-67560.0,45717.0,1,0,0,0,0,1,0,0,1,0,0,0,1,0,0,0
683,1,1,1,0,1,1,1,1,1,0,1,0,0,952000.0,791071.0,160929.0,753929.0,0,0,1,0,0,0,1,0,0,1,0,0,0,0,1,0
684,1,1,1,0,1,1,1,0,1,1,1,0,1,1636428.0,883031.0,753397.0,1203397.0,0,0,1,0,0,0,0,1,0,0,1,0,0,0,0,1
685,1,0,1,1,0,1,1,0,1,1,1,0,0,494055.47,397294.0,115381.47,323048.47,0,1,0,0,0,0,1,0,1,0,0,0,0,1,0,0
686,1,0,1,1,0,1,1,0,1,1,1,0,0,537600.0,397294.0,158926.0,366593.0,0,1,0,0,0,0,1,0,1,0,0,0,0,1,0,0
687,1,1,1,1,1,1,1,1,1,1,1,0,0,-4058.0,497230.04,-501288.04,-274651.25,1,0,0,0,0,0,1,0,1,0,0,0,1,0,0,0
688,1,0,1,0,0,1,1,0,1,0,0,0,1,245000.0,171000.0,84000.0,129000.0,1,0,0,0,0,1,0,0,1,0,0,0,1,0,0,0
689,1,1,0,1,1,1,1,0,1,0,0,0,0,2455308.0,0.0,2455308.0,2455308.0,0,0,0,1,1,0,0,0,0,0,0,1,0,0,0,1
690,1,1,1,1,1,1,1,0,1,0,0,0,0,2455801.0,1992964.0,857959.0,1162982.0,0,0,0,1,0,0,0,1,0,0,0,1,0,0,0,1
691,1,1,0,0,1,1,1,1,1,1,1,0,1,550340.0,521511.0,35894.0,453350.0,0,1,0,0,0,0,1,0,1,0,0,0,0,1,0,0
692,1,1,1,1,1,1,1,1,1,0,0,0,0,1311245.0,183700.0,1132545.0,1132545.0,0,0,1,0,0,1,0,0,0,0,0,1,0,0,0,1
693,1,1,1,1,1,1,1,1,1,1,1,0,0,270808.0,100828.0,182616.0,182616.0,1,0,0,0,0,1,0,0,0,1,0,0,1,0,0,0
694,1,1,1,0,1,0,1,0,0,0,1,0,0,472074.0,374000.0,122074.0,182074.0,0,1,0,0,0,0,1,0,1,0,0,0,1,0,0,0
695,0,0,1,0,1,0,1,0,0,0,1,0,0,157268.0,157268.0,0.0,157268.0,1,0,0,0,0,1,0,0,1,0,0,0,1,0,0,0
696,0,0,1,0,1,0,1,0,0,0,1,0,0,120697.0,120697.0,0.0,120697.0,1,0,0,0,0,1,0,0,1,0,0,0,1,0,0,0
697,1,1,1,1,1,1,1,1,1,1,1,0,1,711371.0,0.0,711371.0,711371.0,0,1,0,0,1,0,0,0,0,0,1,0,0,0,1,0
698,1,1,1,1,1,1,1,1,1,1,1,0,1,1148000.0,695441.0,552559.0,952559.0,0,0,1,0,0,0,1,0,0,0,1,0,0,0,1,0
699,1,0,0,0,1,0,1,1,1,1,1,0,0,272000.0,126500.0,145500.0,210500.0,1,0,0,0,0,1,0,0,1,0,0,0,1,0,0,0
700,1,0,1,0,0,1,1,1,0,1,0,0,1,352006.3,245041.27,110869.16,275989.16,1,0,0,0,0,1,0,0,1,0,0,0,1,0,0,0
701,1,0,1,0,0,1,1,1,0,1,0,0,1,392704.0,252626.79,143981.34,309101.34,1,0,0,0,0,1,0,0,1,0,0,0,0,1,0,0
703,1,1,1,0,1,0,1,1,1,0,1,0,0,1763398.0,799601.0,967949.0,967949.0,0,0,0,1,0,0,1,0,0,0,0,1,0,0,1,0
704,1,1,1,0,1,0,1,1,1,0,1,0,0,1763398.0,949601.0,817949.0,967949.0,0,0,0,1,0,0,0,1,0,0,0,1,0,0,1,0
705,1,1,1,1,1,1,1,1,1,1,1,0,0,1636226.0,285000.0,1351226.0,1351226.0,0,0,1,0,0,1,0,0,0,0,0,1,0,0,0,1
706,1,1,1,1,1,1,1,1,1,1,1,0,0,1636226.0,864703.0,771523.0,1171523.0,0,0,1,0,0,0,0,1,0,0,1,0,0,0,0,1
707,1,0,1,0,1,1,1,1,0,0,0,0,1,191307.0,104003.53,88741.0,100241.0,1,0,0,0,0,1,0,0,1,0,0,0,1,0,0,0
708,1,0,1,0,1,1,1,1,0,0,0,0,1,234547.0,104003.53,131981.0,143481.0,1,0,0,0,0,1,0,0,1,0,0,0,1,0,0,0
709,1,0,1,1,1,1,1,0,1,0,1,0,0,706778.89,702834.72,180638.89,300638.89,0,1,0,0,0,0,1,0,0,1,0,0,0,1,0,0
710,1,0,0,0,0,0,0,0,1,0,0,0,0,725000.0,105000.0,620000.0,620000.0,0,1,0,0,0,1,0,0,0,0,1,0,0,0,1,0
711,1,0,0,0,1,0,1,0,0,1,1,0,0,1394478.0,457752.0,948093.0,1029751.0,0,0,1,0,0,0,1,0,0,0,0,1,0,0,1,0
712,1,1,1,1,1,1,1,1,1,1,1,0,0,350952.0,123083.0,227869.0,227869.0,1,0,0,0,0,1,0,0,0,1,0,0,1,0,0,0
713,1,1,1,1,1,1,1,1,1,1,1,0,0,391615.0,123083.0,268532.0,268532.0,1,0,0,0,0,1,0,0,0,1,0,0,1,0,0,0
714,1,1,1,0,1,1,1,1,1,1,1,0,0,612000.0,540600.0,71400.0,371400.0,0,1,0,0,0,0,1,0,1,0,0,0,0,1,0,0
715,1,0,1,1,1,1,1,1,1,0,0,0,0,1045476.0,0.0,1045476.0,1045476.0,0,0,1,0,1,0,0,0,0,0,0,1,0,0,1,0
716,1,0,1,1,1,1,1,1,1,0,0,0,0,1045476.0,0.0,1045476.0,1045476.0,0,0,1,0,1,0,0,0,0,0,0,1,0,0,1,0
718,1,1,1,1,1,1,1,1,1,1,1,0,1,704454.88,491840.37,234643.63,421317.91,0,1,0,0,0,0,1,0,0,1,0,0,0,1,0,0
719,1,1,1,1,0,1,1,0,1,1,1,0,1,174330.0,140920.0,64672.0,171441.0,1,0,0,0,0,1,0,0,1,0,0,0,1,0,0,0
720,1,1,1,1,0,1,1,0,1,1,1,0,1,174330.0,180920.0,24672.0,131441.0,1,0,0,0,0,1,0,0,1,0,0,0,1,0,0,0
721,1,1,1,0,1,0,1,0,1,1,1,0,0,240000.0,0.0,240000.0,240000.0,1,0,0,0,1,0,0,0,0,1,0,0,1,0,0,0
722,0,1,1,0,0,1,1,0,1,0,1,0,0,521983.0,207100.0,315383.0,475383.0,0,1,0,0,0,1,0,0,0,1,0,0,0,1,0,0
723,1,0,1,0,1,1,1,0,0,1,1,0,0,450000.0,208000.0,317000.0,317000.0,0,1,0,0,0,1,0,0,0,1,0,0,0,1,0,0
724,1,1,1,1,1,0,1,0,1,0,1,0,0,1179000.0,824500.0,354500.0,1054500.0,0,0,1,0,0,0,1,0,0,1,0,0,0,0,1,0
725,1,1,1,1,1,0,1,0,1,0,1,0,0,1232574.0,824500.0,408074.0,1108074.0,0,0,1,0,0,0,1,0,0,0,1,0,0,0,1,0
726,1,1,1,0,1,1,1,1,1,1,1,0,0,294394.0,298181.0,9517.0,213574.0,1,0,0,0,0,1,0,0,1,0,0,0,1,0,0,0
727,1,1,1,1,1,1,1,1,1,1,1,0,1,1756000.0,1386925.0,369075.0,695075.0,0,0,0,1,0,0,0,1,0,1,0,0,0,0,1,0
728,1,1,1,1,1,1,1,1,1,1,1,0,0,292676.0,260548.0,49113.0,236613.0,1,0,0,0,0,1,0,0,1,0,0,0,1,0,0,0
729,1,1,1,0,1,1,1,1,1,1,1,0,0,326000.0,159806.0,166194.0,186194.0,1,0,0,0,0,1,0,0,0,1,0,0,1,0,0,0
730,1,1,1,1,1,1,1,1,1,1,1,0,1,386000.0,13200.0,372800.0,372800.0,1,0,0,0,1,0,0,0,0,0,1,0,0,1,0,0
731,1,0,1,1,1,1,1,1,1,1,1,0,0,300000.0,300000.0,0.0,250000.0,1,0,0,0,0,1,0,0,1,0,0,0,1,0,0,0
732,1,1,1,1,1,1,1,1,1,1,1,0,1,3165684.0,2679620.0,1001064.0,1801064.0,0,0,0,1,0,0,0,1,0,0,0,1,0,0,0,1
733,1,1,1,1,0,1,1,0,1,1,1,0,1,2509510.0,2387380.0,264019.0,1762713.0,0,0,0,1,0,0,0,1,0,1,0,0,0,0,0,1
734,1,0,1,0,0,0,1,0,0,1,1,0,1,96000.0,16620.0,79380.0,79380.0,1,0,0,0,1,0,0,0,1,0,0,0,1,0,0,0
735,1,1,1,1,1,1,1,1,1,1,1,1,1,880000.0,536778.28,365250.84,551925.12,0,0,1,0,0,0,1,0,0,1,0,0,0,1,0,0
736,0,0,1,1,0,1,0,1,1,0,0,0,0,343703.0,161000.0,182703.0,182703.0,1,0,0,0,0,1,0,0,0,1,0,0,1,0,0,0
737,0,0,0,0,1,1,1,0,0,1,1,0,0,293000.0,188543.0,148457.0,148457.0,1,0,0,0,0,1,0,0,1,0,0,0,1,0,0,0
738,1,1,1,1,1,1,1,1,1,1,1,0,0,1087000.0,826219.0,326132.0,480132.0,0,0,1,0,0,0,1,0,0,1,0,0,0,1,0,0
740,1,1,1,1,0,1,1,1,1,0,1,0,0,2476523.0,1841891.0,1234632.0,1959632.0,0,0,0,1,0,0,0,1,0,0,0,1,0,0,0,1
741,1,1,1,1,0,1,1,1,1,0,1,0,0,2866000.0,578225.0,2287775.0,2684775.0,0,0,0,1,0,0,1,0,0,0,0,1,0,0,0,1
742,1,1,1,1,1,1,1,1,1,1,1,1,1,1299597.0,1002942.0,350985.0,882099.0,0,0,1,0,0,0,0,1,0,1,0,0,0,0,1,0
743,1,1,1,1,1,1,1,1,1,0,0,0,1,1065000.0,889400.0,220000.0,542000.0,0,0,1,0,0,0,0,1,0,1,0,0,0,1,0,0
744,1,1,1,1,1,1,1,1,1,1,1,0,1,725858.35,0.0,725858.35,725858.35,0,1,0,0,1,0,0,0,0,0,1,0,0,0,1,0
745,1,1,1,0,1,0,0,0,1,0,0,0,0,400000.0,0.0,400000.0,400000.0,1,0,0,0,1,0,0,0,0,0,1,0,0,1,0,0
746,1,1,0,0,1,0,1,0,0,0,0,0,0,2236000.0,1266888.0,972088.0,1172088.0,0,0,0,1,0,0,0,1,0,0,0,1,0,0,0,1
747,0,0,0,0,0,0,0,0,0,0,0,0,0,0.0,0.0,0.0,0.0,1,0,0,0,1,0,0,0,1,0,0,0,1,0,0,0
748,0,0,0,0,0,0,0,0,0,0,0,0,0,80000.0,12000.0,68000.0,68000.0,1,0,0,0,1,0,0,0,1,0,0,0,1,0,0,0
750,0,0,0,0,0,0,0,0,0,0,0,0,0,0.0,0.0,0.0,0.0,1,0,0,0,1,0,0,0,1,0,0,0,1,0,0,0
751,0,0,0,0,0,0,0,0,0,0,0,0,0,0.0,0.0,0.0,0.0,1,0,0,0,1,0,0,0,1,0,0,0,1,0,0,0
752,0,0,0,0,0,0,0,0,0,0,0,0,0,0.0,0.0,0.0,0.0,1,0,0,0,1,0,0,0,1,0,0,0,1,0,0,0
753,0,0,0,0,0,0,0,0,0,0,0,0,0,0.0,0.0,0.0,0.0,1,0,0,0,1,0,0,0,1,0,0,0,1,0,0,0
754,0,0,0,0,0,0,0,0,0,0,0,0,0,831867.0,0.0,831867.0,831867.0,0,0,1,0,1,0,0,0,0,0,0,1,0,0,1,0
755,0,0,0,0,0,0,0,0,0,0,0,0,0,0.0,0.0,0.0,0.0,1,0,0,0,1,0,0,0,1,0,0,0,1,0,0,0
756,0,0,0,0,0,0,0,0,0,0,0,0,0,595218.0,371110.0,233256.0,389711.0,0,1,0,0,0,0,1,0,0,1,0,0,0,1,0,0
757,0,0,0,0,0,0,0,0,0,0,0,0,0,522495.0,333087.0,193180.0,345860.0,0,1,0,0,0,1,0,0,0,1,0,0,0,1,0,0
758,0,0,0,0,0,0,0,0,0,0,0,0,0,449218.0,290227.0,166793.0,314176.0,0,1,0,0,0,1,0,0,0,1,0,0,0,1,0,0
759,0,0,0,0,0,0,0,0,0,0,0,0,0,412854.0,246394.0,174370.0,275955.0,1,0,0,0,0,1,0,0,0,1,0,0,1,0,0,0
760,0,0,0,0,0,0,0,0,0,0,0,0,0,0.0,0.0,0.0,0.0,1,0,0,0,1,0,0,0,1,0,0,0,1,0,0,0
761,0,0,0,0,0,0,0,0,0,0,0,0,0,0.0,0.0,0.0,0.0,1,0,0,0,1,0,0,0,1,0,0,0,1,0,0,0
762,0,0,0,0,0,0,0,0,0,0,0,0,0,0.0,0.0,0.0,0.0,1,0,0,0,1,0,0,0,1,0,0,0,1,0,0,0
763,0,0,0,0,0,0,0,0,0,0,0,0,0,0.0,0.0,0.0,0.0,1,0,0,0,1,0,0,0,1,0,0,0,1,0,0,0
764,1,0,1,0,0,1,1,1,0,0,0,0,1,13761000.0,9724000.0,4037000.0,5637000.0,0,0,0,1,0,0,0,1,0,0,0,1,0,0,0,1
765,0,0,0,0,0,0,0,0,0,0,0,0,0,0.0,0.0,0.0,0.0,1,0,0,0,1,0,0,0,1,0,0,0,1,0,0,0
766,1,1,1,0,1,1,1,0,1,1,1,0,0,700000.0,430000.0,270000.0,520000.0,0,1,0,0,0,0,1,0,0,1,0,0,0,1,0,0
767,1,1,1,1,1,1,0,1,1,1,1,0,0,2200000.0,1967000.0,233000.0,1633000.0,0,0,0,1,0,0,0,1,0,1,0,0,0,0,0,1
768,0,0,0,0,0,0,0,0,0,0,0,0,0,0.0,0.0,0.0,0.0,1,0,0,0,1,0,0,0,1,0,0,0,1,0,0,0
769,0,0,0,0,0,0,0,0,0,0,0,0,0,300000.0,0.0,300000.0,300000.0,1,0,0,0,1,0,0,0,0,1,0,0,0,1,0,0
775,0,0,0,0,0,0,0,0,0,0,0,0,0,109972.28,433016.73,-312291.29,-259497.62,1,0,0,0,0,0,1,0,1,0,0,0,1,0,0,0
778,1,1,1,0,1,1,1,1,1,1,1,0,0,600000.0,443600.0,156400.0,456400.0,0,1,0,0,0,0,1,0,1,0,0,0,0,1,0,0
781,1,1,1,0,1,1,0,1,0,1,1,0,1,2200000.0,1750000.0,450000.0,1100000.0,0,0,0,1,0,0,0,1,0,0,1,0,0,0,1,0
